-- phpMyAdmin SQL Dump
-- version 4.9.7
-- https://www.phpmyadmin.net/
--
-- Servidor: db5000657971.hosting-data.io
-- Tiempo de generación: 29-03-2021 a las 09:48:54
-- Versión del servidor: 5.7.30-log
-- Versión de PHP: 7.0.33-0+deb9u10

SET SQL_MODE = "NO_AUTO_VALUE_ON_ZERO";
SET AUTOCOMMIT = 0;
START TRANSACTION;
SET time_zone = "+00:00";


/*!40101 SET @OLD_CHARACTER_SET_CLIENT=@@CHARACTER_SET_CLIENT */;
/*!40101 SET @OLD_CHARACTER_SET_RESULTS=@@CHARACTER_SET_RESULTS */;
/*!40101 SET @OLD_COLLATION_CONNECTION=@@COLLATION_CONNECTION */;
/*!40101 SET NAMES utf8mb4 */;

--
-- Base de datos: `dbs611712`
--

-- --------------------------------------------------------

--
-- Estructura de tabla para la tabla `alumnos`
--

CREATE TABLE `alumnos` (
  `id_escolar` int(11) DEFAULT NULL,
  `expe_centro` int(11) DEFAULT NULL,
  `passnie` varchar(3) COLLATE utf8_spanish2_ci NOT NULL,
  `dni` varchar(10) COLLATE utf8_spanish2_ci NOT NULL,
  `nombre` varchar(100) COLLATE utf8_spanish2_ci DEFAULT 'NULL',
  `apellidos` varchar(200) COLLATE utf8_spanish2_ci DEFAULT 'NULL',
  `f_nac` date DEFAULT NULL,
  `loc_nac` varchar(100) COLLATE utf8_spanish2_ci DEFAULT 'NULL',
  `prov_nac` varchar(100) COLLATE utf8_spanish2_ci DEFAULT 'NULL',
  `nacionalidad` varchar(50) COLLATE utf8_spanish2_ci NOT NULL DEFAULT '''NULL''',
  `domicilio` varchar(200) COLLATE utf8_spanish2_ci DEFAULT '''NULL''',
  `cp` int(5) DEFAULT NULL,
  `localidad` varchar(100) COLLATE utf8_spanish2_ci DEFAULT 'NULL',
  `provincia` varchar(100) COLLATE utf8_spanish2_ci DEFAULT 'NULL',
  `tel_fijo` int(9) DEFAULT NULL,
  `movil` int(9) DEFAULT NULL,
  `email` varchar(100) COLLATE utf8_spanish2_ci NOT NULL DEFAULT '''NULL''',
  `discapacidad` int(11) DEFAULT NULL,
  `centro_ant` varchar(200) COLLATE utf8_spanish2_ci DEFAULT 'NULL',
  `tit_acceso` varchar(200) COLLATE utf8_spanish2_ci DEFAULT 'NULL',
  `foto` mediumblob,
  `f_proteccion` tinyint(1) DEFAULT NULL,
  `observaciones` text COLLATE utf8_spanish2_ci
) ENGINE=InnoDB AVG_ROW_LENGTH=390 DEFAULT CHARSET=utf8 COLLATE=utf8_spanish2_ci ROW_FORMAT=DYNAMIC;

--
-- Volcado de datos para la tabla `alumnos`
--

INSERT INTO `alumnos` (`id_escolar`, `expe_centro`, `passnie`, `dni`, `nombre`, `apellidos`, `f_nac`, `loc_nac`, `prov_nac`, `nacionalidad`, `domicilio`, `cp`, `localidad`, `provincia`, `tel_fijo`, `movil`, `email`, `discapacidad`, `centro_ant`, `tit_acceso`, `foto`, `f_proteccion`, `observaciones`) VALUES
(NULL, NULL, 'F', '0168580', 'ANA BELEN MANGUE', 'NVO OKOMO', '2001-03-21', 'ATON-NZOMO', 'GUINEA ECUATORIAL', 'GUINEANA', 'VICENTE ALEXANDRE Nº10 BAJO 3', 39012, 'SANTANDER', 'CANTABRIA', NULL, 632945328, 'avemanguemengue@gmail.com', NULL, 'IES ALISAL', 'TECNICO EN SISTEMAS MICROINFORMATICOS Y REDES', NULL, 1, NULL),
(NULL, NULL, 'AV', '026622', 'JUAN DAVID', 'VELASCO BAILÓN', '1996-06-15', 'COLOMBIA', 'COLOMBIA', 'COLOMBIANA', 'AVDA. SANTANDER, 54', 39600, 'LAS PRESAS (HERRERA DE CAMARGO)', 'CANTABRIA', NULL, 698855285, 'juan.velasco096@gmail.com', NULL, '', 'BACHILLERATO HOMOLOGADO', NULL, 1, NULL),
(NULL, NULL, '', '055142328', 'ANDREEA', 'GAVANEANU ', '1999-05-03', 'RUMANIA', 'RUMANIA', 'RUMANA', 'LA HERMIDA ', 39580, 'PEÑARUBIA', 'CANTABRIA', NULL, 690254053, 'andreea.gavaneanu@hotmail.com', NULL, 'IES JESUS DEL MONASTERIO (POTES)', 'BACHILLER HOMOLOGADO', NULL, 1, NULL),
(NULL, NULL, 'AAC', '088492', 'FABRICIO EZEQUIEL', 'MARQUEZ', '1997-08-25', 'CORRIENTES', 'CORRIENTES', 'ARGENTINA', 'AVENIDA LOS CASTROS 121 10D', 39005, 'SANTANDER', 'CANTABRIA', NULL, 621310855, 'fabri11-03@hotmail.com', NULL, 'HERNAN CORTES', 'TECNICO GESTION ADMINISTRATIVA', NULL, 1, NULL),
(NULL, NULL, 'Y', '1007952Z', 'YELCO', 'MAIA GARCIA', '2004-07-08', 'TENERIFE', 'TENERIFE', 'PORTUGUESA', 'MENENDEZ PELAYO 8 3-A', 39006, 'SANTANDER', 'CANTABRIA', NULL, 648194726, 'elsayelco2017@gmail.com', NULL, 'COMPAÑIA DE MARIA - LA ENSEÑANZA', 'ESO', NULL, 0, NULL),
(NULL, NULL, '', '10087612L', 'ANA BELEN', 'YGON ABELLA', '1973-05-20', 'FONTORIA DEL BIERZO', 'CANTABRIA', 'ESPAÑOLA', 'C- LUIS QUINTANILLA ISASI 66 1º E', 39011, 'SANTANDER', 'ESPAÑA', NULL, 626816199, '', NULL, '', 'CFGM DE FP GESTIÓN ADMINISTRATIVA', '', 1, NULL),
(NULL, NULL, '', '116451679', 'MARIA PAOLA', 'CALIENES SALAZAR', '1996-12-24', 'AREQUIPA', 'PERU', 'PERUANA', 'CALLE SOL 17 4 IZ', 39003, 'SANTANDER', 'CANTABRIA', NULL, 645390299, 'mariapaolacalienessalazar@gmail.com', NULL, '', 'BACHILLER HOMOLOGADO', NULL, 1, NULL),
(NULL, NULL, '', '116624383P', 'MAURO RODRIGO', 'PALMA CARO', '2000-10-15', 'LIMA', 'PERÚ', 'PERUANA', 'AVDA,NUEVA MONTAÑA, 12, 2º A', 39011, 'SANTANDER', 'PERU', NULL, 600655096, 'maurorodrigopc@hotmail.com', NULL, 'PERU', 'PENDIENTE HOMOLOGACIÓN BACHILLERATO', NULL, 0, NULL),
(NULL, NULL, '', '116811020', 'LUCIA INGRID ', 'BAZAN AGUIRRE', '1997-10-04', 'HUANUCO', 'HUANUCO', 'PERUANA', 'CARDENAL CISNERO 87, 6ºA', 39007, 'SANTANDER', 'CANTABRIA', NULL, 644296988, 'INGRIDBA02@GMAIL.COM', NULL, 'PERU', 'BACHILLER HOMOLOGADO', NULL, 1, NULL),
(NULL, NULL, 'p', '118283998', 'PIERO ARMANDO', 'CARO PALACIOS', '2002-03-24', 'LIMA', 'LIMA', 'PERUANA', 'CALLE CARMEN BRAVO VILLASANTE 4C 4D', 39011, 'SANTANDER', 'CANTABRIA', NULL, 600655096, 'leosol18@hotmail.com', NULL, '', 'BACHILLER HOMOLOGADO', NULL, 0, NULL),
(NULL, NULL, '', '12418964E', 'EDUARDO', 'ARGUESO SANCHEZ', '1991-04-23', 'VALLADOLID', 'VALLADOLID', 'ESPAÑOLA', 'C- MIES DE PALACIO 302', 39300, 'TORRELAVEGA', 'ESPAÑA', NULL, 646826770, 'eduardo.a.s@hotmail.es', NULL, 'IES ANTONIO TOVAR', 'ESO', NULL, 1, NULL),
(NULL, NULL, '', '12782657Q', 'MARCO', 'CARULLA RUIZ', '2000-12-05', 'SANTANDER', 'CANTABRIA', 'ESPAÑOLA', 'C-VALDENOJA Nº14-3ºC', 39012, 'SANTANDER', 'ESPAÑA', 617955608, 697603363, 'marcocarullaruiz12@hotmail.com', NULL, NULL, NULL, NULL, 0, NULL),
(NULL, NULL, '', '13756588N', 'MERCEDES', 'DIAZ RABAGO', '1964-06-18', 'SANTANDER', 'CANTABRIA', 'ESPAÑOLA', 'C/ MARQUES DE LA HERMIDA 72R 6º D', 39009, 'SAN', '', NULL, NULL, '', NULL, '', '', NULL, 0, NULL),
(NULL, NULL, '', '13757455M', 'INMACULADA', 'SANTAMARÍA FLEITAS', '1966-09-25', 'GIJÓN', 'ASTURIAS', 'ESPAÑOLA', 'C- MIES DEL VALLE 5, 7º I', 39010, 'SANTANDER', 'ESPAÑA', NULL, 607852211, 'insafle455@hotmail.com', NULL, 'UNED', 'LICENCIADA EN PSICOLOGÍA', NULL, 0, NULL),
(NULL, NULL, '', '13768470A', 'MARIA', 'LASTRA GARCIA-BARON', '1967-06-09', 'SANTANDER', 'CANTABRIA', 'ESPAÑOLA', 'C/ FERNANDEZ DE ISLA Nº9 2º IZDA', 39008, 'SANTANDER', 'CANTABRIA', NULL, 605882762, 'DEVARUAMAYOR9@YAHOO.ES', NULL, 'SANTA CLARA', 'BACHILLER HOMOLOGADO', NULL, 1, NULL),
(NULL, NULL, '', '13769770S', 'MERCEDES', 'RUIZ GONZALEZ', '1966-10-09', 'SANTANDER', 'CANTABRIA', 'ESPAÑOLA', 'C/ALFERECES PROVISIONALES 7 9ºD', 39009, 'SANTANDER', 'CANTABRIA', NULL, 607607417, 'NUMEROSIMPARES@YAHOO.ES', NULL, '', 'CUIDADOS AUXILIARES DE ENFERMERIA', NULL, 1, NULL),
(NULL, NULL, '', '13771937C', 'GERMÁN', 'BAYON SANZ', '1967-05-26', 'SANTANDER', 'CANTABRIA', 'ESPAÑOLA', 'Bº EL JURRIO, 23 C, PORTAL 2 BAJO I', 39612, 'PARBAYÓN', 'ESPAÑA', NULL, 647689913, 'germanbs@outlook.com', NULL, 'UNIVERSIDAD DE CANTABRIA', 'LICENCIADO EN CIENCIAS ECONOMICAS Y EMPRESARIALES', NULL, 0, NULL),
(NULL, NULL, '', '13775963K', 'MARIA JESÚS', 'TRUEBA BLANCO', '1968-09-17', 'SANTANDER', 'CANTABRIA', 'ESPAÑOLA', 'RAMON RAMIREZ, 2 3ºC', 39100, 'BEZANA', 'ESPAÑA', NULL, 676237168, '', NULL, 'IES LA ALBERICIA', 'BACHILLERATO', NULL, 0, NULL),
(NULL, NULL, '', '13776984F', 'JOSÉ ANTONIO', 'JIMÉNEZ JIMÉNEZ', '1966-04-14', 'VIGO', 'PONTEVEDRA', 'ESPAÑOLA', 'FRANCISO ITURRINO 28 2ºIZDA', 39011, 'SANTANDER', 'ESPAÑA', NULL, 639711030, '', NULL, NULL, NULL, NULL, 0, NULL),
(NULL, NULL, '', '13780879S', 'CARIDAD MATILDE', 'LAVÍN MONET', '1969-09-01', 'SANTANDER', 'CANTABRIA', 'ESPAÑOLA', 'C- TRASNOVAL, S-N', 39722, 'LIÉRGANES', 'ESPAÑA', NULL, 626012031, 'lavinmat@gmail.com', NULL, 'UNIVERSIDAD DE VALLADOLID', 'LDA. CIENCIAS ECONÓMICAS Y EMPRESARIALES', NULL, 0, NULL),
(NULL, NULL, '', '13794392G', 'MATILDE', 'BUENA SANCHEZ', '1970-03-14', 'SANTANDER', 'CANTABRIA', 'ESPAÑOLA', 'C- TRES DE NOVIEMBRE 1D- ESC B-2ºA', 39008, 'SANTANDER', 'ESPAÑA', NULL, 633729509, 'matibusan@gmail.com.', NULL, 'IES TORRES QUEVEDO', 'BACHILLER', NULL, 0, NULL),
(NULL, NULL, '', '13796621W', 'MARIA ANGELES', 'MENDOZA BUJANDA', '1971-06-19', 'SANTANDER', 'CANTABRIA', 'ESPAÑOLA', 'MARIA CRISTINA PORTAL 3B 4-B', 39001, 'SANTANDER', 'CANTABRIA', 942312055, 616111927, 'marian71mb@gmail.com', NULL, '', 'BACHILLER', NULL, 1, NULL),
(NULL, NULL, '', '13919165W', 'ESMERALDA', 'MARTÍN VELARDE', '1965-08-03', 'TORRELAVEGA', 'CANTABRIA', 'ESPAÑOLA', 'BARRIO SEVILLA Nº 60', 39409, 'SAN FELICES DE BUELNA', 'ESPAÑA', NULL, 601433461, 'martin.esmeralda@gmail.com', NULL, NULL, 'F.P. SEGUNDO GRADO RAMA ADMINISTRATIVA Y COMERCIAL', NULL, 0, NULL),
(NULL, NULL, '', '13931007E', 'MARÍA DEL PILAR', 'MARTINEZ VELARDE', '1970-05-23', 'FRANKFURT', 'ALEMANIA', 'ALEMANA', 'BARRIO RADILLO Nº 119 A', 39315, 'VIERNOLES', 'ALEMANIA', NULL, 677029213, 'pilarmartinezvelarde@hotmail.com', NULL, 'IES FORAMONTANOS', 'TÉCNICA SUPERIOR EN ADMINISTRACIÓN Y FINANZAS', NULL, 0, NULL),
(NULL, NULL, '', '13932808Y', 'Mª ANGELES', 'ECHAVE GARCIA', '1970-05-02', 'LLANES', 'ASTURIAS', 'ESPAÑOLA', 'EL MAZO S/N', 33579, 'PEÑAMELLERA BAJA', 'ASTURIAS', NULL, 619062127, 'becha2020@hotmail.com', NULL, '', 'BACHILLER', NULL, 1, NULL),
(NULL, NULL, '', '13941964P', 'CONSTANTINO', 'MARTINEZ PALACIOS', '1974-04-12', 'TORRELAVEGA', 'CANTABRIA', 'ESPAÑOLA', 'BARRIO EL PONTON 177A 10', NULL, 'PONTEJOS. MARINA DE CUDEYO', 'ESPAÑA', NULL, 649446073, '', NULL, NULL, 'DIPLOMADO EN CIENCIAS EMPRESARIALES', NULL, 0, NULL),
(NULL, NULL, '', '13980726S', 'RAQUEL', 'ALONSO FERNANDEZ', '1973-10-10', 'BARCENA DE PIE DE CONCHA', 'CANTABRIA', 'ESPAÑOLA', 'CALLE LOS CASTROS 5', 39420, 'BARCENA DE PIE DE CONCHA', 'CANTABRIA', NULL, 627728566, 'cantabralonso@hotmail.es', NULL, '', 'Oferta modular', NULL, 1, NULL),
(NULL, NULL, '', '13981946Q', 'GUADALUPE', 'SANCHEZ SANCHEZ', '1976-04-17', 'SANTA Mª DE CAYÓN ', 'CANTABRIA', 'ESPAÑOLA', 'AVDA DERECHOS DE LA INFANCIA Nº14C - 3B', 39340, 'SUANCES', 'CANTABRIA', NULL, 690667843, 'snchezguadalupe17@gmail.com', NULL, 'IES BESAYA', 'BACHILLER', NULL, 1, NULL),
(NULL, NULL, '', '20190667W', 'OSCAR', 'VALDES GARAY', '1972-05-02', 'SANTANDER', 'CANTABRIA', 'ESPAÑOLA', 'CALLE CAMILO ALONSO VEGA 25 1DCHA', 39007, 'SANTANDER', 'ESPAÑA', NULL, 625595541, 'o.v.g.1972@hotmail.com', NULL, NULL, 'PRUEBA DE ACCESO MAYORES DE 25 AÑOS', NULL, 0, NULL),
(NULL, NULL, '', '20193571P', 'ANA ISABEL', 'GARCÍA GARCÍA', '1973-01-09', 'SANTANDER', 'CANTABRIA', 'ESPAÑOLA', 'BAJADA DE SAN JUAN 20 4ºC', 39005, 'SANTANDER', 'ESPAÑA', NULL, 687837588, 'anagargar@yahoo.es', NULL, 'COLEGIO SAN JOSE', 'BACHILLER', NULL, 0, NULL),
(NULL, NULL, '', '20195088F', 'Roberto', 'Hernandez Blanco', '1973-07-09', 'Santander', 'CANTABRIA', 'Española', 'Calle alta 60 ', 39008, 'Santander', 'CANTABRIA', 667743229, NULL, 'robherblanc@gmail.com', NULL, 'Colegio Puente', 'Auxiliar Administrativo', NULL, 1, NULL),
(NULL, NULL, '', '20196563X', 'MARIA ISABEL', 'LAVÍN FERNÁNDEZ', '1967-02-15', 'SAN ROQUE DE RIOMIERA', 'CANTABRIA', 'ESPAÑOLA', 'C-MONTE 22 1DCHA', 39006, 'SANTANDER', 'ESPAÑA', 684324772, 630788483, 'isabellavin12@gmail.com', NULL, 'CENTRO EDUCACIÓN PERSONAS ADULTAS', 'ESO', NULL, 0, NULL),
(NULL, NULL, '', '20197157Y', 'JOSÉ LUIS', 'RIVERO MERINO', '1974-06-21', 'SANTANDER', 'CANTABRIA', 'ESPAÑOLA', 'C- FRANCISCO RIVAS MORENO 2, 3º C', 39011, 'SANTANDER', 'ESPAÑA', NULL, 633076825, '', NULL, NULL, 'CFGM CUIDADOS AUXILIARES DE ENFERMERIA', NULL, 0, NULL),
(NULL, NULL, '', '20197478M', 'LAURA', 'GARRIDO CEA GARCIA', '1976-03-03', 'SANTANDER', 'CANTABRIA', 'ESPAÑOLA', 'POMALUENGO 110 11', 39660, 'CASTAÑEDA', 'ESPAÑA', NULL, 606895529, '', NULL, 'UNIVERSIDAD CANTABRIA', 'LICENCIADA ADE', NULL, 0, NULL),
(NULL, NULL, '', '20198259G', 'ANA MARTA', 'FERNÁNDEZ FERNÁNDEZ', '1969-05-27', 'SANTANDER', 'CANTABRIA', 'ESPAÑOLA', 'C- AUGUSTO GONZÁLEZ LINARES, 9, 3º', 39006, 'SANTANDER', 'ESPAÑA', NULL, 675015804, 'anff1969@yahoo.es', NULL, 'IES ALISAL', 'TS ESTÉTICA Y BIENESTAR PERSONAL', NULL, 0, NULL),
(NULL, NULL, '', '20204640Z', 'OLGA ENRIQUETA', 'VELASCO SOTO', '1974-01-08', 'SANTANDER', 'CANTABRIA', 'ESPAÑOLA', 'Bª BOLADO, 2 B, CASA 5', 39608, 'HERRERA DE CAMARGO', 'ESPAÑA', NULL, 687883527, 'olgavsv@hotmail.com', NULL, 'IES ALISAL', 'FP II TEC, ESP. INFORMATICA DE GESTIÓN', NULL, 0, NULL),
(NULL, NULL, '', '20210691Q', 'CRISTINA', 'BEZANILLA BOLADO', '1975-11-13', 'SANTANDER', 'CANTABRIA', 'ESPAÑOLA', 'C- FLORANES 23, 1º B', 39010, 'SANTANDER', 'ESPAÑA', NULL, 606084236, '', NULL, 'UC', 'DIPLOMADA EN CIENCIAS EMPRESARIALES', NULL, 0, NULL),
(NULL, NULL, '', '20214265W', 'SONIA', 'COBO SÁNCHEZ', '1976-04-30', 'SANTANDER', 'CANTABRIA', 'ESPAÑOLA', 'C- GENERAL MOSCARDÓ, 4, 3º A', 39009, 'SANTANDER', 'ESPAÑA', 942311995, 679409918, 's.cobosanchez@gmail.com', NULL, NULL, 'OFERTA MODULAR', NULL, 0, NULL),
(NULL, NULL, '', '20216357R', 'MARIA JESUS', 'GOMEZ SANDOVAL', '1976-01-26', 'SANTANDER', 'CANTABRIA', 'ESPAÑOLA', 'LUIS QUINTANILLA ISASI 12B 4A', 39011, 'SANTANDER', 'CANTABRIA', NULL, 685354250, 'majeda31@hotmail.com', NULL, '', 'PRUEBA ACCESO UNIVERSIDAD', NULL, 1, NULL),
(NULL, NULL, '', '20219017Q', 'Mª DEL CARMEN', 'MENDIGUREN PELAYO', '1975-03-26', 'SANTANDER', 'CANTABRIA', 'ESPAÑOLA', 'C- GUTIERREZ SOLANA Nº 7-5ºD', 39011, 'SANTANDER', 'ESPAÑA', 942140461, 635343128, 'maicamendi@hotmail.com', NULL, 'UNED', 'ACCESO A MAYORES DE 25 AÑOS', NULL, 0, NULL),
(NULL, NULL, '', '20219872C', 'ARANZAZU', 'MARTINEZ RODRIGUEZ', '1974-07-31', 'SANTANDER', 'CANTABRIA', 'ESPAÑOLA', 'CALLE ALTA 123 3IZQ', 39008, 'SANTANDER', 'CANTABRIA', NULL, 648945434, 'aranmartinez40@gmail.com', NULL, '', '', NULL, 1, NULL),
(NULL, NULL, '', '21140835V', 'PAULA', 'RODRIGUEZ ARNAIZ', '2001-05-24', 'CILLORIGO DE LIEBANA', 'CANTABRIA', 'ESPAÑOLA', 'URB. SONOZAL BL.1 CHALET 5', 39584, 'OJEDO', 'CANTABRIA', NULL, 609119929, 'paularodriguezarnaiz@hotmail.com', NULL, 'MARIA INMACULADA', 'GRADO MEDIO ATENCIÓN A PERSONAS EN SITUACIÓN DE DEPENDENCIA', NULL, 1, NULL),
(NULL, NULL, '', '21142623B', 'NADIA', 'TARDIO CORDERO', '2001-08-17', 'ASTILLERO', 'CANTABRIA', 'ESPAÑOLA', 'BARRIO OBRERO Nº6 1ºIZQ', 39610, 'ASTILLERO', 'CANTABRIA', NULL, 671931603, 'nadyatic4a@gmail.com', NULL, 'COLEGIO TORREANAZ', 'GRADO MEDIO CUIDADOS AUXILIARES DE ENFERMERIA', NULL, 1, NULL),
(NULL, NULL, '', '23501452N', 'PAULA ANDREA', NULL, '1973-11-15', 'ROSARIO (ARGENTINA)', NULL, 'ARGENTINA', 'CARDENAL CISNEROS, 95, 5º IZ.', 39009, 'SANTANDER', 'ARGENTINA', NULL, 634871997, 'paularolon9@hotmail.com', NULL, NULL, 'PENDIENTE DE HOMOLOGACIÓN DE BACHILLERATO', NULL, 0, NULL),
(NULL, NULL, '', '26571610D', 'Ulises', 'Torralba Seisdedos', '2003-03-09', 'Cuenca', 'Cuenca', 'Española', 'General Dávila nº91 (Centro Caif)', 39006, 'Santander', 'Cantabria', 942231463, NULL, 'icass.caifunidad2@cantabria.es', NULL, '', '2 Eso', NULL, 1, NULL),
(NULL, NULL, '', '29212622T', 'MARIANA', 'SINOBAS FERNÁNDEZ', '1976-10-15', 'CARACAS', 'VENEZUELA', 'VENEZOLANA', 'CALLE ANTONIO MENDOZA 58 P1 DR', 39007, 'SANTANDER', 'VENEZUELA', NULL, 657612676, 'msf15101976@gmail.com', NULL, 'I.E.S JOSE MARIA PEREDA', 'ESO', NULL, 0, NULL),
(NULL, NULL, '', '30605552G', 'MARIA DEL MAR', 'FERNÁNDEZ FERNÁNDEZ', '1964-09-09', 'MOGROVEJO', 'CANTABRIA', 'ESPAÑOLA', 'BARRIO LAREDO 21', 39609, 'CAMARGO', 'ESPAÑA', NULL, 658560264, '', NULL, 'IES SANTA CLARA', 'TÉCNICO EN ATENCIÓN SOCIOSANITARIA', NULL, 0, NULL),
(NULL, NULL, 'X', '3123652E', 'MAYRA', 'LICONA SORIA', '1990-07-26', 'COCHABANBA', 'COCHABANBA', 'BOLIVIANA', 'C/JUSTICIA Nº4 -2ºD', 39008, 'SANTANDER', 'CANTABRIA', NULL, 699381431, 'mayra.a.licona@gmail.com', NULL, 'CEINMARK', 'CFGS ADMINISTRACIÓN Y FINANZAS', NULL, 1, NULL),
(NULL, NULL, '', '39489458E', 'BLANCA', 'NAVA MORENO', '1999-08-13', 'VIGO', 'PONTEVEDRA', 'ESPAÑOLA', 'AVENIDA CANTABRIA 17-A 4 IZQUIERDA', 39012, 'SANTANDER', 'CANTABRIA', NULL, 633266997, 'blancanavamoreno@gmail.com', NULL, 'SALUX INGIRMORUN', 'GRADO MEDIO EMERGENCIAS SANITARIAS', NULL, 1, NULL),
(NULL, NULL, 'Y', '4167081R', 'RICARDO', 'MEDINA TOBAR', '1988-02-26', 'COLOMBIA', 'COLOMBIA', 'COLOMBIANA', 'CALLE ANDRES DEL RIO N7', 39004, 'SANTANDER', 'CANTABRIA', NULL, 633327318, 'ricardomedina2602@gmail.com', NULL, '', 'BACHILLER HOMOLOGADO', NULL, 0, NULL),
(NULL, NULL, '', '42259097R', 'CHRISTIAN', 'JIMÉNEZ ALONSO', '1999-10-08', 'LAS PALMAS DE GRAN CANARIA', 'LAS PALMAS', 'ESPAÑOLA', 'BARRIO LA GESA 123A Nº3', 39626, 'SAN ROMÁN DE CAYÓN', 'ESPAÑA', NULL, 608679227, 'chrisjial5@gmail.com', NULL, 'ACADEMIA CRESPO', 'TÉCNICO SISTEMAS MICROINFORMÁTICOS Y REDES', NULL, 0, NULL),
(NULL, NULL, 'Y', '4548708N', 'FLAVIELE CRISTINE ', 'OLIVEIRA DO ROSARIO ', '2002-08-02', 'CANTABRIA', 'CANTABRIA', 'BRASIL', 'AVENIDA DE OVIEDO Nº 9 E 2C', 39710, 'SANTANDER', 'CANTABRIA', NULL, 611162528, '', NULL, 'CENTRO DE ESTUDIOS CEINMARK', 'EDUCACION SECUNDARIA', NULL, 1, NULL),
(NULL, NULL, '', '47783676A', 'CATERINA', 'LOZANO BESALDUCH', '1992-03-01', 'BARCELONA', 'BARCELONA', 'ESPAÑOLA', 'CALLE CAJO N1 PORTAL 9 4IZ', 39011, 'SANTANDER', 'CANTABRIA', NULL, 616702404, 'KATY_LB92@HOTMAIL.COM', NULL, '', 'GRADO MEDIO GESTION ADMINISTRATIVA', NULL, 1, NULL),
(NULL, NULL, '', '49074440F', 'MARTA', 'RIO RODRÍGUEZ', '1991-08-08', 'SANTANDER', 'CANTABRIA', 'ESPAÑOLA', 'C- COLOMBIA 7, 2º IZ', 39008, 'SANTANDER', 'ESPAÑA', NULL, 605468550, 'martario447@gmail.com', NULL, 'INSTITUTO JORGE JUÁN (CÁDIZ)', 'BACHILLER - HUMANIDADES Y CIENCIAS SOCIALES', NULL, 0, NULL),
(NULL, NULL, '', '49115061X', 'PEDRO', 'JURADO BELLIDO', '1999-10-06', 'HUELVA', 'HUELVA', 'ESPAÑOLA', 'VICENTE ALEIXANDRE Nº1 3ºB', 39012, 'SANTANDER', 'ESPAÑA', NULL, 722327540, 'mjose-bellido@hotmail.es', NULL, 'IES SAN SEBASTIÁN', 'TÉCNICO EN SISTEMAS MICROINFORMÁTICOS Y REDES', NULL, 0, NULL),
(NULL, NULL, '', '49129221W', 'CRISTHIAN DAVID', 'ORTEGA GALLEGO', '2001-10-16', 'SEVILLA', 'SEVILLA', 'ESPAÑOLA', 'C-SANTIAGO EL MAYOR, Nº 70, BAJO DH', 39010, 'SANTANDER (NUEVA MONTAÑA)', 'ESPAÑA', NULL, 638030157, '', NULL, 'JESÚS DEL GRAN PODER (SEVILLA)', '2º ESO', NULL, 0, NULL),
(NULL, NULL, 'AW', '497598', 'ROGER ANDRES', 'PEREZ BARRIOS', '2003-10-22', 'BARRANQUILLA', 'COLOMBIA', 'COLOMBIANA', 'SAN MARTIN DEL PINO 16 BLOQUE 15 1D', 39011, 'SANTANDER', 'CANTABRIA', NULL, 665731557, 'rogerperezz2003@gmail.com', NULL, '', 'BACHILLER HOMOLOGADO', NULL, 1, NULL),
(NULL, NULL, 'Y', '4987828Q', 'IMANE', 'EL MAGHNAOUI', '2003-08-07', 'FEZ', 'FEZ', 'MARROQUÍ', 'C/PLAZA LEONOR DE LA VEGA Nº4- P6A', 39300, 'TORRELAVEGA', 'CANTABRIA', NULL, 602097386, 'imanefirra@gmail.com', NULL, 'MARQUES DE SANTILLANA', '4ºESO', NULL, 1, NULL),
(NULL, NULL, '09', '51263029', 'JARED ', 'ROMAN CANALES', '1994-01-25', 'ECUADOR', 'ECUADOR', 'ECUATORIANA', 'C/ MIGUEL DE UNAMUNO Nº 24 5º D', 39012, 'SANTANDER', 'CANTABRIA', NULL, 603528879, 'JAREDROMAN94@OUTLOOK.COM', NULL, 'COLEGIO PARTICULAR MIXTO MUNDO AMERICA', 'BACHILLER HOMOLOGADO', NULL, 1, NULL),
(NULL, NULL, 'Y', '5214483Y', 'RUYSDAEL DARWIN', 'CHACA YAURI', '1988-09-23', 'LIMA', 'LIMA', 'PERUANA', 'CALLE FLORANES 60 4-A', 39010, 'SANTANDER', 'CANTABRIA', NULL, 693990101, 'darwin_rcy@outlook.com', NULL, '', 'BACHILLER HOMOLOGADO', NULL, 1, NULL),
(NULL, NULL, '', '524714WE', 'CZXCZXC', 'XCXCZX', '2020-07-13', 'CZXCZX', 'ZXCCZX', 'ZXCZXC', 'CZCZX', 39300, 'XCZXC', '', 59546547, 246546546, 'crespod@ceinmark.net', NULL, 'xcvzxcv', 'xcbzxc', NULL, 1, NULL),
(NULL, NULL, 'Y', '5318447X', 'ABDELLAH', 'ROUIHA', '1994-06-17', 'CASA BLANCA', 'CASA BLANCA', 'MARROQUÍ', 'CANALEJAS 40 1ºC', 39004, 'SANTANDER', 'CANTABRIA', NULL, 605171756, 'ADDOROUIHA11@GMAIL.COM', NULL, 'MARRUECOS', 'ESO', NULL, 1, NULL),
(NULL, NULL, '', '53703047W', 'GABRIELA', 'TEJA ÁLVAREZ', '1999-12-06', 'SANTANDER', 'CANTABRIA', 'ESPAÑOLA', 'C- RUALASAL, 6, 7º IZQ.', 39001, 'SANTANDER', 'ESPAÑA', NULL, 626845882, 'aditagabi@gmail.com', NULL, 'IES SANTA CLARA', 'BACHILLERATO', NULL, 0, NULL),
(NULL, NULL, '', '54482150A', 'STEVENSON FELIPE', 'DE LA CRUZ MUÑOZ', '2000-06-26', 'REPUBLICA DOMINICANA', 'REPUBLICA DOMINICANA', 'DOMINICANA', 'CALLE MAESTRO LUCIO MEDIAVILLA 1 1C', 39300, 'TORRELAVEGA', 'REPUBLICA DOMINICANA', NULL, 698717531, 'iamstevensonf@gmail.com', NULL, NULL, 'HOMOLOGACION BALLICHER (PENDIENTE)', NULL, 0, NULL),
(NULL, NULL, '', '55547Pa', 'María', 'Gutiérrez', '1990-03-08', 'Santander', 'Cantabria', '', '', 39007, '', '', NULL, NULL, '', NULL, '', '', NULL, 0, NULL),
(NULL, NULL, '', '557847AW', 'CLAUDIA LORENA', ' LOPEZ MEDINA', '1991-03-06', 'QUIMBAYA', 'QUINDIO', 'COLOMBIANA', 'C/ PROFESOR JIMENEZ DIAZ, 13, 4I', 39007, 'SANTANDER', 'CANTABRIA', NULL, 622505152, 'loremedina65@yahoo.com', NULL, 'BACHILLER EN COLOMBIA', 'BACHILLERATO HOMOLOGADO', NULL, 1, NULL),
(NULL, NULL, 'X', '6195402F', 'SOUNDOUSS', 'OUAZZANI', '1989-05-17', 'MARRUECOS', 'MARRUECOS', 'MARRUECOS', 'C/NAVARRO Nº 1 1º DCHA', 39007, 'SANTANDER', 'CANTABRIA', NULL, 722225398, 'CHAIERI2013@GMAIL.COM', NULL, 'CEINMARK', 'ESO', NULL, 1, NULL),
(NULL, NULL, 'Y', '6679538F', 'EZEQUIEL ', 'SANCHEZ ALONSO', '1989-12-12', 'VENEZUELA', 'VENEZUELA', ' VENEZUELA', 'C/ GENERAL DAVILA 208 P 9C', 39007, 'SANTANDER', 'CANTABRIA', NULL, 633894828, 'ESANCHEZALONSO@CEINMARK.NET', NULL, 'CEINMARK', 'GRADO SUPERIOR ADMINISTRACION Y FINANZAS', NULL, 1, NULL),
(NULL, NULL, 'Y', '6888543B', 'RODRIGO GERARDO', 'SANTAMARIA MARTINEZ', '1999-10-24', 'EL SALVADOR', 'LA LIBERTAD', 'SALVADOREÑA', 'AVENIDA VICENTE TRUEBA N8', 39011, 'SANTANDER', 'CANTABRIA', NULL, 620116402, 'rodrigo.santa11@gmail.com', NULL, '', 'BACHILLER HOMOLOGADO', NULL, 1, NULL),
(NULL, NULL, 'Y', '6915281T', 'MYRIAM JANETH', 'CONSUEGRA ARCINIEGAS', '1965-07-17', 'BOGOTA', 'BOGOTA', 'VENEZOLANA', 'MANUEL VELEZ 11C', 39011, 'SANTANDER', 'CANTABRIA', NULL, 653109196, 'consuegra.j2019@gmail.com', NULL, '', 'BACHILLER HOMOLOGADO', NULL, 1, NULL),
(NULL, NULL, 'Y', '6932566N', 'MARIANA', 'BORDEI', '1995-03-30', 'MOLDAVIA', 'MOLDAVIA', 'RUMANA', 'GUTIERREZ SOLANA 34 1IZQ', 39011, 'SANTANDER', 'CANTABRIA', NULL, 631223624, 'MARIANA.BORDEI03@GMAIL.COM', NULL, '', 'BACHILLER HOMOLOGADO', NULL, 1, NULL),
(NULL, NULL, '', '71356956P', 'SUSANA', 'MAROTO CASTAÑO', '1994-01-21', 'VALDEPEÑAS', 'CIUDAD REAL', 'ESPAÑOLA', 'FERIA DEL VINO N.1 PISO 2 B', 13300, 'VALDEPEÑAS', 'CIUDAD REAL', NULL, 625272119, 'SMAROTO625@GMAIL.COM', NULL, 'IES ATENEA CIUDAD REAL', 'GRADO SUPERIOR DE INTEGRACIÓN SOCIAL', NULL, 1, NULL),
(NULL, NULL, '', '71743869S', 'XUAN', 'GÓMEZ CREGO', '2000-08-07', 'CANGAS DEL NARCEA', 'ASTURIAS', 'ESPAÑOLA', 'LIMES 101', 33817, 'CANGAS DEL NARCEA', 'ESPAÑA', NULL, 618096892, 'xuan.123123123@gmail.com', NULL, 'IES CANGAS DEL NARCEA', 'BACHILLER', NULL, 0, NULL),
(NULL, NULL, 'Y', '7176126W', 'SHIRLEY', 'SANCHEZ VIDAL', '1993-08-17', 'ASUNCIÓN', 'PARAGUAY', 'PARAGUAY', 'C/ ESTUDIANTES 14 2º IZDA', 39006, 'SANTANDER', 'CANTABRIA', NULL, 674514536, 'SHIRLEYSANZ_93@HOTMAIL.COM', NULL, '', '', NULL, 1, NULL),
(NULL, NULL, '', '71814645C', 'GARIS ESTHEFANNY', 'AGUIÑO VILLAREAL', '1989-10-26', 'BUENAVENTURA VALLE DEL CAUCA', 'COLOMBIA', 'COLOMBIANA', 'CALLE HERMANOS CALDERON 22 1DCHA', 39011, 'SANTANDER', 'COLOMBIA', NULL, 636828793, 'garis_col@hotmail.com', NULL, NULL, 'CFGM GESTION ADMINISTRATIVA', NULL, 0, NULL),
(NULL, NULL, '', '71898170D', 'LETICIA', 'LÓPEZ GARCÍA', '1988-12-21', 'AVILÉS', 'ASTURIAS', 'ESPAÑOLA', 'C- CUESTA DEL HOSPITAL, Nº 2, 2º D', 39008, 'SANTANDER', 'ESPAÑA', NULL, 626750583, 'leticialg@hotmail.es', NULL, 'COLEGIO PAULA FRASSINETTI', 'BACHILLERATO', NULL, 0, NULL),
(NULL, NULL, '', '72000000W', 'FABRICIO EZEQUIEL', 'MARQUEZ', '1997-08-25', 'CORRIENTES', 'CORRIENTES', 'ARGENTINA', 'AVENIDA LOS CASTROS 121 10D', 39005, 'SANTANDER', 'CANTABRIA', NULL, 621310855, 'fabri11-03@hotmail.com', NULL, 'HERNAN CORTES', 'TECNICO GESTION ADMINISTRATIVA', NULL, 1, NULL),
(NULL, NULL, '', '720170930N', 'LAURA', 'PÉREZ FERNÁNDEZ', '1988-12-18', 'SANTANDER', 'CANTABRIA', 'ESPAÑOLA', 'AVDA. MARQUÉS DE VALDECILLA, 149,', 39110, 'SOTO DE LA MARINA', 'ESPAÑA', NULL, 628164796, 'laurapf18@hotmail.com', NULL, 'IES LA ALBERICIA', 'GRADO SUPERIOR EN DISEÑO Y PRODUCCIÓN EDITORIAL', NULL, 0, NULL),
(NULL, NULL, '', '72036567S', 'MARINA', 'SUÁREZ CRUZ', '1982-05-10', 'SANTANDER', 'CANTABRIA', 'ESPAÑOLA', 'CALLE ALTA 14 P1 IZ', 39008, 'SANTANDER', 'ESPAÑA', NULL, 652145619, 'mscruz_82@hotmail.com', NULL, NULL, 'CFGM CUIDADOS AUXILIARES DE ENFERMERIA', NULL, 0, NULL),
(NULL, NULL, '', '72038406Z', 'STELA', 'LAHERA FELIPE', '1978-10-20', 'SANTANDER', 'CANTABRIA', 'ESPAÑOLA', NULL, 39600, 'MALIAÑO', 'ESPAÑA', NULL, 600309717, 'ego@ono.com', NULL, 'IES SANTA CLARA', 'BACHILLER', NULL, 0, NULL),
(NULL, NULL, '', '72038785w', 'EDUARDO', 'VALLE ESPINAR', '1978-05-01', 'SANTANDER', 'SANTANDER', 'ESPAÑOLA', 'PLAZA MARIA BLANCHARD 3 6A', 39600, 'MALIAÑO', 'CANTABRIA', NULL, 668829331, 'ADMINISTRACION@CEINMARK.NET', NULL, '', 'BACHILLER', NULL, 1, NULL),
(NULL, NULL, '', '72039711P', 'RUTH MARÍA', 'SALAS YLLERA', '1977-07-24', 'SANTANDER', 'CANTABRIA', 'ESPAÑOLA', 'C- GERARDO DIEGO, Nº 2, 4º IZ.', 39750, 'COLINDRES', 'ESPAÑA', NULL, 645698609, 'ruthyllera@gamil.com', NULL, 'IES FUENTE FRESNEDO', 'TÉCNICO EN GESTIÓN ADMINISTRATIVA', NULL, 0, NULL),
(NULL, NULL, '', '72044558W', 'EDUARDO ', 'DE LAS RIVAS GUTIERREZ', '1978-05-08', 'SANTANDER', 'CANTABRIA', 'ESPAÑOLA', 'ASILO 6, 3 DR', 39001, 'SANTANDER', 'CANTABRIA', NULL, 636637790, 'EDURIVAS_6@GMAIL.COM', NULL, 'CEINMARK BILBAO', 'BACHILLERATO SUPERIOR', NULL, 1, NULL),
(NULL, NULL, '', '72044729N', 'CELIA MARIA', 'VAS DELGADO', '1982-02-09', 'SANTANDER', 'CAMTABRIA', 'ESPAÑOLA', 'Bº SAN ROQUE 28-A', 39608, 'HERRERA DE CAMARGO', 'ESPAÑA', NULL, 662217524, 'celiam.vasd@gmail.com', NULL, NULL, 'BACHILLERATO (HUMANIDADES Y CIENCIAS SOCIALES)', NULL, 0, NULL),
(NULL, NULL, '', '72046540Y', 'RICARDO', 'BILBAO CANO', '1979-09-11', 'SANTANDER', 'CANTABRIA', 'ESPAÑOLA', 'CALLE LA LLANILLA 26 BAJO A', 39012, 'SANTANDER', 'ESPAÑA', NULL, 622789338, 'rbilbao@pm.me', NULL, 'IES RIA DEL CARMEN (CAMARGO)', 'COU', NULL, 0, NULL),
(NULL, NULL, '', '72048871Z', 'RAÚL', 'JORRÍN BOLÍVAR', '1981-08-04', 'SANTANDER', 'CANTABRIA', 'ESPAÑOLA', 'C-DUQUE DE AHUMADA 1 2ºD', 39008, 'SANTANDER', 'ESPAÑA', NULL, 642974888, 'raul.jorrin@gmail.com', NULL, 'IES VILLAJUNCO', '3º ESO', NULL, 0, NULL),
(NULL, NULL, '', '72054108F', 'FRANCISCO', 'GONZALEZ SOTRES', '1981-07-21', 'SANTANDER', 'CANTABRIA', 'ESPAÑOLA', 'C- GALICIA Nº 2, 1º I', 39007, 'SANTANDER', 'ESPAÑA', NULL, 655929190, 'drum2552@gmail.com', NULL, NULL, NULL, NULL, 0, NULL),
(NULL, NULL, '', '72058346J', 'ANTONIO ISAAC', 'MORENO IGON', '1981-03-11', 'TOLEDO', NULL, 'ESPAÑOLA', 'C- LOS CIRUELOS Nº 28 4A', 39011, 'SANTANDER', 'ESPAÑA', NULL, 691493023, 'sak2121@hotmail.com', NULL, NULL, 'TÉCNICO SUPERIOR EN INTEGRACIÓN SOCIAL', NULL, 0, NULL),
(NULL, NULL, '', '72061364H', 'MONTSERRAT', 'ARENYS GONZALEZ', '1982-04-10', 'HUELVA', 'HUELVA', 'ESPAÑOLA', 'CALLE 3 NOVIEMBRE 1BIS 3C', 39010, 'SANTANDER', 'ESPAÑA', NULL, 602249810, 'MGARENYS@HOTMAIL.COM', NULL, 'UNED', 'ACCESO UNIVERSIDAD MAYORES 25 AÑOS', NULL, 0, NULL),
(NULL, NULL, '', '72063408S', 'LAURA', 'LEIVA CAMPO', '1986-05-21', 'SANTANDER', 'CANTABRIA', 'ESPAÑOLA', NULL, NULL, 'SANTANDER', 'ESPAÑA', NULL, 659177051, 'lauraleivacampo@gmail.com', NULL, NULL, 'ESO', NULL, 0, NULL),
(NULL, NULL, '', '72064914A', 'RAQUEL', 'MATEO BUSTARA', '1982-06-23', 'SANTANDER', 'CANTABRIA', 'ESPAÑOLA', 'URB. LA CANAL Nº11-1ºA', 39111, 'SOTO DE LA MARINA', 'ESPAÑA', 679987987, 667914489, 'raquelmateobustara@gmail.com', NULL, 'IES LAS LLAMAS', 'BACHILLER', NULL, 0, NULL),
(NULL, NULL, '', '72065401F', 'CRISTINA', 'FERNÁNDEZ DE LA RIVA', '1984-11-05', 'SANTANDER', 'CANTABRIA', 'ESPAÑOLA', 'C-ISAAC PERAL 3 1A', 39008, 'SANTANDER', 'ESPAÑA', NULL, 666987223, 'crisferriva84@gmail.com', NULL, NULL, 'ESO', NULL, 0, NULL),
(NULL, NULL, '', '72065411V', 'MANUEL', 'GÓMEZ SUÁREZ', '1983-07-17', 'SANTANDER', 'CANTABRIA', 'ESPAÑOLA', 'AVDA. MARQUÉS DE VALDECILLA 18 1ºC', 39110, 'SOTO DE LA MARINA', 'ESPAÑA', NULL, 655967541, '', NULL, 'I.E.S. SANTA CLARA', 'BACHILLER', NULL, 0, NULL),
(NULL, NULL, '', '72065706J', 'NOEMI', 'GARCIA CERRO', '1983-12-11', 'SANTANDER', 'CANTABRIA', 'ESPAÑOLA', NULL, NULL, NULL, 'ESPAÑA', NULL, 620329092, '', NULL, NULL, NULL, NULL, 0, NULL),
(NULL, NULL, '', '72068137Y', 'DANIEL', 'LOZANO MAYOR', '1984-01-16', 'MADRID', 'MADRID', 'ESPAÑOLA', 'CALLE 1º MAYO Nº 58, PORTAL 6 1ºB', 39011, 'SANTANDER', 'ESPAÑA', NULL, 615070583, 'danilm784@hotmail.com', NULL, 'CEINMARK', '1º AYF', NULL, 0, NULL),
(NULL, NULL, '', '72068938W', 'MARIA', 'MISAS PEÑA', '1986-05-07', 'SANTANDER', 'CANTABRIA', 'ESPAÑOLA', 'C-FCO TOMAS Y VALIENTE 25B 1C', 39011, 'PEÑACASTILLO (SANTANDER)', 'ESPAÑA', NULL, 676159776, 'airammisas@gmail.com', NULL, NULL, 'ESO', NULL, 0, NULL),
(NULL, NULL, '', '72069535R', 'SARA', 'BRAVO LAVID', '1983-12-25', 'SANTANDER', 'CANTABRIA', 'ESPAÑOLA', 'C-LUIS QUINTANILLA ISASI 10B 4ºA', 39011, 'SANTANDER', 'ESPAÑA', NULL, 671870355, 'sarabravolavid@gmail.com', NULL, 'CFP CIENCIAS RADIOLÓGICAS', 'TÉCNICO SUPERIOR IMAGEN PARA EL DIAGNÓSTICO', NULL, 0, NULL),
(NULL, NULL, '', '72070254F', 'RAQUEL', 'RUIZ CIFRIÁN', '1986-04-20', 'SANTANDER', 'CANTABRIA', 'ESPAÑOLA', 'Bº EL CERRRO, Nº 2', 30720, 'LA CAVADA', 'ESPAÑA', NULL, 667061336, 'raquelrc86@hotmail.com', NULL, 'UNIVERSIDAD DE CANTABRIA', 'INGENIERA DE OBRAS PÚBLICAS', NULL, 0, NULL),
(NULL, NULL, '', '72071071L', 'VICTOR', 'HERNANDEZ CASAL', '1993-03-11', 'SANTANDER', 'CANTABRIA', 'ESPAÑOLA', 'CALLE RAMON MENENDEZ PIDAL 4 3A', 39006, 'SANTANDER', 'ESPAÑA', NULL, 690797552, 'victh93@gmail.com', NULL, 'DECROLY', 'CFGS ADMINISTRACION DE SISTEMAS INFORMATICOS EN RE', NULL, 0, NULL),
(NULL, NULL, '', '72072084C', 'ANABEL', 'GONZÁLEZ BLANCO', '1998-02-07', 'SANTANDER', 'CANTABRIA', 'ESPAÑOLA', 'C- CASTILLA, 33 6º E', 39009, 'SANTANDER', 'ESPAÑA', 942210779, 603688842, 'anabel19.144@gmail.com', NULL, 'IES SANTA CLARA', 'BACHILLER', NULL, 0, NULL),
(NULL, NULL, '', '72075440H', 'ALEXANDRA', 'SIERRA VELEZ', '1985-09-04', 'SANTANDER', 'CANTABRIA', 'ESPAÑOLA', 'CALLE GUTIERREZ SOLANA 11 7A', 39008, 'SANTANDER', 'ESPAÑA', NULL, 675823361, 'sandry_1104@hotmail.com', NULL, 'CEINMARK', 'CFGM DE TECNICA EN GESTIÓN ADMINISTRATIVA', NULL, 1, NULL),
(NULL, NULL, '', '72075842Y', 'FRANCISCO', 'GÓMEZ SUÁREZ', '1985-03-21', 'SANTANDER', 'CANTABRIA', 'ESPAÑOLA', 'URB PORTOBELO 5J', 39110, 'SOTO DE LA MARINA', 'ESPAÑA', NULL, 630792424, 'fragosu@gmail.com', NULL, 'IES SANTA CLARA', 'BACHILLER', NULL, 0, NULL),
(NULL, NULL, '', '72078274T', 'PABLO', 'GALDO ALONSO', '1988-03-19', 'SANTANDER', 'CANTABRIA', 'ESPAÑOLA', 'BARRIO LA ESPRILLA 13 1C', 39608, 'IGOLLO DE CAMARGO', 'ESPAÑA', NULL, 610938649, 'pablogaldoalonso@gmail.com', NULL, 'IES SANTA CLARA', 'CFGM ATENCION A PERSONAS EN SITUACION DE DEPENDENC', NULL, 0, NULL),
(NULL, NULL, '', '72080402N', 'VICTOR', 'SECADAS DIAZ', '1988-04-25', 'SANTANDER', 'CANTABRIA', 'ESPAÑOLA', 'AVDA CANTABRIA Nº22 A- 2B', 39600, 'MALIAÑO', 'ESPAÑA', 942793552, 691752803, 'sekdas88@gmail.com', NULL, 'IES CANTABRIA', 'TECNICO SUPERIOR DE ANATOMÍA PATOLÓGICA', NULL, 0, NULL),
(NULL, NULL, '', '72080998X', 'RODRIGO', 'GUTIERREZ GONZÁLEZ', '1992-03-20', 'SANTANDER', 'CANTABRIA', 'ESPAÑOLA', 'FLORANES, 10E 1ºB', 39010, 'SANTANDER', 'ESPAÑA', NULL, 678188743, 'RODRIGUTGON@GMAIL.COM', NULL, 'IES SANTA CLARA', 'BACHILLERATO', NULL, 0, NULL),
(NULL, NULL, '', '72081196R', 'JESUS LARO', 'LÓPEZ IGLESIAS', '1996-12-18', 'SAN CRISTÓBAL DE LA LAGUNA', 'SANTA CRUZ DE TENERIFE', 'ESPAÑOLA', 'LA CANTÁBRICA 23', 39610, 'EL ASTILLERO', 'ESPAÑA', NULL, 636801858, '', NULL, NULL, 'PRUEBA DE ACCESO A CICLO FORMATIVO (CANTABRIA)', NULL, 0, NULL),
(NULL, NULL, '', '72081548P', 'Mª ESTEFANIA', 'GUTIERREZ ARTECHE', '1986-09-15', 'SANTANDER', 'CANTABRIA', 'ESPAÑOLA', 'C-CASTILLA Nº 54-1ª PLANTA. PUERTA1', 39009, 'SANTANDER', 'ESPAÑA', 942286028, 680523236, 'mgarteche@gmail.com', NULL, 'ANGELES CUSTODIOS', 'GESTIÓN ADMINISTRATIVA', NULL, 0, NULL),
(NULL, NULL, '', '72082175z', 'INES', 'ALVAREZ BLANCO', '1987-10-16', 'SANTANDER', 'CANTABRIA', 'ESPAÑOLA', 'C/ VIA CORNELIA 15 2º DCHA', 39001, 'SANTANDER', 'CANTABRIA', NULL, 625522016, 'INESALVAREZBLANCO@GMAIL.COM', NULL, 'COLEGIO SAN JOSE', 'BACHILLER HOMOLOGADO', NULL, 1, NULL),
(NULL, NULL, '', '72082809G', 'ASIER', 'GORDO CARRION', '1992-04-29', 'SANTANDER', 'CANTABRIA', 'ESPAÑOLA', 'BARRIO EL CRUCE 12 2H', 39715, 'EMTRAMBASAGUAS', 'ESPAÑA', NULL, 670962871, 'asierbaloncesto33@gmail.com', NULL, 'IES MURIEDAS', 'BACHILLER', NULL, 0, NULL),
(NULL, NULL, '', '72083861K', 'DYLAN', 'ISBELL RODRÍGUEZ', '2000-10-06', 'SANTANDER', 'CANTABRIA', 'ESPAÑOLA', 'C- ALTA, 46 A, 7º C ESCALERA C', 39008, 'SANTANDER', 'ESPAÑA', NULL, 601118244, 'xtro32@yahoo.co.uk', NULL, 'COLEGIO SAN JOSÉ', 'BACHILLERATO', NULL, 0, NULL),
(NULL, NULL, '', '72084709H', 'MARTA', 'PINEDA PÉREZ', '1989-09-01', 'SANTANDER', 'CANTABRIA', 'ESPAÑOLA', 'C- SARGENTOS PROVISIONALES 2 1º P8', 39009, 'SANTANDER', 'ESPAÑA', NULL, 627348611, 'vangora1989@gmail.com', NULL, 'DECROLY', 'CFGM DE FP DE EXPLOTACIÓN DE SISTEMAS INFORMÁTICOS', NULL, 0, NULL),
(NULL, NULL, '', '72087772E', 'JOAQUÍN', 'RUIZ MORÍN', '1992-10-06', 'SANTANDER', 'CANTANBRIA', 'ESPAÑOLA', 'AVDA. HILARIO TRUEBA BEDIA, 26 B, 1', 39130, 'PEDREÑA (MARINA DE CUDEYO)', 'ESPAÑA', NULL, 644172927, 'jorumo7@gmail.com', NULL, NULL, 'PRUEBA DE ACCESO A CICLOS DE GRADO MEDIO', NULL, 0, NULL),
(NULL, NULL, '', '72088799Z', 'ALFREDO MANUEL', 'VALERO RODRIGUEZ', '1995-06-22', 'CARACAS', 'VENEZUELA', 'VENEZOLANA', 'AV. CHICLANA 5C', 39610, 'ASTILLERO', 'VENEZUELA', NULL, 653590572, 'alfredovaleror@hotmail.com', NULL, NULL, 'CFGS ADMINISTRACION Y FINANZAS', NULL, 0, NULL),
(NULL, NULL, '', '72089654H', 'MIGUEL', 'FERNANDEZ ALGORRI', '1990-12-13', 'SANTANDER', 'CANTABRIA', 'ESPAÑOLA', 'CALLE SAN LUIS 6, 1º DERECHA', 39010, 'SANTANDER', 'ESPAÑA', NULL, 696806231, 'MIGUELFDEZALGORRI@MAIL.COM', NULL, 'AUGUSTO LINARES', 'FPGS DISEÑO APLICACIONES WEB', NULL, 0, NULL),
(NULL, NULL, '', '72093276Y', 'VANESA', 'SANTIBÁÑEZ TRAMULLAS', '1980-04-28', 'LAREDO', 'CANTABRIA', 'ESPAÑOLA', 'C- LA GLORIETA 1, BLOQUE 2, 4º F', 39760, 'ADAL TRETO', 'ESPAÑA', 942682103, 646268038, 'vanessatreto@hotmail.com', NULL, 'IES FUENTE FRESNEDO', 'BACHILLER EN HUMANIDADES Y CIENCIAS SOCIALES', NULL, 0, NULL),
(NULL, NULL, '', '72101800C', 'FRANCISCO ANTONI', 'FERNÁNDEZ PEÑA', '1999-02-05', 'LAREDO', 'CANTABRIA', 'ESPAÑOLA', 'PLAZA LA CONCORDIA 2 2ºA', 39740, 'SANTOÑA', 'ESPAÑA', 942671028, 634439659, 'franciscop.pca@gmail.com', NULL, 'DECROLY', 'TÉCNICO EN SISTEMAS MICROINFORMÁTICOS Y REDES', NULL, 0, NULL),
(NULL, NULL, '', '72103749Z', 'CRISTINA', 'PELLON ROCA', '2001-01-25', 'SANTANDER', 'CANTABRIA', 'ESPAÑOLA', 'BARO. LAS TORCAS 49B P01 DERECHA', 39618, 'PONTEJOS', 'CANTABRIA', NULL, 619545190, 'gloriarocablanco@hotmail.es', NULL, 'COLEGIO PUENTE III', 'GRADO MEDIO GESTION ADMINISTRATIVA', NULL, 1, NULL),
(NULL, NULL, '', '72103988T', 'JAVIER', 'IRULEGUI PARRA', '1998-10-25', 'SANTANDER', 'CANTABRIA', 'ESPAÑOLA', 'CALE POETA GERARDO DIEGO 22 P1 DR', 39011, 'SANTANDER', 'ESPAÑA', NULL, 699852714, '', NULL, 'IES LEONARDO TORRES QUEVEDO', 'BACHILLER', NULL, 0, NULL),
(NULL, NULL, '', '72104261C', 'MARTÍN', 'BENAJES QUINTANA', '1998-04-07', 'SANTANDER', 'CANTABRIA', 'ESPAÑOLA', 'Pº GENERAL DÁVILA Nº 127, P 3, 2º D', 39007, 'SANTANDER', 'ESPAÑA', 626177462, 660501040, 'martinmistery.com@gmail.com', NULL, 'IES SANTA CLARA', 'BACHILLERATO (HUMANIDADES Y CIENCIAS SOCIALES)', NULL, 0, NULL),
(NULL, NULL, '', '72104860K', 'DAVID', 'SAIZ SAUQUILLO', '1999-12-15', 'SANTANDER', 'CANTABRIA', 'ESPAÑOLA', 'C- CASTOR AGRA GARCÍA Nº 6, 2º D', 39012, 'SANTANDER', 'ESPAÑA', NULL, 620908991, 'anasauki@hormail.com', NULL, 'CEIMARK', 'CFGM DE FP GESTIÓN ADMINISTRATIVA', NULL, 0, NULL),
(NULL, NULL, '', '72105194X', 'PABLO', 'SALCEDA DEL CUETO', '2002-07-23', 'SANTANDER', 'CANTABRIA', 'ESPAÑOLA', 'CALLE LA PEREDA 11C P4A', 39012, 'SANTANDER', 'ESPAÑA', NULL, NULL, '', NULL, NULL, 'ESO', NULL, 0, NULL),
(NULL, NULL, '', '72106001N', 'ANTONIO', 'GARCIA MARTINEZ', '1998-04-20', 'SANTANDER', 'CANTABRIA', 'ESPAÑOLA', 'AVD LA ESTACION 20 PORTAL 1 1E', 39710, 'SOLARES', 'ESPAÑA', 633239997, 637052485, 'antonio_casillas98@hotmail.com', NULL, 'CEPA SANTANDER', '2 CURSO ESO', NULL, 0, NULL),
(NULL, NULL, '', '72106670Z', 'SHEILA ', 'SAIZ LAVIN', '1996-12-18', 'LOS CORRALES DE BUELNA', 'CANTABRIA', 'ESPAÑOLA', 'AVENIDA DE CANTABRIA Nº5', 39400, ' LOS CORRALES DE BUENLA', 'CANTABRIA', 942830693, 622715747, 'saizl.sheila@gmail.com', NULL, 'ACADEMIA CRESPO', 'GRADO MEDIO SISTEMAS MICROINFORMÁTICOS Y REDES', NULL, 1, NULL),
(NULL, NULL, '', '72111111M', 'JUAN DAVID', 'VELASCO BAILÓN', '1996-06-15', 'COLOMBIA', 'COLOMBIA', 'COLOMBIANA', 'AVDA. SANTANDER, 54', 39600, 'LAS PRESAS (HERRERA DE CAMARGO)', 'CANTABRIA', NULL, 698855285, 'juan.velasco096@gmail.com', NULL, '', 'BACHILLERATO HOMOLOGADO', NULL, 1, NULL),
(NULL, NULL, '', '72125837E', 'CÉSAR', 'BUENO GRANDA', '1973-02-12', 'SANTANDER', 'CANTABRIA', 'ESPAÑOLA', 'C-FERNANDEZ DE ISLA, Nº 11, 5º I', 39008, 'SANTANDER', 'ESPAÑA', 942131656, 665439486, 'cesarbuenogranda@gmail.com', NULL, NULL, 'TÉCNICO AUXILIAR', NULL, 0, NULL),
(NULL, NULL, '', '72126407v', 'FRANCISCO JAVIER', 'SALMON CRUZ', '1975-11-18', 'SANTANDER', '', '', 'AVDA. MARQUES DE VALDECILLA Nº149 P6 2ºA', 39110, 'SOTO DE LA MARINA', '', NULL, NULL, '', NULL, '', '', NULL, 0, NULL),
(1, 1, '', '72131367d', 'David', 'Crespo Díaz', '1981-09-29', 'Torrelavega', 'Cantabria', 'Española', 'C/ Vargas 65, entresuelo', 39010, 'Santander', 'Cantabria', 942231344, 680502221, 'crespod@ceinmark.net', NULL, 'Universidad de Sevilla', 'Psicología', NULL, 1, NULL),
(NULL, NULL, '', '72132106N', 'BELÉN', 'DÍAZ-TERÁN GONZÁLEZ', '1979-03-21', 'SALAMANCA', 'SALAMANCA', 'ESPAÑOLA', 'C-FERNANDO ARCE 2 4ºB', 39300, 'TORRELAVEGA', 'ESPAÑA', NULL, 649102009, 'belendiazteran@gmail.com', NULL, 'FACULTAD DE PSICOLOGÍA', 'LICENCIADA EN PSICOLOGÍA', NULL, 0, NULL),
(NULL, NULL, '', '72134275L', 'FRANCISCO', 'GRUBER PÉREZ', '1980-11-18', 'TORRELAVEGA', 'CANTABRIA', 'ESPAÑOLA', 'C-MAESTRO MEDIAVILLA 7 3B', 39300, 'TORRELAVEGA', 'ESPAÑA', NULL, 697392571, 'chikonerd@hotmail.com', NULL, 'IES MANUEL GUTIÉRREZ ARAGON', 'BACHILLER', NULL, 0, NULL),
(NULL, NULL, '', '72134844J', 'ALBERTO', 'PALOMERA PÉREZ', '1981-10-14', 'TORRELAVEGA', 'CANTABRIA', 'ESPAÑOLA', 'C-FERNANDO ARCE 2 4B', 39300, 'TORRELAVEGA', 'ESPAÑA', NULL, 615114742, 'aplomera41@hotmail.com', NULL, 'FACULTAD DE MEDICINA', 'DIPLOMADO EN FISIOTERAPIA', NULL, 0, NULL),
(NULL, NULL, '', '72137112G', 'MARÍA', 'GALVÁN ARBEIZA', '1982-01-29', 'TORRELAVEGA', 'CANTABRIA', 'ESPAÑOLA', 'C-LASAGA LARRETA 25 3ºC', 39300, 'TORRELAVEGA', 'ESPAÑA', NULL, 680467548, 'maria.galvan.arbeiza@gmail.com', NULL, 'FACULTAD C. ECONOMICAS Y EMPRESARIALES', 'DIPLOMADA EN CIENCIAS EMPRESARIALES', NULL, 0, NULL),
(NULL, NULL, '', '72137467Z', 'PABLO', 'GALLO ERQUICIA', '1982-04-19', 'SANTANDER', 'CANTABRIA', 'ESPAÑOLA', 'Bº ARGUDIN 77 F, 2º D', NULL, 'PUENTE SAN MIGUEL', 'ESPAÑA', NULL, NULL, '', NULL, NULL, 'TÉCNICO SUPERIOR EN MANTENIMIENTO EQUIPO INDUSTRIA', NULL, 0, NULL),
(NULL, NULL, '', '72139679H', 'ANDREA', 'ACEBAL ARGUMOSA', '1984-08-29', 'SANTANDER', 'CANTABRIA', 'ESPAÑOLA', 'SAN MARTÍN 312', 39310, 'MOGRO', 'ESPAÑA', NULL, 637449832, '', NULL, 'IES MARQUÉS DE SANTILLANA', 'BACHILLER', NULL, 0, NULL),
(NULL, NULL, '', '72139849G', 'MARIA ESTHER', 'GONZÁLEZ GONZÁLEZ', '1983-06-12', 'ZAMORA', 'ZAMORA', 'ESPAÑOLA', 'CONDE TORREANAZ, 1,  1º B', 39300, 'TORRELAVEGA', 'ESPAÑA', NULL, 669176720, 'ster_@hotmail.com', NULL, 'U.C', 'INGENIERIA TECNICA DE OBRAS', NULL, 0, NULL),
(NULL, NULL, '', '72140306R', 'JORGE', 'URTIAGA AMÉZQUETA', '1989-12-05', 'SANTANDER', 'CANTABRIA', 'ESPAÑOLA', 'MAESTRO MEDIAVILLA, 5,  2ºM', 39300, 'TORRELAVEGA', 'ESPAÑA', NULL, 644497757, '', NULL, 'IES BESAYA', 'BACHILLER', NULL, 0, NULL),
(NULL, NULL, '', '72142213E', 'ENRIQUE', 'EXPOSITO LIRAS', '1984-10-05', 'BARROS-LOS CORRALES DE BUELNA', 'CANTABRIA', 'ESPAÑOLA', 'AVDA. BESAYA 29 5ºA', 39300, 'TORRELAVEGA', 'CANTABRIA', NULL, 692496886, '', NULL, 'IES MARQUÉS DE SANTILLANA (TORRELAVEGA)', 'BACHILLER', NULL, 1, NULL),
(NULL, NULL, '', '72142427Y', 'LUCÍA', 'DÍAZ GONZÁLEZ', '1985-08-04', 'TORRELAVEGA', 'CANTABRIA', 'ESPAÑOLA', 'C- MIES DE ARGUDIN 77K 2ºD', 39530, 'PUENTE SAN MIGUEL', 'ESPAÑA', NULL, 615869472, '', NULL, 'IES GARCILASO DE LA VEGA, TORRELAVEGA', 'BACHILLERATO (HUMANIDADES Y CIENCIAS SOCIALES)', NULL, 0, NULL),
(NULL, NULL, '', '72145125J', 'CRISTINA', 'RUIZ GALINDO', '1985-06-25', 'SANTANDER', 'CANTABRIA', 'ESPAÑOLA', 'C-MIGUEL DELIBES Nº2', 39340, 'SUANCES', 'ESPAÑA', NULL, 610896045, 'cristinaruizgal@gmail.com', NULL, 'IES JOSE MARIA PEREDA', 'BACHILLER', NULL, 0, NULL),
(NULL, NULL, '', '72145236D', 'RAQUEL', 'MARTÍN GONZÁLEZ', '1985-06-26', 'SANTANDER', 'CANTABRIA', 'ESPAÑOLA', 'C-VARGAS 57D 1ºD', 39010, 'SANTANDER', 'ESPAÑA', 942374687, 646360521, 'rakmargo@gmail.com', NULL, 'HERNÁN CORTÉS', 'TÉCNICA EN CUIDADOS AUXILIARES ENFERMERÍA', NULL, 0, NULL),
(NULL, NULL, '', '72145482W', 'ÁLVARO', 'RUIZ SALAS', '1987-06-02', 'SANTANDER', 'CANTABRIA', 'ESPAÑOLA', 'Bº EL COTERO, 14, PUERTA 8', 39478, 'PUENTE ARCE', 'ESPAÑA', NULL, 615355274, 'alvaro_runico@hotmail.com', NULL, 'IES MIGUEL HERRERO', 'TÉCNICO EN EXPLOTACIÓN SISTS, INFORM', NULL, 0, NULL),
(NULL, NULL, '', '72145599G', 'MARIA ISABEL', 'FERNÁNDEZ SÁNCHEZ', '1986-08-05', 'TORRELAVEGA', 'CANTABRIA', 'ESPAÑOLA', 'BARRIO PICÓN 8', NULL, 'PUENTE SAN MIGUEL', 'ESPAÑA', NULL, 660404540, 'isafs8@hotmail.com', NULL, 'NUESTRA SEÑORA DE LA PAZ', 'BACHILLER', NULL, 0, NULL),
(NULL, NULL, '', '72145847E', 'AIDA', 'DÍAZ FERNÁNDEZ', '1986-11-09', 'TORRELAVEGA', 'CANTABRIA', 'ESPAÑOLA', 'PLAZA PIQUÉ Y VARELA, 2, 4º M', 39300, 'TORRELAVEGA', 'ESPAÑA', NULL, 651805856, 'aida_difer@hotmail.com', NULL, 'ACADEMIA CRESPO', 'TÉCNICO EN GESTIÓN ADMINISTRATIVA', NULL, 0, NULL),
(NULL, NULL, '', '72147170B', 'ÁLVARO', 'ECHEVARRÍA GONZALEZ', '1987-04-18', 'SANTANDER', 'CANTABRIA', 'ESPAÑOLA', NULL, 39300, 'TORRELAVEGA', 'ESPAÑA', NULL, 660914322, 'echeve87_@hotmail.com', NULL, NULL, 'ESO', NULL, 0, NULL),
(NULL, NULL, '', '72148326V', 'JORGE ', 'PARDO PACHECO', '1988-10-08', 'SANTANDER', '', 'ESPAÑOLA', 'BARRIO LLOSACAMPO Nº 19 ', 39470, 'RENEDO DE PIÉLAGOS', 'CANTABRIA', NULL, 652846943, 'JORGE7895@GMAIL.COM', NULL, 'IES VALLE DE CAMARGO', 'GRADO MEDIO TECNICO DE EQUIPOS ELECTRÓNICOS DE CONSUMO', NULL, 1, NULL),
(NULL, NULL, '', '72148379R', 'SARA', 'GOMEZ FERNANDEZ', '1990-02-07', 'COMILLAS', 'CANTABRIA', 'ESPAÑOLA', 'C/JULIO HAUZEUR Nº14 2ºB', 39300, 'TORRELAVEGA', 'CANTABRIA', NULL, 699548053, 'gofesara@gmail.com', NULL, '', 'BACHILLER', NULL, 1, NULL),
(NULL, NULL, '', '72150437N', 'GALIA', 'PLA PÉREZ', '1991-04-27', 'SANTANDER', 'CANTABRIA', 'ESPAÑOLA', 'URB. VERDEMAR BLO 2 P6 2A', 39790, 'GAMA', 'ESPAÑA', NULL, 690900591, 'gpla274@gmail.com', NULL, NULL, 'TÉCNICO EN ATENCIÓN SOCIOSANITARIA', NULL, 0, NULL),
(NULL, NULL, '', '72154943X', 'LETICIA', 'SIMÓN RUIZ', '1999-03-15', 'TORRELAVEGA', 'CANTABRIA', 'ESPAÑOLA', 'C- LA GAROFA, 4, BLOQ. 2 BAJO F', 39311, 'SANTIAGO DE CARTES', 'ESPAÑA', 942084282, 622226667, 'leticiasimonruiz90@gmail.com', NULL, 'IES MANUEL GUTIÉRREZ ARAGÓN', 'BACHILLERATO HUMANIDADES', NULL, 0, NULL),
(NULL, NULL, '', '72155276K', 'IZAN', 'PARDO AGUADO', '1997-11-12', 'SANTANDER', 'CANTABRIA', 'ESPAÑOLA', 'URB. PACO GENTO, CHALET 32', 39611, 'GUARNIZO. EL ASTILLERO', 'ESPAÑA', NULL, 661251770, 'izanpardoaguado@gmail.com', NULL, 'IES NUESTRA SEÑORA DE LOS REMEDIOS', 'BACHILLERATO (HUMANIDADES Y CIENCIAS SOCIALES)', NULL, 0, NULL),
(NULL, NULL, '', '72156155A', 'ANDREA', 'RUIZ AGUDO', '1992-10-01', 'SANTANDER', 'CANTABRIA', 'ESPAÑOLA', 'URB. LOS SALCES Nº 2 2ºC', 39620, 'SARON', 'CANTABRIA', NULL, 699697201, 'ANDREARUIZA00@GMAIL.COM', NULL, 'IES SANTA CRUZ DE CASTAÑEDA', 'BACHILLER HOMOLOGADO', NULL, 1, NULL),
(NULL, NULL, '', '72157227V', 'CHRISTIAN', 'RUIZ GONZALEZ', '1998-08-25', 'BARCENA PIE DE CONCHA', 'CANTABRIA', 'ESPAÑOLA', 'BARRIO CAMPO DEL REY N6', 39420, 'BARCENA DE PIE DE CONCHA', 'CANTABRIA', NULL, 618189222, 'cristianrgcantabria@gmail.com', NULL, '', 'GRADO MEDIO SISTEMAS MICROINFORMATICOS', NULL, 1, NULL),
(NULL, NULL, '', '72157837Y', 'PABLO', 'CUESTA DE LA RIVA', '1993-10-02', 'SANTANDER', 'CANTABRIA', 'ESPAÑOLA', 'AVDA. LUIS DE LA CONCHA', 39470, 'RENEDO DE PIÉLAGOS', 'ESPAÑA', NULL, 622137870, 'pablocuestadelariva@gmail.com', NULL, 'ACADEMIA CRESPO', 'TECNICO EN SISTEMAS MICROINFORMÁTICOS Y REDES', NULL, 0, NULL),
(NULL, NULL, '', '72171832V', 'DANIEL', 'DE LA GRANJA GARCIA', '1993-09-06', 'SANTANDER', 'CANTABRIA', 'ESPAÑOLA', 'BAJADA SAN JUAN 17 1G', 39012, 'SANTANDER', 'ESPAÑA', NULL, 633201963, 'daniel_delagranja@hotmail.com', NULL, 'COLEGIO MERCEDES', 'GRADUADO EN ESO', NULL, 0, NULL),
(NULL, NULL, '', '72172088C', 'ANDREA', 'LLATA MARTIN', '1993-04-24', 'SANTANDER', 'CANTABRIA', 'ESPAÑOLA', 'FLORANES 23 2B', 39010, 'SANTANDER', 'ESPAÑA', 942372723, 676851647, 'andreallata@hotmail.es', NULL, 'ALISAL', 'GRADO MEDIO ADMINISTRATIVO', NULL, 0, NULL),
(NULL, NULL, '', '72172830A', 'JOSE ANTONIO', 'JIMENEZ BORJA', '1990-07-13', 'SANTANDER', 'CANTABRIA', 'ESPAÑOLA', 'CALLE CARDENAL CISNEROS 113 1IZQ', 39007, 'SANTANDER', 'CANTABRIA', NULL, 622718776, 'joseantonio.j.borja@hotmail.com', NULL, '', 'ESO', NULL, 1, NULL),
(NULL, NULL, '', '72173358W', 'ADRIÁN', 'HERMANA FERNÁNDEZ', '1997-01-31', 'SANTANDER', 'CANTABRIA', 'ESPAÑOLA', 'MENÉNDEZ PELAYO, 2', 39600, 'MALIAÑO', 'ESPAÑA', NULL, 615784855, 'ADRIANHF97BASKET@HOTMAIL.COM', NULL, 'DECROLY', 'CFGMEDIO SISTEMAS MICROINFORMÁTICOS Y REDES', NULL, 0, NULL),
(NULL, NULL, '', '72173704A', 'GEMA', 'SETIEN ROZADILLA', '1989-10-09', 'SANTANDER', 'CANTABRIA', 'ESPAÑOLA', 'C- FRANCISCO TOMÁS Y VALIENTE 27F 3', 39011, 'SANTANDER', 'ESPAÑA', NULL, 649252165, 'gsetien3@gmail.com', NULL, NULL, 'BACHILLERATO (CIENCIAS)', NULL, 0, NULL),
(NULL, NULL, '', '72173989N', 'CÉSAR ALEJANDRO', 'GALLARDO MORENO', '2002-10-31', 'SANTANDER', 'CANTABRIA', 'ESPAÑOLA', 'MARQUÉS DE LA HERMIDA, 72, P 1, 8ºD', 39009, 'SANTANDER', 'ESPAÑA', 942353678, 617874478, 'oyrlima@gmail.com', NULL, 'IES SANTA CLARA', 'CURSADO HASTA SEGUNDO DE LA ESO', NULL, 0, NULL),
(NULL, NULL, '', '72174061S', 'JOHN', 'SAINZ BEZANILLA', '1995-10-16', 'SANTANDER', 'CANTABRIA', 'ESPAÑOLA', 'CALLE GREGORIO CUESTA 11 2 IZQ', 39008, 'SANTANDER', 'ESPAÑA', NULL, 677100904, 'johnsainzbeza@gmail.com', NULL, 'IES PEREDA', 'BACHILLER', NULL, 0, NULL),
(NULL, NULL, '', '72174097M', 'ESTIBALIZ', 'SANCHEZ SANTIAGO', '1991-09-16', 'SANTANDER', 'CANTABRIA', 'ESPAÑOLA', 'CALLE ADARZO 70', 39011, 'PEÑACASTILLO', 'CANTABRIA', NULL, 675384116, 'estibaliz.sanchez@hotmail.com', NULL, '', 'GRADO MEDIO GESTION ADMINISTRATIVA', NULL, 1, NULL),
(NULL, NULL, '', '72174580M', 'JOSÉ MANUEL', 'SÁNCHEZ GÜEMES', '1997-07-18', 'SANTANDER', 'CANTABRIA', 'ESPAÑOLA', 'C- LA CANTÁBRICA, 14, 1º E', 39610, 'ASTILLERO', 'ESPAÑA', 942546144, 679083243, 'jmsg222013@gmail.com', NULL, 'IES ASTILLERO', 'BACHILLERATO CIENCIAS Y TECNOLOGÍA', NULL, 0, NULL),
(NULL, NULL, '', '72174722D', 'MIKEL JOSHUA', 'DE LA TORRE SARASIG', '2000-11-16', 'SANTANDER', 'CANTABRIA', 'ESPAÑOLA', 'C- MACÍAS PICAVEA, 1, 2ºC', 39003, 'SANTANDER', 'ESPAÑA', NULL, 631595251, 'mikelrap16@hotmail.com', NULL, 'IES VILLAJUNCO', '3º ESO', NULL, 0, NULL),
(NULL, NULL, '', '72175150T', 'PABLO', 'GARCÍA COBO', '1993-02-23', 'SANTANDER', 'CANTABRIA', 'ESPAÑOLA', 'C-SAN ROQUE 3 4ºA', 39100, 'SANTANDER', 'ESPAÑA', NULL, 634625932, 'pablogarciacobo@yahoo.es', NULL, 'IES EL ALISAL', 'TÉCNICO EN SISTEMAS MICROINFORMÁTICOS Y REDES', NULL, 0, NULL),
(NULL, NULL, '', '72175323N', 'SAMANTA', 'SANCHEZ DIAZ', '1989-08-23', 'SEVILLA', 'SEVILLA', 'ESPAÑOLA', 'VARGAS 47 ESC IZQ 6 PUERTA 1', 39010, 'SANTANDER', 'ESPAÑA', NULL, 633749249, 'samanthasan.diaz@gmail.com', NULL, 'TORREANAZ', 'ESO', NULL, 0, NULL),
(NULL, NULL, '', '72175932T', 'ISMAEL', 'SAENZ RODRIGUEZ', '1994-07-28', 'SANTOÑA', 'CANTABRIA', 'ESPAÑOLA', 'C- RENTERÍA REYES Nº 9 3º DCHA', 39740, 'SANTOÑA', 'ESPAÑA', NULL, 697267426, 'ismaelsaenzrodriguez94@gmail.com', NULL, 'IES MARQUÉS DE MANZANEDO', 'BACHILLERATO (CIENCIAS)', NULL, 0, NULL),
(NULL, NULL, '', '72176361S', 'CRISTIAN', 'GUTIÉRREZ GONZÁLEZ', '1990-02-19', 'SANTANDER', 'CANTABRIA', 'ESPAÑOLA', 'Bº SAN VICENTE Nº 15, CHALET 21', 39479, 'VIOÑO DE PIÉLAGOS', 'ESPAÑA', NULL, 658433870, 'tiano222@gmail.com', NULL, 'IES AUGUSTO GONZALEZ LINARES', 'FPGM FARMACIA Y PARAFARMACIA', NULL, 0, NULL),
(NULL, NULL, '', '72177188Z', 'SERGIO', 'QUIJANO MARTIN', '1996-12-09', 'SANTANDER', 'CANTABRIA', 'ESPAÑOLA', 'CALLE EULOGIO FERNANDEZ BARROS 14 2', 39600, 'MURIEDAS', 'ESPAÑA', 942261755, 638379164, 's.quijano.martin@gmail.com', NULL, NULL, 'bachiller', NULL, 0, NULL),
(NULL, NULL, '', '72177684G', 'SONIA', 'VILLEGAS SANTOS', '1991-12-20', 'SANTANDER', 'CANTABRIA', 'ESPAÑOLA', 'AVDA- EL DEPORTE 3, 11 2º C', 39011, 'SANTANDER', 'ESPAÑA', 677130281, 676864206, 'soniavs91@gmail.com', NULL, 'ESCLAVAS', 'BACHILLER - HUMANIDADES Y CIENCIAS SOCIALES', NULL, 0, NULL),
(NULL, NULL, '', '72177934R', 'NATANAEL', 'POLONIO DEL BAÑO', '1990-07-21', 'SANTANDER', 'CANTABRIA', 'ESPAÑOLA', 'C- INDUSTRIA, Nº 8, 2º B', 39610, 'EL ASTILLERO', 'ESPAÑA', 942558577, 658341384, 'natanaelpolonio@gmail.com', NULL, 'COLEGIO ALTAMIRA', '3º ESO', NULL, 0, NULL),
(NULL, NULL, '', '72178477S', 'ADRIAN', 'TORIBIO GONZALEZ', '1990-11-07', 'SANTANDER', 'CANTABRIA', 'ESPAÑOLA', 'c/ ALBERICIA 36, 2 IZQUIERDA', 39012, 'SANTANDER', 'CANTABRIA', NULL, 601339389, 'adriantg@ceinmark.net', NULL, 'UNED', 'ACCESO MAYORES DE 25', NULL, 1, NULL),
(NULL, NULL, '', '72178702X', 'GABRIELA', 'GONZALEZ RUIZ', '2003-01-25', 'GUANGYUAN', 'CHINA', 'ESPAÑOLA', 'SANTA LUCIA 15 2', 39003, 'SANTANDER', 'CANTABRIA', NULL, 675608626, 'almudenarugae@gmail.com', NULL, 'COMPAÑIA DE MARIA - LA ENSEÑANZA', 'ESO', NULL, 0, NULL),
(NULL, NULL, '', '72179193H', 'ELIA', 'VILLEGAS OLEA', '2003-12-03', 'SANTANDER', 'CANTABRIA', 'ESPAÑOLA', 'C- CAMILO ALONSO VEGA, 48, P1, 2ºB', 39007, 'SANTANDER', 'ESPAÑA', 942320765, 635981551, 'artesorto@gmx.es', NULL, NULL, NULL, NULL, 0, NULL),
(NULL, NULL, '', '72179468V', 'PABLO', 'PELLON TOCA', '1997-08-31', 'SANTANDER', 'CANTABRIA', 'ESPAÑOLA', 'BARRIO PALACIO 143 H PONTEJOS ', 39618, 'MARIA DE CUDEYO', 'CANTABRIA', NULL, 659640242, 'pablopellon97@gmail.com', NULL, '', 'ESO', NULL, 1, NULL),
(NULL, NULL, '', '72179485B', 'SARA', 'ONTAVILLA PÉREZ', '2000-04-18', 'SANTANDER', 'CANTABRIA', 'ESPAÑOLA', 'C-MONTEJURRA 12 2ºIZDA', 39010, 'SANTANDER', 'ESPAÑA', NULL, 664052545, 'saraonta@hotmail.com', NULL, 'CEINMARK', 'FPB GRADO MEDIO', NULL, 0, NULL),
(NULL, NULL, '', '72180118T', 'RAQUEL', 'ABASCAL CEBALLOS', '2003-11-29', 'CAMARGO', 'CANTABRIA', 'ESPAÑOLA', 'C- SAN FERNANDO, 22, 7º E', 39010, 'SANTANDER', 'ESPAÑA', 942552434, 610262618, '', NULL, 'COLEGIO ATALAYA', '3º ESO', NULL, 0, NULL),
(NULL, NULL, '', '72180436L', 'MARTÍN', 'GUELBENZU VALVERDE', '1996-09-24', 'SANTANDER', 'CANTABRIA', 'ESPAÑOLA', 'Bº SOMAVILLA, 35, CHALET 1', 39609, 'CAMARGO', 'ESPAÑA', NULL, 645196688, 'guelbenzumv@gmail.com', NULL, 'IES ALBERICIA', 'BACHILLERATO', NULL, 0, NULL),
(NULL, NULL, '', '72180933X', 'ENRIQUE', 'BADIOLA BENGOECHEA', '1996-11-08', 'SANTANDER', 'CANTABRIA', 'ESPAÑOLA', 'C- ALTA, 56, 3º A', 39008, 'SANTANDER', 'ESPAÑA', NULL, 630153079, 'rikibadi@hotmail.com', NULL, 'PURÍSIMA CONCEPCIÓN', 'ESO', NULL, 0, NULL),
(NULL, NULL, '', '72181065G', 'ADRIANA', 'FRANCO GOMEZ', '1999-06-05', 'SANTANDER', 'CANTABRIA', 'ESPAÑOLA', 'C/ SAN FERNANDO Nº 36 2ºA', 39010, 'SANTANDER', 'CANTABRIA', NULL, 677139936, 'ADRIANAFRANCOGOMEZ@HOTMAIL.COM', NULL, 'COLEGIO LA SALLE', 'ESO', NULL, 1, NULL),
(NULL, NULL, '', '72181075 Z', 'JONATAN', 'DIEGO COBO', '1994-06-29', 'SANTANDER', 'CANTABRIA', 'ESPAÑOLA', 'C- LA UNIÓN, Nº 12, 2º B', 39004, 'SANTANDER', 'ESPAÑA', 942274282, 649894604, 'jonatandc@me.com', NULL, NULL, 'Prueba de Acceso', NULL, 0, NULL),
(NULL, NULL, '', '72181397Z', 'VIDAL', 'GUTIERREZ AMBROSIO', '1999-10-12', 'SANTANDER', 'CANTABRIA', 'ESPAÑOLA', 'CALLE BRAÑAFLOR 6 4-B', 39005, 'SANTANDER', 'CANTABRIA', NULL, 616891194, 'vidalbuda@gmail.com', NULL, 'IES VILLAJUNCO', 'GRADO TECNICO DEPORTIVO', NULL, 1, NULL);
INSERT INTO `alumnos` (`id_escolar`, `expe_centro`, `passnie`, `dni`, `nombre`, `apellidos`, `f_nac`, `loc_nac`, `prov_nac`, `nacionalidad`, `domicilio`, `cp`, `localidad`, `provincia`, `tel_fijo`, `movil`, `email`, `discapacidad`, `centro_ant`, `tit_acceso`, `foto`, `f_proteccion`, `observaciones`) VALUES
(NULL, NULL, '', '72182709S', 'HUGO', 'SOLANA CAGIGAS', '1998-09-22', 'SANTANDER', 'CANTABRIA', 'ESPAÑOLA', 'BARRIO LA VEGA 9', 39793, 'VILLAVERDE DE PONTONES', 'ESPAÑA', NULL, 608218389, 'hugo.solana@hotmail.com', NULL, NULL, 'BACHILLER', NULL, 0, NULL),
(NULL, NULL, '', '72182783C', 'DANIEL', 'CASCAJO ARCE', '2000-06-08', 'SANTANDER', 'CANTABRIA', 'ESPAÑOLA', 'C- ISAAC PERAL 36, 2º C', 39008, 'SANTANDER', 'ESPAÑA', 942376519, 680156089, '', NULL, 'COLEGIO SAN JOSÉ', 'BACHILLER', NULL, 0, NULL),
(NULL, NULL, '', '72182895V', 'LUCÍA', 'FERNÁNDEZ COLORET', '1999-08-17', 'SANTANDER', 'CANTABRIA', 'ESPAÑOLA', 'C-VENTURA HONTAÑÓN CASTANEDO, 287', 39130, 'PEDREÑA', 'ESPAÑA', NULL, 606265312, 'luciacoloret@gmail.com', NULL, 'DECROLY', 'TÉCNICO EN SISTEMAS MICROINFORMATICOS Y REDES', NULL, 0, NULL),
(NULL, NULL, '', '72183331Q', 'LUCAS', 'MIER IRIZABAL', '1994-07-11', 'SANTANDER', 'CANTABRIA', 'ESPAÑOLA', 'C/ MARIA CRISTINA 1 E 4º C ', 39001, 'SANTANDER', 'CANTABRIA', NULL, 629372795, 'LUC942@GMAIL.COM', NULL, 'COLEGIO SALESIANOS', 'BACHILLER HOMOLOGADO', NULL, 1, NULL),
(NULL, NULL, '', '72183392P', 'LUCIA ', 'CAGIGAS PESCADOR', '2020-07-27', 'SANTANDER', 'CANTABRIA', 'ESPAÑOLA', 'C/ CASTILLA Nº 41 ENTRESUELO  IZDA', 39009, 'SANTANDER', 'CANTABRIA', NULL, 630934345, 'LUCIACAGIGASPESCADOR@GMAIL.COM', NULL, 'LAS ESCLAVAS SANTANDER', 'ESO', NULL, 1, NULL),
(NULL, NULL, '', '72183689Y', 'SERGIO', 'CAMPO TORRE', '2001-05-12', 'POLANCO', 'CANTABRIA', 'ESPAÑOLA', 'BARRIO MENOCAL 31, Nº1', 39313, 'POLANCO', 'ESPAÑA', NULL, 666216182, 'soyelcampo01@gmail.com', NULL, NULL, 'BACHILLERATO (CIENCIAS)', NULL, 0, NULL),
(NULL, NULL, '', '72183835Z', 'LAURA', 'GARCÍA VÍA', '2001-12-10', 'SANTANDER', 'CANTABRIA', 'ESPAÑOLA', 'C- VARGAS, 55 B, 5º A', 39010, 'SANTANDER', 'ESPAÑA', 942239068, 617358973, 'lauragvia@gmail.com', NULL, 'LA SALLE', 'BACHILLERATO', NULL, 0, NULL),
(NULL, NULL, '', '72183862H', 'ALBERTO', 'BARQUIN CASAR', '1999-05-11', 'SANTANDER', 'CANTABRIA', 'ESPAÑOLA', 'C/ATAULFO ARGENTA Nº 17 1º DCHA', 39004, 'SANTANDER', 'CANTABRIA', NULL, 651618342, 'ALBERTOBARQUINDIEZ@GMAIL.COM', NULL, 'HERNAN CORTES', 'TECNICO GESTION ADMINISTRATIVA', NULL, 1, NULL),
(NULL, NULL, '', '72184795P', 'MARJORIE', 'VON LIPPKE NAVARRETE', '1975-10-21', 'SANTO DOMINGO DE LOS COLORADOS', 'PICHINCHA', 'ECUATORIANA', 'C-ISAAC PERAL 15 5E', 39008, 'SANTANDER', 'ECUADOR', NULL, 674839826, 'mvonlippke@hotmail.com', NULL, NULL, 'BACHILLER', NULL, 0, NULL),
(NULL, NULL, '', '72185011V', 'JAVIER', 'SIERRA ARRANZ', '1992-04-15', 'SANTANDER', 'CANTABRIA', 'ESPAÑOLA', 'C-DAOIZ Y VELARDE 17 2ºCENTRO', 39003, 'SANTANDER', 'ESPAÑA', NULL, 646318767, 'javilan17@gmail.com', NULL, 'HERNÁN CORTES', 'TÉCNICO SUPERIOR EN INTEGRACIÓN SOCIAL', NULL, 0, NULL),
(NULL, NULL, '', '72185679H', 'RUBEN', 'BASTANTE DEL CUETO', '2001-07-24', 'SANTANDER', 'CANTABRIA', 'ESPAÑOLA', 'C/RUFINO RUIZ CEBALLOS Nº21, 1ºB', 39600, 'MALIAÑO', 'CANTABRIA', NULL, 675145930, 'rubenbastante61@gmail.com', NULL, 'COLEGIO ALTAMIRA REVILLA', 'ESO', NULL, 1, NULL),
(NULL, NULL, '', '72185775E', 'MANUEL', 'FERNANDEZ TABOADA', '2000-04-29', 'SANTANDER', 'CANTABRIA', 'ESPAÑOLA', 'CAMILO ALONSO VEGA 14A 5IZQ', 39007, 'SANTANDER', 'CANTABRIA', NULL, 688912904, 'manuelferta16@gmail.com', NULL, 'UNIVERSIDAD CANTABRIA', 'BACHILLER', NULL, 1, NULL),
(NULL, NULL, '', '72186001H', 'ANDREA', 'RIVAS RUIZ', '1997-05-11', 'SANTANDER', 'CANTABRIA', 'ESPAÑOLA', 'AVDA BILBAO 64-4ºD', 39600, 'MURIEDAS', 'ESPAÑA', NULL, 601134004, 'andrearivasruiz97@gmail.com', NULL, 'IES JOSE Mª PEREDA', '1º BACHILLER', NULL, 0, NULL),
(NULL, NULL, '', '72186392H', 'IKER', 'PACHECO BARQUÍN', '2002-10-08', 'SANTANDER', 'CANTABRIA', 'ESPAÑOLA', 'CORCONERAS, 46', 39012, 'SANTANDER', 'ESPAÑA', NULL, 611138388, 'pachecoiker2002@gmail,com', NULL, 'BELLAVISTA', '2º ESO CURSADO', NULL, 0, NULL),
(NULL, NULL, '', '72186736V', 'CELIA', 'SALAS GOMEZ', '1996-04-21', 'SANTANDER', 'CANTABRIA', 'ESPAÑOLA', 'BARRIO EL RODIL N12 PUERTA 3', 39120, 'MORTERA', 'ESPAÑA', NULL, 664565717, 'celiasalasgomez@hotmail.com', NULL, 'A.G. LINARES', 'PRUEBA DE ACCESO A FP SUPERIOR', NULL, 0, NULL),
(NULL, NULL, '', '72186887F', 'GONZALO', 'GÓMEZ-HOYAL CAVIA', '1999-12-19', 'SANTANDER', 'CANTABRIA', 'ESPAÑOLA', 'C- RESPUELA, 2A, 2º D', 39100, 'SANTA CRUZ DE BEZANA', 'ESPAÑA', 942058463, 673484770, 'gonzaloghc99@gmail.com', NULL, 'IES LA ALBERICIA', 'BACHILLERATO', NULL, 0, NULL),
(NULL, NULL, '', '72186927R', 'MARÍA', 'DE ANDRÉS GARCÍA', '1999-03-18', 'SANTANDER', 'CANTABRIA', 'ESPAÑOLA', 'C-EL CAMPIZO 25', 39012, 'SANTANDER', 'ESPAÑA', 942354484, 638376137, 'meryesp16@gmail.com', NULL, 'DECROLY', 'TÉCNICO EN SISTEMAS MICROINFORMÁTICOS Y REDES', NULL, 0, NULL),
(NULL, NULL, '', '72186964S', 'CRISTINA', 'TAEÑO DOALTO', '1999-01-13', 'SANTANDER', 'CANTABRIA', 'ESPAÑOLA', 'FERNANDO DE LOS RIOS 69. 1º C', 39006, 'SANTANDER', 'ESPAÑA', 942078036, 663931067, 'cristinatd1999@gmail.com', NULL, 'HERNAN CORTES', 'AUXILIAR ENFERMERIA', NULL, 0, NULL),
(NULL, NULL, '', '72187079S', 'NOEL', 'TERAN MARTINEZ', '2000-12-09', 'SANTANDER', 'CANTABRIA', 'ESPAÑOLA', 'C- RIA SOLIA Nº 12 BAJO F', NULL, 'EL ASTILLERO', 'ESPAÑA', NULL, 644720511, '', NULL, NULL, NULL, NULL, 0, NULL),
(NULL, NULL, '', '72187482G', 'MARIA ELENA', 'COTERILLO LOPEZ', '1993-02-19', 'SANTANDER', 'CANTABRIA', 'ESPAÑOLA', 'ISAAC PERAL 36 7A', 39008, 'SANTANDER', 'CANTABRIA', NULL, 697671300, 'elenacl93@gmail.com', NULL, '', 'PRUEBA ACCESO', NULL, 1, NULL),
(NULL, NULL, '', '72187755R', 'PABLO ', 'PALACIO TURIENZO', '2001-07-10', 'SANTANDER', 'CANTABRIA', 'ESPAÑOLA', 'C/PASEO GENERAL DAVILA 224, E 1º A', 39006, 'SANTANDER', 'CANTABRIA', NULL, 608160750, 'PABLO11SANTANDER@GMAIL.COM', NULL, 'COLEGIO TORREANAZ', 'GRADO MEDIO GESTION ADMINISTRATIVA', NULL, 1, NULL),
(NULL, NULL, '', '72188219M', 'JESÚS', 'GÁNDARA GARCÍA', '1999-07-16', 'SANTANDER', 'CANTABRIA', 'ESPAÑOLA', 'AVDA. DEL FARO, Nº 1, P 4, 1º C', 39012, 'SANTANDER', 'ESPAÑA', 942393139, 637666707, 'jesus.gandara99@gmail.com', NULL, 'MARÍA INMACULADA', 'TÉCNICO SISTEMAS MICROINFORMÁTICOS Y REDES', NULL, 0, NULL),
(NULL, NULL, '', '72188392V', 'BORJA', 'ACHUTEGUI GONZÁLEZ', '1999-12-12', 'SANTANDER', 'CANTABRIA', 'ESPAÑOLA', 'SANTA ANA, Bº EL SEDILLO', 39717, 'ENTRAMBASAGUAS', 'ESPAÑA', NULL, 652276947, 'borjamami16@gmail.com', NULL, NULL, NULL, NULL, 0, NULL),
(NULL, NULL, '', '72188510C', 'DIEGO', 'URIEL SOLORZANO', '1998-08-29', 'SANTANDER', 'CANTABRIA', 'ESPAÑOLA', 'C- DEL MONTE, 59,8º A', 39006, 'SANTANDER', 'CANTABRIA', NULL, 603408889, 'dieurisol@gmail.com', NULL, 'IES SANTA CLARA', 'BACHILLERATO', NULL, 0, NULL),
(NULL, NULL, '', '72189276G', 'MARÍA', 'RODRÍGUEZ GUTIÉRREZ', '2002-06-08', 'SANTANDER', 'CANTABRIA', 'ESPAÑOLA', 'LA ESPRILLA 11A CHALET 6B', 39608, 'CAMARGO', 'CANTABRIA', NULL, 638678530, 'mariaa20027@gmail.com', NULL, '', 'bachillerato', NULL, 1, NULL),
(NULL, NULL, '', '72189730K', 'SEBASTIAN', 'GHINAGLIA SÁNCHEZ', '1995-09-11', 'SAN FÉLIX', 'PUERTO ORDAZ', 'VENEZOLANA', 'C- ERNEST LLUCH', 39012, 'SNTANDER', 'VENEZUELA', NULL, 653252209, 'sebastglia@gmail.com', NULL, NULL, NULL, NULL, 0, NULL),
(NULL, NULL, '', '72190197M', 'JESÚS', 'GONZÁLEZ-ESTEFAN BRAVO', '2000-06-04', 'SANTANDER', 'CANTABRIA', 'ESPAÑOLA', 'PASEO DE CANALEJAS 66 4ºD', 39004, 'SANTANDER', 'ESPAÑA', NULL, 648642409, 'jgestefanib@gmail.com', NULL, 'CFP Mª INMACULADA', 'TÉCNICO EN SISTEMAS MICROINFORMÁTICOS Y REDES', NULL, 0, NULL),
(NULL, NULL, '', '72190287A', 'ALEJANDRO', 'PEÑA TABERNILLA', '2002-06-05', 'SANTANDER', 'CANTABRIA', 'ESPAÑOLA', 'C/ HELIODORO FERNANDEZ Nº 20 6ºDCHA', 39750, 'COLINDRES', 'CANTABRIA', 942674606, 671673637, 'APENATABERNILLA2002@GMAIL.COM', 1, 'COLEGIO TORREANAZ', 'GRADO MEDIO GESTION ADMINISTRATIVA', NULL, 1, NULL),
(NULL, NULL, '', '72191016L', 'PABLO', 'SATURIO HERREZUELO', '1994-09-05', 'SANTANDER', 'CANTABRIA', 'ESPAÑOLA', 'C/ EL PIQUEL Nº9', 39012, 'SANTANDER', 'CANTABRIA', NULL, 635274675, 'PABLOSATURIOHERREZUELO@GMAIL.COM', NULL, 'CENTRO DE FORMACIÓN PROFESIONAL MARIA INMACULADA', 'GRADO MEDIO SISTEMAS MICROINFORMATICOS Y REDES', NULL, 1, NULL),
(NULL, NULL, '', '72191305D', 'RUBEN ', 'FERNANDEZ ALVARADO', '1993-11-11', 'CANTABRIA', 'CANTABRIA', 'ESPAÑOLA', 'BARRRIO LOS CORRALES Nº 79 ', 39730, 'BERANGA', 'CANTABRIA', NULL, 608546102, 'RUBEN_16_ALVARADO@HOTMAIL.COM', 3, 'CENTRO ESTUDIOS PINTOR MARTIN SAEZ', 'ESO', NULL, 1, NULL),
(NULL, NULL, '', '72191563Z', 'JAVIER', 'BOLADO GUTIERREZ', '2003-08-01', 'SANTANDER', 'CANTABRIA', 'ESPAÑOLA', 'C-FLORANES 4 2º DCHA', 39010, 'SANTANDER', 'ESPAÑA', NULL, NULL, '', NULL, NULL, NULL, NULL, 0, NULL),
(NULL, NULL, '', '72191879P', 'BARBARA', 'REY POMBAR', '1995-10-23', 'ALCALA DE HENARES', 'MADRID', 'ESPAÑOLA', 'ALBERICO PARDO 58 URB PEÑAVERDE 26', 39011, 'SANTANDER PEÑACASTILLO', 'ESPAÑA', NULL, 673687523, '', NULL, 'CEINMARK', 'CFGM DE FP GESTIÓN ADMINISTRATIVA', NULL, 0, NULL),
(NULL, NULL, '', '72193117G', 'IGNACIO', 'LAMARCA GONZALEZ', '1997-09-27', 'SANTANDER', 'CANTABRIA', 'ESPAÑOLA', 'AVDA CANTABRIA 3 B 2D', 39400, 'LOS CORRALES DE BUELNA', 'ESPAÑA', NULL, 644379728, 'nacholgf27@gmail.com', NULL, 'A.G LINARES', 'PRUEBAS ACCESO GRADO SUPERIOR', NULL, 0, NULL),
(NULL, NULL, '', '72193281F', 'ESTEFANÍA', 'COBO GONZÁLEZ', '2000-10-09', 'SANTANDER', 'CANTABRIA', 'ESPAÑOLA', 'URBAN. LOS ROSALES 10, 1º A', 39620, 'SARÓN', 'ESPAÑA', NULL, 609349767, 'estefaniacobomac@gmail.com', NULL, 'IES LOPE DE VEGA', 'ESO', NULL, 0, NULL),
(NULL, NULL, '', '72193374P', 'DESIREE', 'ZATON MIER', '1996-10-22', 'SANTANDER', 'CANTABRIA', 'ESPAÑOLA', 'C- JAIME DEL AMO 2A PISO 3º B', 39340, 'SUANCES', 'ESPAÑA', NULL, 679607389, 'desireezaton@gmail.com', NULL, NULL, 'BACHILLERATO (ARTES)', NULL, 0, NULL),
(NULL, NULL, '', '72193658Q', 'ANA', 'POZUETA CASTILLO', '2001-09-03', 'TORRELAVEGA', 'CANTABRIA', 'ESPAÑOLA', 'URBANIZACIÓN PEÑALARA, Nº 14', 39300, 'TANOS', 'ESPAÑA', 942803942, 620020825, 'anapozueta2001@gmail.com', NULL, 'COLEGIO LA PAZ', 'ESO', NULL, 0, NULL),
(NULL, NULL, '', '72193660H', 'ENRIQUE', 'OBREGON DIEZ', '2002-11-27', 'SANTANDER', 'CANTABRIA', 'ESPAÑOLA', 'CALLE BURGOS 5E 2IZQ', 39200, 'REINOSA', 'CANTABRIA', NULL, 654842171, 'quiquereinosa1327@gmail.com', NULL, 'ACADEMIA CRESPO', 'GRADO MEDIO SISTEMAS MICROINFORMATICOS Y REDES', NULL, 1, NULL),
(NULL, NULL, '', '72197229E', 'ANDREA', 'SALAS BUENO', '2003-04-03', 'SANTANDER', 'CANTABRIA', 'ESPAÑOLA', 'ALTA DE QUIJAS 58', 39590, 'REOCIN', 'ESPAÑA', NULL, 620333688, '', NULL, 'I.E.S. SIETE VALLES', '2º ESO', NULL, 0, NULL),
(NULL, NULL, '', '72197952D', 'ÁNGELA', 'MARTÍNEZ COSÍO', '2002-10-04', 'SANTANDER', 'CANTABRIA', 'ESPAÑOLA', 'C-LA MAZA 60', 39590, 'VALLES (REOCÍN)', 'ESPAÑA', 942821680, 644421835, 'eduardo_mu55@yahoo.es', NULL, 'IES NUEVE VALLES', '2º ESO', NULL, 1, NULL),
(NULL, NULL, '', '72198169L', 'VICTORIA', 'DE LA TORRE RODRÍGUEZ', '2000-11-29', 'SANTANDER', 'CANTABRIA', 'ESPAÑOLA', 'C- MATILDE DE LA TORRE, Nº 7, 1ºC', 39500, 'CABEZÓN DE LA SAL', 'ESPAÑA', NULL, 636567636, 'victoria29100@gmail.com', NULL, 'IES AUGUSTO GONZALEZ LINARES', 'TÉCNICA EN CUIDADOS AUXILIARES DE ENFERMERÍA', NULL, 0, NULL),
(NULL, NULL, '', '72198371Z', 'JENNIFER', 'PALAZUELOS PINTO', '1997-01-29', 'SANTANDER', 'CANTABRIA', 'ESPAÑOLA', 'BARRIO LAS CUARTAS P2 Bajo b', 39470, 'RENEDO DE PIELAGOS', 'ESPAÑA', NULL, 652408874, 'jennyact3renedo@gmail.com', NULL, 'IES BALBANUZ SELAYA', 'AUXILIAR DE ENFERMERIA', NULL, 0, NULL),
(NULL, NULL, '', '72198928L', 'ETHAN', 'BARREDO DÍAZ', '2001-09-19', 'BEZANA', 'CANTABRIA', 'ESPAÑOLA', 'PASEO DEL NIÑO 8 3º 13', 39300, 'TORRELAVEGA', 'ESPAÑA', 601750795, 664595557, 'dulcinea198@gmail.com', NULL, 'COLEGIO SAGRADOS CORAZONES', '3º ESO', NULL, 0, NULL),
(NULL, NULL, '', '72199348w', 'CARLA ', 'ORTEGA MALPICA', '2002-03-11', 'LOS CORRALES DE BUELNA', 'CANTABRIA', 'ESPAÑOLA', 'AVENIDA DE CANTABRIA 3A, 1B', 39400, 'SANTANDER', 'CANTABRIA', NULL, 619345277, 'carlamalpy@gmail.com', NULL, 'VIRGEN DE VALVANUZ', 'OFERTA MODULAR', NULL, 1, NULL),
(NULL, NULL, '', '72199506E', 'LAURA', 'LIQUETE MURIEDAS', '2002-07-05', 'SANTANDER', 'CANTABRIA', 'ESPAÑOLA', 'C/ JOSE ORTEGA Y GASSET Nº 46', 39011, 'PEÑACASTILLO', 'CANTABRIA', 942324817, 622376173, 'LAURALAURA@GMAIL.COM', NULL, 'CENTRO DE FORMACIÓN PROFESIONAL MARIA INMACULADA', 'GRADO MEDIO AUXILAR ENFERMERIA', NULL, 1, NULL),
(NULL, NULL, '', '72199877W', 'DORINEILE CAMILA', 'MOTA DE LIMA', '1978-01-30', 'BRASIL', 'BRASIL', 'BRASILEÑA', 'C- JULIO RUIZ DE SALAZAR, Nº 50, 4C', 39300, 'TORRELAVEGA', 'BRASIL', NULL, 603321203, 'motacamila1978@gmail.com', NULL, NULL, 'ESO (HOMOLOGADO)', NULL, 0, NULL),
(NULL, NULL, '', '72201404B', 'LUCIA', 'ARECHAGA LORENZO', '2000-02-16', 'SANTANDER', 'CANTABRIA', 'ESPAÑOLA', 'C- LEONARDO TORRES QUEVEDO', 39300, 'TORRELAVEGA', 'ESPAÑA', NULL, 633929904, 'lcuiaarechagaclase@gmail.com', NULL, 'IES MARQUES DE SANTILLANA', 'BACHILLER', NULL, 0, NULL),
(NULL, NULL, '', '72202085W', 'JAIME', 'MEJÍAS TEJA', '2001-07-31', 'SANTANDER', 'CANTABRIA', 'ESPAÑOLA', 'C/ JUAN GUERRERO URREISTI, 4, 3º A', 39011, 'SANTANDER', 'CANTABRIA', NULL, 684009470, 'jaimemejiasteja@gmail.com', NULL, 'UNIVERSIDAD DE LEÓN', 'BACHILLERATO CIENCIAS', NULL, 0, NULL),
(NULL, NULL, '', '72202166Z', 'JUDITH', 'CASTILLO COLLADO', '2001-02-03', 'LOS CORRALES DE BUELNA', 'CANTABRIA', 'ESPAÑOLA', 'BARRIO SAN RAMON Nº9 ', 39400, 'LOS CORRALES DE BUELNA', 'CANTABRIA', NULL, 625234783, 'judithcastillocoll@gmail.com', NULL, 'IES MARIA TELO LOS CORRALES DE BUELNA', 'BACHILLER HOMOLOGADO', NULL, 1, NULL),
(NULL, NULL, '', '72202269W', 'PATRICIA', 'GUTIERREZ SANCHO', '2002-08-09', 'SANTANDER', 'CANTABRIA', 'ESPAÑOLA', 'CALLE ALSEDO BUSTAMANTE 4 ENTLO IZQ', 39001, 'SANTANDER', 'CANTABRIA', NULL, 601407028, 'pgutierrezsancho@gmail.com', NULL, 'KOSTKA', 'BACHILLER', NULL, 1, NULL),
(NULL, NULL, '', '72202749E', 'HEINZ ANTHONY', 'VON LIPPKE NAVARRETE', '1993-10-24', 'SANTO DOMINGO', 'PICHINCHA', 'ECUATORIANA', 'C-ISAAC PERAL 15 5ºE', 39008, 'SANTANDER', 'ECUADOR', NULL, 627170371, 'heinzvonlippke@outlook.com', NULL, 'IES TORRES QUEVEDO', 'BACHILLER', NULL, 0, NULL),
(NULL, NULL, '', '72203534W', 'CRISTIAN CAMILO', 'ARIAS VÁSQUEZ', '2001-09-08', 'SANTOÑA', 'CANTABRIA', 'ESPAÑOLA', 'AVDA. CAMILO ALONSO VEGA 48 P3 1ºB', 39005, 'SANTOÑA', 'ESPAÑA', NULL, 610397559, 'cristiancamilo201490@gmail.com', NULL, 'CEINMARK', 'CFGM GESIÓN ADMINISTRATIVA', NULL, 0, NULL),
(NULL, NULL, '', '72204590T', 'NATALIA', 'BLANCO GERALDO', '1996-03-11', 'SANTANDER', 'CANTABRIA', 'ESPAÑOLA', 'C/SAN LUIS Nº10 C 1º CENTRO', 39010, 'SANTANDER', 'CANTABRIA', NULL, 637649139, 'nataliablancogeraldo@gmail.com', NULL, 'IES PEREDA', 'BACHILLER HOMOLOGADO', NULL, 0, NULL),
(NULL, NULL, '', '72204848M', 'SERGIO', 'TEIJIDO CORMENZANA', '1997-10-14', 'SANTANDER', 'CANTABRIA', 'ESPAÑOLA', 'C-FLORANES 71 2ºF', 39010, 'SANTANDER', 'ESPAÑA', NULL, 633064093, 'sergioteijido812@gmail.com', NULL, 'DECROLY', 'SISTEMAS MICROINFORMATICOS EN RED', NULL, 0, NULL),
(NULL, NULL, '', '72206501W', 'SARA', 'ALLENDE DEL RIO', '2000-03-22', 'SANTANDER', 'CANTABRIA', 'ESPAÑOLA', 'BARRIO REBOLLAR DE LA ESPILLA 43 11', 39608, 'SANTANDER', 'ESPAÑA', NULL, 601369235, 'saraallende13@gmail.com', NULL, NULL, 'CFGM GESTION ADMINISTRATIVA', NULL, 0, NULL),
(NULL, NULL, '', '72206659E', 'SERGIO', 'VELASCO VALDOR', '2001-03-12', 'SANTANDER', 'CANTABRIA', 'ESPAÑOLA', 'GENERAL MOSCARDÓ, Nº 2, 6º B', 39009, 'SANTANDER', 'ESPAÑA', 942212695, 608757990, '', NULL, 'DIAGRAMA', '3º ESO', NULL, 0, NULL),
(NULL, NULL, '', '72207346L', 'ANTONIO JOSÉ', 'HERRAN BELLO', '2001-09-25', 'SANTANDER', 'CANTABRIA', 'ESPAÑOLA', 'GENERAL DÁVILA 201, 4ºB', 39006, 'SANTANDER', 'ESPAÑA', NULL, 608258727, 'antonio.herran.bello@gmail.com', NULL, 'COLECIO SALESIANO \"MARIA AUXILIADORA\"', 'BACHILLERATO (HUMANIDADES Y CIENCIAS SOCIALES)', NULL, 0, NULL),
(NULL, NULL, '', '72207393C', 'BRYAN', 'SÁNCHEZ AFONSO', '1999-08-03', 'SANTANDER', 'CANTABRIA', 'ESPAÑOLA', 'C-JOSE DE ESCANDON 4, 2º D', 39006, 'SANTANDER', 'ESPAÑA', 942035880, 722515690, 'bryansanchezafonso@gmail.com', NULL, 'IES ALISAL', 'TÉCNICO EN SISTEMAS MICROINFORMÁTICOS Y REDES', NULL, 0, '698505532'),
(NULL, NULL, '', '72207772P', 'ESTHER', 'CRUZ AGUDO', '1998-07-19', 'SANTANDER', 'CANTABRIA', 'ESPAÑOLA', 'LOS ROBLES 3 2ºC', 39620, 'SARÓN', 'ESPAÑA', 622919842, 693266035, 'cruzagudo98@gmail.com', NULL, 'SANTA VIRGEN DE VALVANUZ', 'TÉCNICO CUIDADOS AUXILIARES ENFERMERÍA', NULL, 0, NULL),
(NULL, NULL, '', '72207868N', 'ALDRIC OLIVIER', 'BAGUENA GÓMEZ', '2002-12-22', 'BRUSELAS', 'BÉLGICA', 'BELGA', 'C- ALTA 58 P6 A', NULL, 'SANTANDER', 'BELGICA', NULL, 618396490, 'tj.gomez@gmail.com', NULL, NULL, NULL, NULL, 0, NULL),
(NULL, NULL, '', '72207912X', 'PABLO', 'GARCÍA GONZÁLEZ', '1997-09-26', 'SANTANDER', 'CANTABRIA', 'ESPAÑOLA', 'C- TRES DE NOVIEMBRE 27, 3º IZDA', 39010, 'SANTANDER', 'ESPAÑA', NULL, 690190788, '', NULL, 'CEINMARK', 'CFGM GESTIÓN ADMNISTRATIVA', NULL, 0, NULL),
(NULL, NULL, '', '72209456J', 'Mª BELÉN', 'FUENTES FERNÁNDEZ', '2000-08-06', 'SANTANDER', 'CANTABRIA', 'ESPAÑOLA', 'C- BELLAVISTA, Nº 48, 2º IZ.', 39012, 'SANTANDER', 'ESPAÑA', NULL, 660194900, 'mbffer@gmail.com', NULL, 'IES LAS LLAMAS', 'BACHILLERATO (CIENCIAS SOCIALES)', NULL, 0, NULL),
(NULL, NULL, '', '72222690E', 'ALBERT ALEXANDER', 'TOYO ESPINOZA', '1993-01-30', 'VENEZUELA', 'VENEZUELA', 'VENEZOLANA', 'C-CAMILO ALONSO VEGA 12 6ºD', 39007, 'SANTANDER', 'VENEZUELA', NULL, 652136639, 'albes_8893@hotmail.com', NULL, 'VENEZUELA', 'BACHILLER', NULL, 0, NULL),
(NULL, NULL, '', '72222821S', 'MARÍA MICAELA', 'PANIAGUA VILLALBA', '1999-03-05', 'PARAGUAY', 'PARAGUAY', 'ESPAÑOLA', 'C/ CLARA CAMPOAMOR 10 3º A', 39610, 'ASTILLERO', 'CANTABRIA', NULL, 600252816, 'MICAELA.VILLALBA166@GMAIL.COM', NULL, 'IES AUGUSTO LINARES', 'DESARROLLO APLICACIONES MULTIPLATAFORMA', NULL, 1, NULL),
(NULL, NULL, '', '72224601R', 'ESTEFANIA', 'PEREZ CORDERO', '2001-07-31', 'TORRELAVEGA', 'CANTABRIA', 'ESPAÑOLA', 'LASAGA LARRETA', 39300, 'TORRELAVEGA', 'ESPAÑA', 942895217, 661511161, 'estefaniaperez137@gmail.com', NULL, 'IES MARQUES DE SANTILLANA', 'BACHILLERATO', NULL, 0, NULL),
(NULL, NULL, '', '72225146V', 'MARIA', 'RIOS GANDARILLAS', '2002-04-20', 'SANTANDER', 'CANTABRIA', 'ESPAÑOLA', 'BARRIO SAN PEDRO VOP-2 RUMOROSO', 39312, 'POLANCO', 'CANTABRIA', NULL, 686864512, 'mariariosgandarillas@gmail.com', NULL, 'IES BESAYA', 'BACHILLER', NULL, 1, NULL),
(NULL, NULL, '', '72225191Q', 'RAÚL', 'VELARDE GANSEDO', '1999-11-23', 'SANTANDER', 'CANTABRIA', 'ESPAÑOLA', 'C-JOSÉ MARÍA DE PEREDA 22 4ºD', 39300, 'TORRELAVEGA', 'ESPAÑA', NULL, 635134585, 'velarderaul19@gmail.com', NULL, 'COLEGIO LA PAZ', '2º ESO', NULL, 0, NULL),
(NULL, NULL, '', '72225685G', 'BRUNO', 'GONZALEZ DIAZ', '2003-11-27', 'SANTANDER', 'CANTABRIA', 'ESPAÑOLA', 'BARRIO MENOCAL 7 ', 39313, 'POLANCO', 'CANTABRIA', NULL, 644771511, 'recuperarpolanco@gmail.com', NULL, 'ESCOLAPIOS - VILLACARRIEDO', '3 ESO', NULL, 0, NULL),
(NULL, NULL, '', '72226636N', 'NICOLÁS', 'GARCÍA SALINAS', '2002-06-07', 'TORRELAVEGA', 'CANTABRIA', 'ESPAÑOLA', 'URBANIZACIÓN MIRASIERRA, Nº 8, 1º A', 39317, 'TORRELAVEGA', 'ESPAÑA', 942180550, 601025684, 'garciasalinas86@gmail.com', NULL, NULL, NULL, NULL, 0, NULL),
(NULL, NULL, '', '72227889T', 'CRISTIAN GUSTAVO', 'DAZA MAGNE', '1995-04-05', 'SANTA CRUZ DE LA SIERRA', 'BOLIVIA', 'BOLIVIANA', 'C- EL PUENTE Nº 68 PORTAL 6 3º IZDA', 39584, 'CILLORIGO DE LIEBANA', 'BOLIVIA', NULL, 633701698, '', NULL, NULL, NULL, NULL, 0, NULL),
(NULL, NULL, '', '72228808E', 'DANIEL', 'RINCON ULLOA', '1998-09-09', 'SANTANDER', 'CANTABRIA', 'ESPAÑOLA', 'SAN FERNANDO 62 1B', 39010, 'SANTANDER', 'CANTABRIA', NULL, 622366156, 'ulloagonzalez.ana@gmail.com', NULL, '', 'ACCESO A GRADO MEDIO', NULL, 0, NULL),
(NULL, NULL, '', '72229452E', 'MARÍA', 'QUIJANO POLO', '1997-02-09', 'SANTANDER', 'CANTABRIA', 'ESPAÑOLA', 'LAS CUEVAS Nº15-PUERTA 58', 39690, 'LA CONCHA- VILLAESCUSA', 'ESPAÑA', 661424412, 648722040, 'mquijanopolo@gmail.com', NULL, 'IES SANTA CLARA', 'BACHILLER', NULL, 0, NULL),
(NULL, NULL, '', '72230109N', 'BELÉN', 'SÁEZ GONZÁLEZ', '1999-12-17', 'SANTANDER', 'CANTABRIA', 'ESPAÑOLA', 'C-LOS ABEDULES 9 3D', 39011, 'SANTANDER', 'ESPAÑA', NULL, 660882077, 'belen.saez53@gmail.com', NULL, 'CEINMARK', 'GESTIÓN ADMINISTRATIVA', NULL, 0, NULL),
(NULL, NULL, '', '72230344V', 'AGUSTÍN', 'PÉREZ GERRÚ', '2002-09-08', 'SANTANDER', 'CANTABRIA', 'ESPAÑOLA', 'C- MÁLAGA, 8, BAJO', 39007, 'SANTANDER', 'ESPAÑA', NULL, 633541575, 'agusito.santander2002@gmail.com', NULL, 'COMPAÑÍA DE MARÍA', '2º ESO', NULL, 0, NULL),
(NULL, NULL, '', '72231012H', 'JUAN', 'GOMEZ CARDO', '1999-02-28', 'SANTANDER', 'CANTABRUA', 'ESPAÑOLA', 'BARRIO ALTO SAN PANTALEON 215 F', 39618, 'MARINA DE CUDEYO', 'ESPAÑA', NULL, 646326303, '', NULL, 'CENTRO PRIVADO FP MARIA INMACULADA', 'CFGM SIST. MICROINFORMATICOS Y REDES', NULL, 0, NULL),
(NULL, NULL, '', '72231142X', 'DIEGO', 'GONZÁLEZ BAÑUELOS', '2000-11-13', 'SANTANDER', 'CANTABRIA', 'ESPAÑOLA', 'C- FLORANES, Nº 27, 2º D', 39010, 'SANTANDER', 'ESPAÑA', NULL, 676418764, 'xnero13@gmail,com', NULL, 'CEPA DE SANTANDER', 'ESO', NULL, 0, NULL),
(NULL, NULL, '', '72231544K', 'MANUEL ANDRÉS', 'MARTÍN MAZORRA', '1995-01-29', 'LEIDEN (PAISES BAJOS)', 'ZUID HOLLAND', 'HOLANDESA', 'CALLE HERNAN CORTES 30 4A', 39003, 'SANTANDER', 'HOLANDA', NULL, 638819536, 'man.ual@hotmail.com', NULL, NULL, 'TECNICO O EQUIVALENTE', NULL, 0, NULL),
(NULL, NULL, '', '72231578D', 'HUGO', 'PÉREZ HORNERO', '1998-11-26', 'PIÉLAGOS', 'CANTABRIA', 'ESPAÑOLA', 'C-PRADO SAN ROQUE 34 4ºC', 39001, 'SANTANDER', 'ESPAÑA', NULL, 633365815, 'hugoperezhornero@gmail.com', NULL, 'CENTRO Mª INMACULADA', 'TÉCNICO EN SISTEMAS MICROINFORMÁTICOS Y REDES', NULL, 0, NULL),
(NULL, NULL, '', '72232297S', 'SAMUEL', 'CEBALLOS GONZÁLEZ', '2000-02-07', 'SANTANDER', 'CANTABRIA', 'ESPAÑOLA', 'C- LA ROCA, Nº 6, 3º D', 39001, 'SANTANDER', 'ESPAÑA', NULL, NULL, 'PHAMTOMS12@HOTMAIL.COM', NULL, 'IES JOSE MARÍA PEREDA', '2º ESO', NULL, 0, NULL),
(NULL, NULL, '', '72232839M', 'PABLO', 'COBO SAIZ', '2000-10-31', 'SANTANDER', 'CANTABRIA', 'ESPAÑOLA', 'CALLE LOS CALDERONES 4A', 39110, 'SANTA CRUZ DE BEZANA', 'ESPAÑA', NULL, 665195846, 'pablocobo61@gmail.com', NULL, 'DECROLY', 'CFGM SIST. MICROINFORMATICOS Y REDES', NULL, 0, NULL),
(NULL, NULL, '', '72233800T', 'CARLOS ALEXANDER', 'CORPORAN PICHARDO', '1989-12-30', 'SAN CRISTOBAL', 'REPUBLICA DOMINICANA', 'ESPAÑOLA', 'JOSE GUIERREZ ALONSO', 39300, 'TORRELAVEGA', 'CANTABRIA', NULL, 639638789, 'pichardalexander@gmail.com', NULL, '', 'BACHILLER HOMOLOGADO', NULL, 1, NULL),
(NULL, NULL, '', '72233907S', 'SANTIAGO', 'MIRONES CALLEJO', '2002-10-24', 'SANTANDER', 'CANTABRIA', 'ESPAÑOLA', 'BARRIO SANTA BÁRBARA 307', 39540, 'PUENTE SAN MIGUEL', 'ESPAÑA', 942820866, 686453044, 'santimadrid10@hotmail.com', NULL, 'COLEGIO LA PAZ', '3º ESO', NULL, 0, NULL),
(NULL, NULL, '', '72258069G', 'YAIZA', 'ARROYO GUTIERREZ', '1997-09-28', 'SANTANDER', 'CANTABRIA', 'ESPAÑOLA', 'C-MALLORCA Nº29-4ºDCHA', 39200, 'REINOSA', 'ESPAÑA', 942216565, 609242283, 'yarrogu@hotmail.com', NULL, 'CENTRO SAN JOSE-NIÑO JESÚS', 'BACHILLER', NULL, 0, NULL),
(NULL, NULL, '', '72258331J', 'ANTONIO', 'ROBLES JIMÉNEZ', '1996-12-19', 'SANTANDER', 'CANTABRIA', 'ESPAÑOLA', 'C- LA TEJERA, 142', 39478, 'BOO DE PIÉLAGOS', 'ESPAÑA', 942586234, 666970087, 'antoniorobles1389@outlook.es', NULL, 'IES LA MARINA', 'ESO', NULL, 0, NULL),
(NULL, NULL, '', '72258411R', 'IVAN', 'MARCOS MORANTE', '2004-04-29', 'SANTANDER', 'CANTABRIA', 'ESPAÑOLA', 'JOAQUIN SALAS II, N5 3B', 39011, 'SANTANDER', 'CANTABRIA', 942059059, 675078212, 'silviamorante45@gmail.com', NULL, 'IES AUGUSTO GONZALEZ LINARES', '3 ESO', NULL, 1, NULL),
(NULL, NULL, '', '72258524E', 'LISANDRA', 'SALAZAR GARCÍA', '1975-07-19', NULL, 'LIMA', 'PERUANA', 'C-SEGOVIA Nº16-3ºDCHA', 39007, 'SANTANDER', 'PERU', NULL, 676696454, 'aleliz024@hotmail.com', NULL, 'PERU', 'HOMOLOGACIÓN BACHILLER', NULL, 0, NULL),
(NULL, NULL, '', '72259121K', 'IVAN', 'MARIN MUÑOZ', '1996-10-18', 'SANTANDER', 'CANTABRIA', 'ESPAÑOLA', 'COLONIA LOS PINARES B10 5-A', 39005, 'SANTANDER', 'CANTABRIA', NULL, 637810388, 'byivan19@hotmail.com', NULL, 'COLEGIO ANGELES CUSTODIOS', 'GRADO MEDIO GESTION ADMINISTRATIVA', NULL, 1, NULL),
(NULL, NULL, '', '72259145E', 'ALVARO', 'SOTA PEREZ', '2001-02-02', 'SANTANDER', 'CANTABRIA', 'ESPAÑOLA', 'CALLE INDUSTRIA 29 2G', 39610, 'EL ASTILLERO', 'CANTABRIA', NULL, 693603694, 'sotaperez@gmail.com', NULL, 'IES ASTILLERO', 'BACHILLER', NULL, 1, NULL),
(NULL, NULL, '', '72259159J', 'ANGEL', 'MARTORELL BEDOYA', '2002-07-13', 'SANTANDER', 'CANTABRIA', 'ESPAÑOLA', 'FRANCISCO PALAZUELOS 19 1D', 39006, 'SANTANDER', 'CANTABRIA', NULL, 665456583, 'angelmartorell9@gmail.com', NULL, 'MARIA INMACULADA', 'TECNICO SISTEMA MICROINFORMATICO Y REDES', NULL, 1, NULL),
(NULL, NULL, '', '72259635Y', 'GISELLA ESTEFANI', 'SANTANA BULGARIN', '1992-10-07', 'ECUADOR', 'GUAYAQUIL', 'ECUATORIANA', 'C- LA LIBERTAD 17, 3º I', 39811, 'MOMPÍA', 'ECUADOR', NULL, 648643518, 'gisellasantana92@hotmail.com', NULL, 'CEINMARK', 'CFGM GESTIÓN ADMINISTRATIVA', NULL, 0, NULL),
(NULL, NULL, '', '72260442P', 'ANDREA', 'ALVAREZ MENDOZA', '2001-04-07', 'POLANCO', 'CANTABRIA', 'ESPAÑOLA', 'BARRIO EL PIÑAL E-15 2C', 39313, 'POLANCO', 'CANTABRIA', NULL, 667938812, 'andrea.alvarezmendoza07@gmail.com', NULL, 'MIGUEL HERRERO', 'BACHILLER', NULL, 1, NULL),
(NULL, NULL, '', '72260748S', 'DANIEL', 'RIAÑO CANALEJO', '2003-12-05', 'CAMARGO', 'CANTABRIA', '', 'C-JUAN PALENCIA 4A Nº7', 39600, 'MURIEDAS', 'ESPAÑA', NULL, 628169756, '', NULL, 'IES VALLE DE CAMARGO', NULL, NULL, 0, NULL),
(NULL, NULL, '', '72260932S', 'JOSE ANTONIO', 'MACHO FERNANDEZ', '2003-03-12', 'SANTANDER', 'CANTABRIA', 'ESPAÑOLA', 'C- GUTIERREZ SOLANA', 39011, 'SANTANDER', 'ESPAÑA', 601042261, 646903390, '', NULL, 'IES AG LINARES', 'FPB BÁSICA INFORMATICA Y COMUNICACIONES', NULL, 0, NULL),
(NULL, NULL, '', '72261287W', 'VÍCTOR', 'CANAL ARROYO', '2003-10-31', 'SANTANDER', 'CANTABRIA', 'ESPAÑOLA', 'C-JUAN JOSÉ PÉREZ DEL MOLINO 12 4ºD', 39006, 'SANTANDER', 'ESPAÑA', NULL, 616732364, 'mapyarroyo10@yahoo.es', NULL, 'COLEGIO TORREVELO', '2º ESO', NULL, 0, NULL),
(NULL, NULL, '', '72261318X', 'ISABEL', 'TORRE CARBONELL', '1995-08-26', 'SANTANDER', 'CANTABRIA', 'ESPAÑOLA', 'CALLE LABARO 9 2D', 39007, 'SANTANDER', 'ESPAÑA', 942375630, 618457091, 'isabeltc21@gmail.com', NULL, 'SANTA CLARA', 'GRADUADO EN ESO', NULL, 0, NULL),
(NULL, NULL, '', '72261653T', 'LINA JULIETH', 'FERNÁNDEZ LÓPEZ', '1992-11-19', 'CALI', 'EL VALLE DEL CAUCA', 'COLOMBIANA', 'C- CONCEPCIÓN ARENAL', 39002, 'SANTANDER', 'COLOMBIA', NULL, 660455482, 'linafernandez19@hotmail.com', NULL, 'CEINMARK', 'TCO. ADMINISTRATIVO', NULL, 0, NULL),
(NULL, NULL, '', '72261917B', 'SILVIA', 'DIEDRICH GARCÍA', '1999-07-13', 'VIGO', 'PONTEVEDRA', 'ESPAÑOLA', 'C- VAZQUEZ DE MELLA Nº 5 3º IZDA', 39007, 'SANTANDER', 'ESPAÑA', NULL, 633053595, 'silviagssp99@gmail.com', NULL, 'IES JOSÉ MARÍA PEREDA', 'BACHILLERATO (HUMANIDADES Y CIENCIAS SOCIALES)', NULL, 0, NULL),
(NULL, NULL, '', '72262659V', 'RAQUEL', 'MARTIN LOPEZ', '2002-10-08', 'SANTANDER', 'CANTABRIA', 'ESPAÑOLA', 'C/ RIA DE SOLIA 2, 2ºB', 39610, 'ASTILLERO', 'CANTABRIA', NULL, 608732321, 'martinraquel81002@gmail.com', NULL, 'COLEGIO PUENTE III', 'ESO', NULL, 1, NULL),
(NULL, NULL, '', '72262979S', 'PAULA', 'BUSTAMANTE RIOS', '2000-08-25', 'SANTANDER', 'CANTABRIA', 'ESPAÑOLA', 'FRANCISCO TOMAS Y VALIENTE 23', 39011, 'SANTANDER', 'ESPAÑA', 942352084, 649786518, 'colegiopaulabustamenterios@gmail.com', NULL, 'IES PEÑACASTILLO', 'BACHILLER', NULL, 0, NULL),
(NULL, NULL, '', '72262998B', 'ÁNGELA', 'JIMÉNEZ LARRALDE', '2001-05-18', 'SANTANDER', 'CANTABRIA', 'ESPAÑOLA', 'URB LA ROCA 19', 39110, 'SAN CIBRIÁN', 'ESPAÑA', NULL, 667306004, 'ajimenez.l.2001@gmail.com', NULL, 'COLEGIO SAN JOSÉ', 'ESO', NULL, 0, NULL),
(NULL, NULL, '', '72265589A', 'FRANCISCO JAVIER', 'CARRILES ALBERDI', '1998-06-21', 'SANTANDER', 'CANTABRIA', 'ESPAÑOLA', 'C- CUATRO CAMINOS 1, 3º O', 39130, 'PEDREÑA', 'ESPAÑA', 627231563, 622550736, 'javixqfriki_98@hotmail.com', NULL, 'TORREANAZ', 'BACHILLERATO - HUMANIDADES Y CIENCIAS SOCIALES', NULL, 0, NULL),
(NULL, NULL, '', '72266265N', 'MARÍA', 'ANTONIO GARCÍA', '2001-07-22', 'SANTANDER', 'CANTABRIA', 'ESPAÑOLA', 'AVDA. DE LA CONSTITUCIÓN, 6, 5ºB', 39600, 'MALIAÑO', 'ESPAÑA', 942250240, 655837053, 'meerigarcia22@gmail.com', NULL, 'SAGRADA FAMILIA', 'ESO', NULL, 0, NULL),
(NULL, NULL, '', '72266701B', 'JONNATHAN', 'HERRERA MARTINEZ', '2004-03-15', 'RIBAMONTAN AL MAR', 'CANTABRIA', 'ESPAÑOLA', 'C- PADRE RÁBAGO', 39008, 'SANTANDER', 'ESPAÑA', 622051997, NULL, '', NULL, 'IES AG LINARES', 'FP BASICA INFORMATICA Y COMUNICACIONES', NULL, 0, NULL),
(NULL, NULL, '', '72267086M', 'JOSE ANGEL', 'JIMENEZ RODRIGUEZ', '1997-10-24', 'Santander', 'Cantabria', 'Española', 'JOSE MARIA COSSIO Nº13 9ºD', 39011, 'Santander', 'Cantabria', NULL, 635140101, '', NULL, '', '3º ESO', NULL, 1, NULL),
(NULL, NULL, '', '72267642D', 'MARÍA FERNANDA', 'CARBALLIDO SIERRA', '1991-11-20', 'BUCARAMANGA', 'BUCARAMANGA', 'COLOMBIANA', 'C- ISAAC PERAL, 26, PORTAL 11 6º I', 39008, 'SANTANDERº', 'COLOMBIA', NULL, 618376339, 'mariafernandacs@hotmail.es', NULL, 'CEINMARK', 'CFGM GESTIÓN ADMINISTRATIVA', NULL, 0, NULL),
(NULL, NULL, '', '72268370R', 'JAVIER', 'SAN MARTIN GOMEZ', '1996-04-18', 'SANTANDER', 'CANTABRIA', 'ESPAÑOLA', 'C- HERNÁN CORTÉS 55, 2º IZDA, ESC B', 39003, 'SANTANDER', 'ESPAÑA', 942216828, 600006479, 'javisanmarting9@gmail.com', NULL, 'LOS ANGELES CUSTODIOS', 'TECNICO EN FARMACIA Y PARAFARMACIA', NULL, 0, NULL),
(NULL, NULL, '', '72269105T', 'SORAYA DANAE', 'CONTRERAS GODOY ', '1991-12-16', 'CHILE', 'CHILE', 'ESPAÑOLA', 'Bº SAN MARTIN DEL PINO 23 PORTAL 18 5º IZQ', 39011, 'PEÑACASTILLO ', 'CANTABRIA', NULL, 611447507, 'SORAYACONTRERASGODOY@GMAIL.COM', NULL, 'COLEGIO PUBLICO MARIA INMACULADA', 'TECNICO EN SISTEMAS MICROINFORMATICOS Y REDES', NULL, 1, NULL),
(NULL, NULL, '', '72269663Y', 'RENZO FERNANDO J', 'LAURIA MARTINEZ', '2001-10-16', 'MENDOZA', 'MENDOZA', 'ARGENTINA', 'BJDA. SAN JUAN 22 P03 DR', 39012, 'SANTANDER', 'ARGENTINA', NULL, 665021985, '', NULL, 'CENTRO PUENTE', 'ESO', NULL, 0, NULL),
(NULL, NULL, '', '72270116E', 'KARLA ALEXANDRA', 'RAMÍREZ CUSTALS', '2001-09-26', 'REPÚBLICA DOMINICANA', NULL, 'DOMINICANA', 'C- ALTA, 46 A ESCALERA B 2º A', 39008, 'SANTANDER', 'REPUBLICA DOMINICANA', NULL, 625247397, 'karla__a@hotmail.com', NULL, 'SANTA MARÍA MICAELA', 'ESO', NULL, 0, NULL),
(NULL, NULL, '', '72270162E', 'PEDRO FRANCISCO', 'GAVELA MARTINEZ', '2001-09-14', 'SANTANDER', 'CANTABRIA', 'ESPAÑOLA', 'C-ALONSO 15, 1º B', 39010, 'SANTANDER', 'ESPAÑA', NULL, 645268680, 'lanadelreyxd27@gmail.com', NULL, 'IES LEORNARDO TORRES QUEVEDO', 'BACHILLERATO (ARTES)', NULL, 0, NULL),
(NULL, NULL, '', '72270390C', 'ELENA', 'CAMPOS URTIAGA', '1998-02-24', 'NICARAGUA', NULL, 'NICARAGUENSE', 'C- TENIENTE FUENTES PILA, 18, 2º K', 39005, 'SANTANDER', 'NICARAGUA', NULL, 605408200, 'e.caur@hotmail.com', NULL, NULL, 'ESO', NULL, 0, NULL),
(NULL, NULL, '', '72270745F', 'BRITTANNY', 'ANDRADE GONZÁLEZ', '1999-11-01', 'ECUADOR', NULL, 'ECUATORIANA', 'Bº LA CAGIGA, 10 B, CASA 7', 39478, 'PIÉLAGOS', 'ECUADOR', NULL, 637678368, 'andradegonzalezbrittanny@gmail.com', NULL, 'HERNÁN CORTÉS', 'TÉCNICO EN COMERCIO Y MARKETING', NULL, 0, NULL),
(NULL, NULL, '', '72270770D', 'ALVARO', 'RUIZ HERRERO', '2001-11-14', 'SANTANDER', 'CANTABRIA', 'ESPAÑOLA', 'Bº POSADORIOS 6D', 39477, 'BARCENILLA DE PIELAGOS', 'CANTABRIA', NULL, 675522048, 'alvaroherreroruiz@gmail.com', NULL, 'UNIVERSIDAD CANTABRIA', 'INGENIERIA EN TELECOMUNICACIONES', NULL, 1, NULL),
(NULL, NULL, '', '72272383N', 'CARLOS ANTONY', 'MOSCOSO PALACIOS', '1995-05-26', 'ECUADOR', 'ECUADOR', 'ESPAÑOLA', 'C/ SAINZ Y TREVILLA Nº 22 ', 39611, 'GUARNIZO', 'CANTABRIA', NULL, 634811824, 'CARLOS.MOSCOSOPALACIOS@GMAIL.COM', NULL, 'IES AUGUSTO GONZALEZ LINARES', 'GRADO MEDIO GESTION ADMINISTRATIVA', NULL, 1, NULL),
(NULL, NULL, '', '72272615Z', 'ENRIQUE', 'FLORENCIO GIL', '2001-12-11', 'SANTANDER', 'CANTABRIA', 'ESPAÑOLA', 'BARRIO SUMIGEDO 25', 39197, 'ARGOÑOS', 'ESPAÑA', NULL, 689653121, 'enflogil@gmail.com', NULL, 'IES MARQUES DE MANZANEDO', 'BACHILLER', NULL, 0, NULL),
(NULL, NULL, '', '72272850L', 'JOSÉ ANTONIO', 'DIEGO VILLANUEVA', '1999-01-08', 'SANTANDER', 'CANTABRIA', 'ESPAÑOLA', 'CALLE GENERAL MOSCARDÓ 5 7D', 39009, 'SANTANDER', 'ESPAÑA', NULL, 623173470, 'jadiegovillanueva@gmail.com', NULL, 'DECROLY', 'CFGM SIST. MICROINFORMATICOS Y REDES', NULL, 0, NULL),
(NULL, NULL, '', '72275147Q', 'ALEXANDRA', 'CRESPO BRINGAS', '2001-08-14', 'SANTANDER', 'CANTABRIA', 'ESPAÑOLA', 'C- ALTA, 109 A, 3º DRCHA.', 39008, 'SANTANDER', 'ESPAÑA', 942351514, 601423672, 'alexandracrespobringas@gmail.com', NULL, 'IES ALBERTO PICO', '3º ESO', NULL, 0, NULL),
(NULL, NULL, '', '72275347D', 'ERICKA MARIUXI', 'PALACIOS ALCIVAR', '1988-07-29', 'GUAYAQUIL', 'ECUADOR', 'ECUATORIANA', 'C- LA LUZ', 39008, 'SANTANDER', 'ECUADOR', NULL, 640832157, 'mariuxi29.epa@gmail.com', NULL, NULL, 'TÉCNICA EN CUIDADOS AUXILIARES DE ENFERMERÍA', NULL, 0, NULL),
(NULL, NULL, '', '72276689V', 'MARIA DEL ROSARI', 'ZELA OYARDO', '1971-11-06', 'MIRAFLORES', 'LIMA (PERU)', 'PERUANA', 'CALLE COLOMBIA 12 4IZ', 39008, 'SANTANDER', 'PERU', NULL, 691156413, 'rosariozela@hotmail.com', NULL, NULL, 'CFGM CUIDADOS AUXILIARES DE ENFERMERIA', NULL, 0, NULL),
(NULL, NULL, '', '72277918G', 'PAOLO JEANS', 'ROMERO ANTAYHUA', '2001-10-31', 'SAN JUAN DE MIRAFLORES', 'LIMA', 'ESPAÑOLA', 'CALLE CASTILLA 49 2 IZ', 39009, 'SANTANDER', 'CANTABRIA', NULL, 611333108, 'paoromero300@gmail.com', NULL, 'MARIA INMACULADA', 'GRADO MEDIO SISTEMAS MICROINFORMATICOS Y REDES', NULL, 1, NULL),
(NULL, NULL, '', '72278181Z', 'NANCY SILVINA', 'VERASTEGUI ISIDRO', '1973-05-23', 'PASCO PERÚ', 'PASCO', 'PERUANA', 'C-LOS INDIANOS 2 4º DCHA', 39010, 'SANTANDER', 'PERU', NULL, 625064175, 'nancynvi1234@gmail.com', NULL, 'IES SANTA CLARA', 'ATENCIÓN A PERSONAS EN SITUACIÓN DE DEPENDENCIA', NULL, 0, NULL),
(NULL, NULL, '', '72278219Y', 'ERIKA MODESTA', 'COBOS ENCARNACIÓN', '2000-04-06', 'SANTANDER', 'CANTABRIA', 'DOMINICANA', 'MARQUÉS DE LA HERMIDA, 36, 1º, P 13', 39009, 'SANTANDER', 'REPUBLICA DOMINICANA', NULL, 677888665, 'erikacobos35@gmail.com', NULL, 'MIGUEL BRAVO', 'ESO', NULL, 0, NULL),
(NULL, NULL, '', '72278312F', 'HERMAN DARIO', 'RINCON MEDINA', '1997-02-11', 'BUENAVENTURA', 'COLOMBIA', 'ESPAÑOLA', 'PROFESOR JIMENEZ DIAZ 13 4IZQ', 39007, 'SANTANDER', 'CANTABRIA', 648680980, 679669861, 'rincondario169@gmail.com', 7, 'AMPROS', 'BÁSICA', NULL, 1, NULL),
(NULL, NULL, '', '72278579K', 'FRANCISCO', 'ZURITA TABORGA', '1998-10-19', 'BOLIVIA', NULL, 'ESPAÑOLA', 'CALLE ALTA, 1, 4º IZ', 39008, 'SANTANDER', 'ESPAÑA', NULL, 637367978, 'fran48zurita84@gmail.com', NULL, 'IES JOSE MARÍA PEREDA', 'BACHILLERATO', NULL, 0, NULL),
(NULL, NULL, '', '72279229G', 'DESIREE', 'SILVA JIMÉNEZ', '1999-02-18', 'SANTANDER', 'CANTABRIA', 'ESPAÑOLA', 'CUESTA DEL HOSPITAL, Nº 18, 2º', 39008, 'SANTANDER', 'ESPAÑA', NULL, 722511781, '', NULL, 'IES ALISAL', '2º ESO', NULL, 0, NULL),
(NULL, NULL, '', '72279404H', 'MILADY SHANEL', 'VILLEGAS DAVAS', '1999-05-13', 'BAHIA DE CARAQUEZ', 'MANABI', 'ECUATORIANA', 'C- JOSE BARROS Nº1 -4º B', 39600, 'MALIAÑO', 'ECUADOR', 942762169, 601258130, 'lizzdavas@gmail.com', NULL, 'IES MURIEDAS', 'BACHILLER', NULL, 0, NULL),
(NULL, NULL, '', '72279491J', 'DAVID', 'SANCHEZ CUESTA', '2002-08-24', 'MOMPIA', 'CANTABRIA', 'ESPAÑOLA', 'C SAN MARTÍN DEL PINO 23-P2-BAJO de', 39011, 'SANTANDER', 'ESPAÑA', 696829010, 676240587, 'rogodamar1@gmail.com', NULL, 'SAN ANTONIO', 'ESO', NULL, 0, NULL),
(NULL, NULL, '', '72280625C', 'CRISTIAN DAVID', 'JIMÉNEZ ARENAS', '1998-04-09', 'CALI', 'VALLE DEL CAUCA', 'COLOMBIANA', 'C- SANTA LUCIA 8', 39003, 'SANTANDER', 'COLOMBIA', NULL, 651099960, 'cjimenezagad@ceinmark.net', NULL, 'CEINMARK', 'CFGM de FM GESTIÓN ADMINISTRATIVA', NULL, 0, NULL),
(NULL, NULL, '', '72281993P', 'MAYERLY GENITH', 'BARCIA RODRÍGUEZ', '2002-01-10', 'ECUADOR', NULL, 'ECUATORIANA', 'CAMILO ALONSO VEGA, Nº 20, 1º F', 39007, 'SANTANDER', 'ECUADOR', NULL, 722290387, '', NULL, 'MERCEDARIAS', 'CURSÓ 4º DE LA ESO', NULL, 0, NULL),
(NULL, NULL, '', '72285150Z', 'DANIEL', 'VEGA PUERTAS', '2004-07-06', 'SANTANDER', 'CANTABRIA', 'ESPAÑOLA', 'GRUPO SANTOS MARTIRES 4B 3IZQ', 39001, 'SANTANDER', 'CANTABRIA', 942942597, 629423676, 'svcic@hotmail.com', NULL, 'COLEGIO SAN JOSE', 'ESO', NULL, 0, NULL),
(NULL, NULL, '', '72285213P', 'JEREMAI', 'LEON DUVAL', '2004-09-11', 'SANTANDER', 'CANTABRIA', 'ESPAÑOLA', 'TRAVESIA RIO DE LA PILA Nº 3 1º IZDA', 39003, 'SANTANDER', 'CANTABRIA', NULL, 644767555, 'SEFORAEISAAC@GMAIL.COM', NULL, '', '', NULL, 1, NULL),
(NULL, NULL, '', '72289600W', 'JAIRO', 'PEREZ MADARZO', '2004-02-18', 'SANTANDER', 'CANTABRIA', 'ESPAÑOLA', 'C-GENERAL DAVILA 91 (CAIF)', 39006, 'SANTANDER', 'ESPAÑA', 942231463, NULL, 'jairomadrazo5@gmail.com', NULL, 'IES BESAYA', 'FPB C0CINA', NULL, 0, NULL),
(NULL, NULL, '', '72291005G', 'JOAN MANUEL', 'AQUINO ARRIAGA', '1994-05-18', 'PERÚ', 'LIMA', 'ESPAÑOLA', 'C/ GENERAL DÁVILA PORTAL 1 5º IZQUIERDA', 39005, 'SANTANDER', 'CANTABRIA', 942551809, 640734262, 'JOANMANUELS24@HOTMAIL.COM', NULL, 'CENTRO DE FORMACIÓN PROFESIONAL ESPECÍFICA MARÍA INMACULADA', 'SISTEMAS MICROINFORMÁTICOS Y REDES', NULL, 1, NULL),
(NULL, NULL, '', '72291462R', 'JORAL DANI', 'CÉSPEDES RAMÍREZ', '1999-10-06', 'AZUA', 'AZUA', 'DOMINICANA', 'GENERAL DÁVILA, 278,  5º IZQ.', 39006, 'SANTANDER', 'REPUBLICA DOMINICANA', NULL, 693559738, 'jarolramirez10@gmail.com', NULL, 'ESCUELA DE ADULTOS', 'ESO', NULL, 0, NULL),
(NULL, NULL, '', '723050648P', 'Adriana', 'Martínez Guillén', '1995-03-07', 'Santander', 'Cantabria', 'ESPAÑOLA', 'C- Jose María de Cossío 11, 2d', 39011, 'SANTANDER', 'ESPAÑA', NULL, 654010688, 'amguillen17@hotmail.es', NULL, 'IES El Alisal', 'Bachiller', NULL, 0, NULL),
(NULL, NULL, '', '72305774F', 'IVONNE KATHERINE', 'GUILLÉN SEVERINO', '1999-05-17', 'PERU', 'LIMA', 'ESPAÑOLA', 'CONCEPCION ARENAL Nº1, 1ºB', 39008, 'SANTANDER', 'CANTABRIA', NULL, 685401237, 'IKGUILLENS17@gmail.com', NULL, 'CEINMARK', 'GRADO MEDIO GESTION ADMINISTRATIVA', NULL, 1, NULL),
(NULL, NULL, '', '72306199H', 'ALEX', 'JIMÉNEZ JIMÉNEZ', '2003-08-26', 'SANTANDER', 'CANTABRIA', 'ESPAÑOLA', 'C-CARMEN BRAVO VILLASANTE, 8, 4º A', 39011, 'SANTANDER', 'ESPAÑA', NULL, 662495184, '', NULL, 'IES AUGUSTO GONZÁLEZ LINARES', '2º ESO', NULL, 0, NULL),
(NULL, NULL, '', '72308020E', 'JAIRO', 'LOPEZ LOBO', '2021-01-26', 'SANTANDER', 'CANTABRIA', 'ESPAÑOLA', 'CARMEN BRAVO VILLASANTE 6B 3A', 39011, 'SANTANDER', 'CANTABRIA', 942103767, 674939718, 'jairololo04@gmail.com', NULL, 'IES PEÑACASTILLO', 'ESO', NULL, 1, NULL),
(NULL, NULL, '', '72341933X', 'CRISTHIAN ENRRIQUE', 'TINTAYA BELTRAN', '1997-04-25', 'BOLIVIA', 'BOLIVIA', 'ESPAÑOLA', 'C/ SAN SEBASTIAN Nº4 BAJO DCHA', 39001, 'SANTANDER', 'CANTABRIA', NULL, 722238043, 'XETYBE97@GMAIL.COM', NULL, '', 'BACHILLER HOMOLOGADO', NULL, 1, NULL),
(NULL, NULL, '', '72350581X', 'SARAI', 'ALVES FERNANDEZ', '1992-02-08', 'SANTANDER', 'CANTABRIA', 'ESPAÑOLA', 'C/ GUTIERREZ SOLANA Nº33 7ºA', 39600, 'MURIEDAS', 'CANTABRIA', NULL, 659726207, 'saraialves5@gmail.com', NULL, 'COLEGIO MARÍA INMACULADA', 'AUXILAR ENFERMERIA', NULL, 1, NULL),
(NULL, NULL, '', '72350942A', 'MIGUEL ÁNGEL', 'PRIETO ENRÍQUEZ', '2000-09-28', 'SANTANDER', 'CANTABRIA', 'ESPAÑOLA', 'C- LOS ENCINARES Nº 3 2º D', 39011, 'SANTANDER', 'ESPAÑA', 942054055, 608495623, 'mikelean12@gmail.com', NULL, 'IES AUGUSTO LINARES', 'PRUEBA DE ACCESO A CFGS. OPCIÓN B', NULL, 0, NULL),
(NULL, NULL, '', '72350951N', 'MARTA', 'ARCE VÍA', '1997-07-09', 'SANTANDER', 'CANTABRIA', 'ESPAÑOLA', 'BARRIO ARENAS Nº17', 39609, 'ESCOBEDO DE CAMARGO', 'ESPAÑA', 942258150, 675941318, 'martaarce9797@gmail.com', NULL, 'IES RIA DEL CARMEN', 'BACHILLER', NULL, 0, NULL),
(NULL, NULL, '', '72351058G', 'DANIEL ', 'HERNANDEZ CANTERA', '1996-11-04', 'SANTANDER', 'CANTABRIA', 'ESPAÑOLA', 'C/ ISAAC PERAL Nº8 ESC B 2º A', 39008, 'SANTANDER', 'CANTABRIA', NULL, 605956547, 'DANIELHERNANDEZCANTERA@GMAIL.COM', NULL, 'DECROLY', 'TECNICO EN SISTEMAS MICROINFORMATICOS Y REDES', NULL, 1, NULL),
(NULL, NULL, '', '72351144K', 'ÁLVARO', 'OREÑA GÓMEZ', '1998-11-17', 'SANTANDER', 'CANTABRIA', 'ESPAÑOLA', 'AVDA. MARQUES DE VALDECILLA 44D', 39110, 'SANTA CRUZ DE BEZANA', 'ESPAÑA', NULL, 689737242, 'alvarore_98@hotmail.com', NULL, 'IES AUGUSTO GONZALEZ DE LINARES', 'PRUEBA DE ACCESO A CFGS', NULL, 0, NULL),
(NULL, NULL, '', '72351255V', 'PAULA', 'HERRERO OLAVARRI', '1996-09-13', 'SANTANDER', 'CANTABRIA', 'ESPAÑOLA', 'RIA DE SOLÍA, Nº 14, 4º T', 39610, 'EL ASTILLERO', 'ESPAÑA', NULL, 644148046, 'pherrero.olavarri@gmail.com', NULL, 'UNIVERSIDAD DE CANTABRIA', 'GRADO EN ADMINISTRACIÓN Y DIRECCIÓN DE EMPRESAS', NULL, 0, NULL),
(NULL, NULL, '', '72351271X', 'OLIVER', 'LÓPEZ FERNÁNDEZ', '1999-10-25', 'SANTANDER', 'CANTABRIA', 'ESPAÑOLA', 'C- GERARDO DE ALVEAR, 13 C, 2 D', 39011, 'SANTANDER', 'ESPAÑA', 942034776, 677778887, 'KOMPLOT11@GMAIL.COM', NULL, NULL, NULL, NULL, 0, NULL),
(NULL, NULL, '', '72351389J', 'RUBÉN', 'GARAÑA RODRIGUEZ', '2000-04-08', 'SANTANDER', 'CANTABRIA', 'ESPAÑOLA', 'CALLE CAMILO ALONSO VEGA 22 1D', 39007, 'SANTANDER', 'ESPAÑA', NULL, 644371163, 'rubengaraña2000@gmail.com', NULL, 'IES JOSE MARIA PEREDA', 'BACHILLERATO', NULL, 0, NULL),
(NULL, NULL, '', '72351517A', 'SERGIO', 'CEA GOMEZ', '2000-10-12', 'SANTANDER', 'CANTABRIA', 'ESPAÑOLA', 'CALLE LA GLORIA 178B', 39012, 'SANTANDER', 'ESPAÑA', NULL, 692270815, '', NULL, 'DECROLY', 'CICLO GRADO MEDIO SIST. MICROINFORMÁTICOS REDES', NULL, 0, NULL),
(NULL, NULL, '', '72351650K', 'CRISTINA', 'JIMENEZ GARCIA', '1993-06-04', 'SANTANDER', 'CANTABRIA', 'ESPAÑOLA', 'C- CARDENAL HERRERA ORIA 55 1ºD', 39011, 'SANTANDER', 'ESPAÑA', NULL, 643719368, '', NULL, NULL, NULL, NULL, 0, NULL),
(NULL, NULL, '', '72352478K', 'OSCAR', 'CELADOR MADRAZO', '2000-05-20', 'SANTANDER', 'CANTABRIA', 'ESPAÑOLA', 'AVDA. LA LIBERTAD 23B 2 P02 DR', 39600, 'MURIEDAS', 'ESPAÑA', NULL, 601409346, 'oscarceladormadrazo@gmail.com', NULL, 'IES MURIEDAS', 'BACHILLER', NULL, 0, NULL),
(NULL, NULL, '', '72352700J', 'ANDRÉS', 'PADÍN NORIEGA', '2000-08-03', 'SANTANDER', 'CANTABRIA', 'ESPAÑOLA', 'C-PRONILLO 21 P3B', 39012, 'SANTANDER', 'ESPAÑA', NULL, 601353825, '6andresplay@gmail.com', NULL, NULL, 'ESO', NULL, 0, NULL),
(NULL, NULL, '', '72353847X', 'ALEXANDRA', 'ÁLVAREZ VALLE', '1997-05-05', 'SANTANDER', 'CANTABRIA', 'ESPAÑOLA', 'AVDA. NUEVA MONTAÑA Nº 18, 1º B', 39011, 'SANTANDER', 'ESPAÑA', NULL, 682378536, 'alexandralvarez@gmail.com', NULL, NULL, 'TÉCNICO EN GRADO MEDIO GESTIÓN ADMINISTRATIVA', NULL, 0, NULL),
(NULL, NULL, '', '72353880C', 'CRISTINA', 'BORJA JIMÉNEZ', '2001-12-24', 'SANTANDER', 'CANTABRIA', 'ESPAÑOLA', 'AVDA. CARDENAL HERRERA ORIA 61P10C', NULL, 'SANTANDER', 'ESPAÑA', NULL, 675465054, 'criisborjajimenez@gmail.com', NULL, NULL, 'ESO', NULL, 0, NULL),
(NULL, NULL, '', '72353882E', 'JESICA', 'BORJA JIMÉNEZ', '2001-12-24', 'SANTANDER', 'CANTABRIA', 'ESPAÑOLA', 'AVDA CARDENAL HERRERA ORIA 61P10C', NULL, 'SANTANDER', 'ESPAÑA', NULL, 600611214, '', NULL, NULL, 'PRUEBA DE ACCESO A CICLOS FORMATIVOS', NULL, 0, NULL),
(NULL, NULL, '', '72353883T', 'RAQUEL', 'BORJA JIMÉNEZ', '2001-12-24', 'SANTANDER', 'CANTABRIA', 'ESPAÑOLA', 'AVDA. CARDENAL HERRERA ORIA 61 P10C', 39011, 'SANTANDER', 'ESPAÑA', NULL, 674943352, 'raqueelborja@gmail.com', NULL, 'CEINMARK', 'GRADO MEDIO GESTION ADMINISTRATIVA', NULL, 1, NULL),
(NULL, NULL, '', '72353961D', 'LEIRE', 'TERÁN FLORES', '1994-09-09', 'BILBAO', 'VIZCAYA', 'ESPAÑOLA', 'Bº LA MADRID, Nº 39 B', 39790, 'GAMA', 'ESPAÑA', NULL, 692527990, 'teranflores leyre@gmail.com', NULL, NULL, NULL, NULL, 0, NULL),
(NULL, NULL, '', '72354043E', 'PABLO', 'ORTA ALONSO', '1999-02-17', 'MOMPÍA', 'CANTABRIA', 'ESPAÑOLA', 'URBANIZACIÓN BEZANA BELLA, Nº 44', 39100, 'BEZANA', 'ESPAÑA', NULL, 601285921, 'info@albergueelportalon.com', NULL, NULL, 'CICLO DE GRADO MEDIO', NULL, 0, NULL),
(NULL, NULL, '', '72354286N', 'LORENZO', 'SECADES TORIBIO', '2004-09-11', 'SANTANDER', 'CANTABRIA', 'ESPAÑOLA', 'JUAN GUERRERO URRESTI 25 1C', 39011, 'SANTANDER', 'CANTABRIA', NULL, 609625215, 'patilo31@hotmail.com', NULL, 'IES AUGUSTO G LINARES', '3 ESO', NULL, 1, NULL),
(NULL, NULL, '', '72354608N', 'MARTA', 'BARCENA SOTA', '1998-09-02', 'SANTANDER', 'CANTABRIA', 'ESPAÑOLA', 'CALLE LOS CIRUELOS 27 1B', 39011, 'SANTANDER', 'ESPAÑA', NULL, 633743210, 'martabarcenasota@gmail.com', NULL, 'COLEGIO MARIA AUXILIADORA (SANTANDER)', 'BACHILLER', NULL, 0, NULL),
(NULL, NULL, '', '72355316F', 'EUKENE', 'CUELLO INFIESTA', '1997-11-16', 'LAREDO', 'CANTABRIA', 'ESPAÑOLA', 'BARO. EL PINO 2 20', 39120, 'LIENCRES', 'CANTABRIA', NULL, 635995384, '1611eukene@gmail.com', NULL, '', 'ESO', NULL, 1, NULL),
(NULL, NULL, '', '72355361Y', 'OLGA', 'FERNÁNDEZ ÁLVAREZ', '2001-07-15', 'SANTA CRUZ DE BEZANA', 'CANTABRIA', 'ESPAÑOLA', 'URB EL PARQUE II Nº25', 39100, 'SANTA CRUZ DE BEZANA', 'ESPAÑA', 942585761, 687485493, 'alfylour@yahoo.es', NULL, 'IES CASTROVERDE', '3º ESO', NULL, 0, NULL),
(NULL, NULL, '', '72355439S', 'MARCO ANTONIO', 'LIAÑO BLANCO', '2003-04-26', 'SANTANDER', 'CANTABRIA', 'ESPAÑOLA', 'C/SAN FERNANDO 72', 39010, 'SANTANDER', 'CANTABRIA', 630103478, 640342477, 'peli.blan@hotmail.com', NULL, 'DECROLY', 'SERVICIOS ADMINISTRATIVOS', NULL, 1, NULL),
(NULL, NULL, '', '72356517N', 'ETHAN', 'PÉREZ LEAL', '1998-01-25', 'SANTANDER', 'CANTABRIA', 'ESPAÑOLA', 'ISAAC ALBÉNIZ, 2, 3º A', 39011, 'SANTANDER', 'ESPAÑA', NULL, 651560244, 'ethanperezleal98@gmail.com', NULL, NULL, NULL, NULL, 0, NULL),
(NULL, NULL, '', '72356799H', 'CRISTIAN ANDERSO', 'CAMPOS RAMOS', '2001-02-07', 'PERÚ', NULL, 'ESPAÑOLA', 'C- CUESTA GARMENDIA, 12, 1º DRCHA.', 39008, 'SANTANDER', 'ESPAÑA', NULL, 685323110, 'cristianj020916@gmail.com', NULL, NULL, NULL, NULL, 0, NULL),
(NULL, NULL, '', '72357187S', 'ÁNGELA', 'GARCÍA ALONSO', '1998-01-12', 'SANTANDER', 'CANTABRIA', 'ESPAÑOLA', 'Bª LAS ESCUELAS, 71 D, CHALET 11', 39719, 'MARINA DE CUDEYO (SETIÉN)', 'ESPAÑA', NULL, 675731858, 'angelaagarciaalonso@gmail.com', NULL, NULL, 'ESO', NULL, 0, NULL),
(NULL, NULL, '', '72357302S', 'ADRIAN', 'ITURBE ALVARADO', '1998-08-23', 'SANTANDER', 'CANTABRIA', 'ESPAÑOLA', 'CAMILO ALONSO VEGA 54 5D', 39005, 'SANTANDER', 'ESPAÑA', NULL, 601052886, 'acrozback@gmail.com', NULL, 'CEINMARK', 'GSFP DESARROLLO DE APLICACIONES MULTIPLATAFORMA', NULL, 0, NULL),
(NULL, NULL, '', '72358223Q', 'MARTA', 'GARCIA SANCHEZ', '2000-04-25', 'SANTANDER', 'CANTABRIA', 'ESPAÑOLA', 'C/ RICARDO LOPEZ ARANDA Nº 22 C 3ºD', 39011, 'SANTANDER', 'CANTABRIA', NULL, 601124963, 'MARTAGARCIAYY@GMAIL.COM', NULL, 'IES AUGUSTO GONZALEZ LINARES', 'BACHILLER HOMOLOGADO', NULL, 1, NULL),
(NULL, NULL, '', '72358446D', 'MARIO', 'DIAZ GARCIA', '2002-01-10', 'SANTANDER', 'CANTABRIA', 'ESPAÑOLA', 'AVDA DEL ESTADIUM PORTAL 19 P 5 H', 39005, 'SANTANDER', 'CANTABRIA', NULL, 611486800, 'DGMARIO63@GMAIL.COM', NULL, 'CENTRO DE FORMACIÓN PROFESIONAL MARIA INMACULADA', 'TECNICO EN SISTEMAS MICROINFORMATICOS Y REDES', NULL, 1, NULL),
(NULL, NULL, '', '72358530R', 'ALVARO ', 'NOREÑA GUTIERREZ', '2001-02-12', 'SANTANDER', 'CANTABRIA', 'ESPAÑOLA', 'C/ ELENA SORIANO Nº 22', 39011, 'SANTANDER', 'CANTABRIA', NULL, 619710202, 'ALVARODENORE@GMAIL.COM', NULL, 'IES AUGUSTO GONZALEZ LINARES', 'BACHILLER HOMOLOGADO', NULL, 1, NULL),
(NULL, NULL, '', '72358549C', 'JAVIER', 'GONZALEZ DEL CAMPO', '2002-10-29', 'SANTANDER', 'CANTABRIA', 'ESPAÑOLA', 'AVENIDA CAMILO ALONSO VEGA 16A 5A', 39007, 'SANTANDER', 'CANTABRIA', NULL, 644454129, 'javier.glz.del.camp@gmail.com', NULL, 'LA SALLE', 'BACHILLER', NULL, 1, NULL),
(NULL, NULL, '', '72358863N', 'KEVIN', 'BALAGUER SERRANO', '2000-07-17', 'SANTANDER', 'CANTABRIA', 'ESPAÑOLA', 'BARRIO EL CUADRO 181B Nº12', 39692, 'LIAÑO', 'ESPAÑA', NULL, 606575943, 'kevinbalaguerserrano@gmail.com', NULL, 'IES AUGUSTO GONZÁLEZ LINARES', '2º ESO', NULL, 0, NULL),
(NULL, NULL, '', '72359328V', 'RUDDY ANDRES', 'VARGAS SANTOS', '1996-08-02', 'REPUBLICA DOMENICANA', 'REPUBLICA DOMENICANA', 'ESPAÑOLA', 'C/ SAN FERNANDO Nº 34 7º IZDA', 39010, 'SANTANDER', 'CANTABRIA', NULL, 692961534, 'JOHNSANTOS117@GMAIL.COM', NULL, 'CENTRO CEPA- SANTANDER', 'ESO', NULL, 1, NULL),
(NULL, NULL, '', '72359486Z', 'LARA ', 'ORTIZ FERNANDEZ', '1999-12-14', 'SANTANDER', 'CANTABRIA', 'ESPAÑOLA', 'C/JOAQUIN SALAS 2 PORTAL 1ºE', 39001, 'SANTANDER', 'CANTABRIA', NULL, 687277476, 'LARAORTIZFERNANDZ99@GMAIL.COM', NULL, 'IES RIA DEL CARMEN', 'BACHILLER HOMOLOGADO', NULL, 1, NULL),
(NULL, NULL, '', '72361466Q', 'SUSANA', 'HERNÁNDEZ BORJA', '2002-07-12', 'SANTANDER', 'CANTABRIA', 'ESPAÑOLA', 'C- CARDENAL HERRERA ORIA', 39011, 'SANTANDER', 'ESPAÑA', NULL, 603040407, 'susanamrzoz@gmail.com', NULL, NULL, NULL, NULL, 0, NULL),
(NULL, NULL, '', '72364332F', 'LLARIS', 'GONZÁLEZ GRACIA', '2004-12-13', 'SANTANDER', 'CANTABRIA', 'ESPAÑOLA', 'C- LOS MOZOS 28A', 39611, 'GUARNIZO', 'ESPAÑA', 635352416, 662485995, 'anbrella90@gmail.com', NULL, 'LOS REMEDIOS', '2º ESO', NULL, 0, NULL),
(NULL, NULL, '', '73047470E', 'SUSANA BEATRIZ', 'DELVALLE BELOSO', '1972-12-12', 'ASUNCIÓN', 'ASUNCIÓN', 'PARAGUAYA', 'C- FLORANES, 48 1º C', 39010, 'SANTANDER', 'PARAGUAY', NULL, 642325185, 'susanadelvallebeloso@hotmail.com', NULL, NULL, 'HOMOLOGACIÓN TÍTULO BACHILLER', NULL, 0, NULL),
(NULL, NULL, '', '73492611K', 'JOHN XANDERS', 'SALAZAR CALACHAHUIN', '1996-02-25', 'PERÚ', 'LIMA', 'PERUANO - ESPAÑOL', 'C/ ALTA Nº 56 2º E', 39008, 'SANTANDER', 'CANTABRIA', NULL, 617010403, 'XANDERS366@GMAIL.COM', NULL, 'DECROLI', 'ADMINISTRACIÓN DE SISTEMAS INFORMÁTICOS EN RED', NULL, 1, NULL),
(NULL, NULL, 'Y', '7471771M', 'Mohamed ', 'Rafya', '2002-02-07', 'Marruecos', 'Marruecos', '', 'C/Castilla nº59, 2ºE', 39009, 'Santander', 'Cantabria', NULL, 631771892, 'mohamed.rafya.202@gmail.com', NULL, '', '3ºESO', NULL, 1, NULL),
(NULL, NULL, '', '76061908B', 'LOIDA', 'GARCÍA ALDAMA', '2000-03-23', 'SANTANDER', 'CANTABRIA', 'ESPAÑA', 'AVDA DE LOS CONDES, 1', 39108, 'SANTA CRUZ DE BEZANA', 'ESPAÑA', NULL, 696362923, 'loigaral00@gmail.com', NULL, 'ACADEMIA DIDÁCTICA', 'GRADO MEDIO ADMINISTRACIÓN Y GESTIÓN', NULL, 0, NULL);
INSERT INTO `alumnos` (`id_escolar`, `expe_centro`, `passnie`, `dni`, `nombre`, `apellidos`, `f_nac`, `loc_nac`, `prov_nac`, `nacionalidad`, `domicilio`, `cp`, `localidad`, `provincia`, `tel_fijo`, `movil`, `email`, `discapacidad`, `centro_ant`, `tit_acceso`, `foto`, `f_proteccion`, `observaciones`) VALUES
(NULL, NULL, 'Y', '7609723A', 'DANNY', 'EDQUEN BURGOS', '1997-07-08', 'PERU', 'PERU', 'PERUANA', 'AVENIDA VICENTE TRUEBA N4 1C', 39011, 'SANTANDER', 'CANTABRIA', NULL, 639779825, 'dannyedquen@gmail.com', NULL, 'UNIVERSIDAD EUROPEA', 'BACHILLER HOMOLOGADO', NULL, 1, NULL),
(NULL, NULL, '', '77099583H', 'EZQUIEL DAVID', 'SANCHEZ ALONSO', '1989-12-12', 'MARACAY', 'ARAGUA', 'VENEZOLANA', 'GENERAL DAVILA 208 9C', 39006, 'SANTANDER', 'VENEZUELA', NULL, 625904895, 'giselamendezcisneros@hotmail.com', NULL, 'VENEZUELA', 'BACHILLER', NULL, 0, NULL),
(NULL, NULL, '', '95795841J', 'JOSE MANUEL', 'ZAMBRAZO PINZON', '1997-09-10', 'SANTANDER', 'CANTABRIA', 'VENEZOLANA', 'AVENIDA DE VALDECILLA 27', 39011, 'SANTANDER', 'VENEZUELA', NULL, 604182279, 'zjosemanuel2012@gmail.com', NULL, NULL, 'GESTION ADMINISTRATIVA', NULL, 0, NULL),
(NULL, NULL, '', '99999999A', 'PEPITO', 'PEREZ PEREZ', '2000-02-15', 'SANTANDER', 'CANTABRIA', 'ESPAÑOLA', 'C\\VARGAS 54 2A', 39008, 'SANTANDER', 'CANTABRIA', NULL, 999999999, 'pepitoperezperez@gmail.com', NULL, 'MAGALLANES', 'ESO', NULL, 1, NULL),
(NULL, NULL, '', 'AR426022', 'HERNANDO', 'ARRUNATEGUI ARROYAVE', '1995-05-17', 'COLOMBIA', 'COLOMBIA', 'COLOMBIANA', 'FRANCISCO TOMAS Y VALIENTE 23E 4A', 39011, 'SANTANDER', 'COLOMBIA', NULL, 643416547, 'ARRUNATEGUI1995@GMAIL.COM', NULL, 'COLOMBIA', 'BACHILLERATO', NULL, 0, NULL),
(NULL, NULL, '', 'AV614640', 'DARWIN ESTIVEN', 'RICO NIÑO', '2001-10-15', 'COLOMBIA', NULL, 'COLOMBIANA', 'C-ISLA DE CUBA, 17, 4º CENTRO', 39008, 'SANTANDER', 'COLOMBIA', 648976228, 643002132, 'darwinrico.77@gmail.com', NULL, NULL, 'FORMACIÓN EN COLOMBIA', NULL, 0, NULL),
(NULL, NULL, '', 'GA061895', 'GUSTAVO', 'PEDRONI DA FONSECA', '1995-11-07', 'BRASIL', NULL, 'BRASILEÑA', 'C-FERNANDO DE LOS RÍOS, 64, 6º A', 39006, 'SANTANDER', 'BRASIL', NULL, 643921699, '', NULL, NULL, 'BACHILLERATO HOMOLOGADO (PEDIENTE)', NULL, 0, NULL),
(NULL, NULL, '', 'L325356', 'ESTEBAN EMILIANO', 'PORTILLO OLMEDO', '1995-07-19', 'ASUNCION', 'CENTRAL', 'PARAGUAYA', 'LEALTAD Nº 8 2 IZQUIERDA', 39002, 'SANTANDER', 'PARAGUAY', NULL, 647310845, 'estebanmax19@gmail.com', NULL, 'PARAGUAY', 'BACHILLER HOMOLOGADO', NULL, 0, NULL),
(NULL, NULL, '', 'V1617708', 'ANGELINA', 'DURÁN JIMÉNEZ', '1976-10-17', 'CORDOBA', 'VERACRUZ', 'MEXICANA', 'CUESTA ATALAYA 1 P02', 39001, 'SANTANDER', 'MEXICO', NULL, 627719355, 'angelydur@hotmail.com', NULL, NULL, 'ESO', NULL, 0, NULL),
(NULL, NULL, '', 'X2988619E', 'JUANA MARÍA', 'PRECIADOS RODRÍGUEZ', NULL, NULL, NULL, 'ECUATORIANA', NULL, NULL, 'SANTANDER', 'ECUADOR', NULL, 642169314, '', NULL, NULL, 'PENDIENTE DE HOMOLOGACIÓN TÍTULO BACHILLERATO', NULL, 0, NULL),
(NULL, NULL, '', 'X5144372P', 'LISSET VICTORIA', 'SUÁREZ MORENO', '1990-05-05', 'HOLGUÍN', 'HOLGUÍN', 'CUBANA', 'C- LA LLAMA Nº9-2ºF', 39300, 'TORRELAVEGA', 'CUBA', NULL, 695029791, 'liss.smj25@gmail.com', NULL, 'MARQUES DE SANTILLANA', 'ESO', NULL, 0, NULL),
(NULL, NULL, '', 'X5478329M', 'ALIONA', NULL, '1979-09-05', 'MONDAVIA', NULL, 'MOLDAVA', 'C- HERMANOS GÓMEZ PEREDO, 17 A', 39600, 'MURIEDAS (CAMARGO)', 'MOLDAVIA', NULL, 664722204, 'alionaciaica@hotmail.com', NULL, NULL, 'ESO', NULL, 0, NULL),
(NULL, NULL, '', 'X5786345M', 'PETRONA', 'INSAURRALDE MOREL', '1975-06-29', 'CRUCE BELLAVISTA', 'PARAGUAY', 'PARAGUAYA', 'ISLA DE CUBA', 39008, 'SANTANDER', 'PARAGUAY', NULL, 603434505, '', NULL, NULL, NULL, NULL, 0, NULL),
(NULL, NULL, '', 'X606171S', 'ANETTE DAPHNE', 'CRUZ MONDRAGON', '2001-01-13', 'LIMA', 'PERÚ', 'PERUANA', 'AVDA. CAMILO ALONSO VEGA 20 P4 F', NULL, 'SANTANDER', 'PERU', NULL, 640139150, 'anetdel01@gmail.com', NULL, NULL, 'ESO', NULL, 0, NULL),
(NULL, NULL, '', 'X6156742X', 'SANDRA', 'CORTÉS LUNA', '1988-05-24', 'COLOMBIA', 'COLOMBIA', 'COLOMBIANA', 'C-LUCIANO MALUMBRES 3C PISO 3B', 39011, 'SANTANDER', 'COLOMBIA', NULL, 622172133, 'sandracortes2405@gmail.com', NULL, 'IES AUGUSTO LINARES', 'TÉCNICO EN CUIDADOS AUXILIARES DE ENFERMERÍA', NULL, 0, NULL),
(NULL, NULL, '', 'X6215395J', 'ALINA', NULL, '1997-08-26', 'HINCESTI', 'HINCESTI', 'MOLDAVA', 'URBANIZACIÓN PORTOBELO N3 BAJO A', 39110, 'SOTO DE LA MARINA', 'MOLDAVIA', NULL, 611025272, 'alinafloreanu4@gmail.com', NULL, 'HERNAN CORTES', 'ADMINISTRACION Y FINANZAS', NULL, 0, NULL),
(NULL, NULL, '', 'X7196542A', 'JEAN PIERRE', 'GUILLEN SEVERINO', '1997-11-17', 'PERÚ', 'LIMA', 'PERUANA', 'C- CASTILLA 59-A 1º C', 39009, 'SANTANDER', 'PERU', NULL, 657286399, 'cascatelive282@gmail.com', NULL, NULL, NULL, NULL, 0, NULL),
(NULL, NULL, '', 'X7428203P', 'ANASS', NULL, '2001-07-03', 'LARACHE', NULL, 'MARROQUÍ', 'JUAN JOSÉ PÉREZ DEL MOLINO', 39006, 'SANTANDER', 'MARRUECOS', NULL, 605767775, 'anassyahyaoui01@gamail.com', NULL, 'IES SANTA CLARA', '3º ESO', NULL, 0, NULL),
(NULL, NULL, '', 'X7866064H', 'RAINGEL', NULL, '2002-11-17', 'SAN JUAN DE LA MAGUANA', 'SAN JUAN', 'DOMINICANA', 'CALLE CAMPOGIRO 10, 3º', 39011, 'santander', 'REPUBLICA DOMINICANA', 664706717, 651742106, 'ANGELA.DRS79@GMAIL.COM', NULL, 'SANTA MARIA MICAELA', '3º ESO', NULL, 0, NULL),
(NULL, NULL, '', 'X7876807C', 'AGUSTINA', 'PISANI MORA', '1999-01-15', 'BUENOS AIRES', 'ARGENTINA', 'ARGENTINA', 'C- LA AVENIDA 7, 2º D', 39500, 'CABEZÓN DE LA SAL', 'ARGENTINA', NULL, 622183663, 'aguspm234@gmail.com', NULL, 'IES VALLE DEL SAJA', 'BACHILLERATO (CIENCIAS)', NULL, 0, NULL),
(NULL, NULL, '', 'X8350363Y', 'PETER ANDREW', 'HERNÁNDEZ CUAMO', '2003-12-28', 'NUEVA ESPARTA', 'NUEVA ESPARTA', 'VENEZOLANA', 'LLOSA CAMPO 31 2ºG', 39470, 'RENEDO DE PIÉLAGOS', 'VENEZUELA', NULL, 603494882, 'elisabethcuamo@hotmail.com', NULL, 'COLEGIO TORREANAZ', '2º ESO', NULL, 0, NULL),
(NULL, NULL, '', 'X8393838B', 'IONELA', NULL, '1981-01-25', 'RUMANÍA', 'RUMANÍA', 'RUMANA', 'C- RUIZ DE ALDA, 11, 4º K', 39009, 'SANTANDER', 'RUMANIA', NULL, 642898190, 'yo_elapop@hotmail.com', NULL, 'RUMANÍA', 'HOMOLOGACIÓN DE BACHILLER', NULL, 0, NULL),
(NULL, NULL, '', 'X9160582G', 'RENZO RAÚL', 'CAMAYO VARGAS', '1994-09-29', 'LIMA', 'LIMA', 'PERUANA', 'C- PRONILLO, 2, BLOQ. 4, BAJO C', 39012, 'SANTANDER', 'PERU', 942096827, 658752724, 'renzo_tk_5@hotmail.com', NULL, 'ÁNGELES CUSTODIOS', 'TEC. AUXILIAR DE ENFERMERÍA', NULL, 0, NULL),
(NULL, NULL, '', 'X9319359N', 'CRISTINA JOSEPH', 'ALOMÍA MEDINA', '1996-11-25', 'MOQUEGUA', 'PERU', 'PERUANA', 'C- FRANCISCO RIVERO GIL 1 P3 C', NULL, 'SANTANDER', 'PERU', NULL, 649857153, 'cealomia@gmail.com', NULL, NULL, 'ESO', NULL, 0, NULL),
(NULL, NULL, '', 'Y0409366A', 'JORDAN', 'VIEGAS SILVA', '1995-01-07', 'BRASIL', 'BRASIL', 'BRASILEÑA', 'C- ALDAY Nº 17 1º B', 39600, 'MALIAÑO (CAMARGO)', 'BRASIL', NULL, 661175402, 'jordanviegassilva@gmail.com', NULL, 'IES TRINIDAD ARROYO (PALENCIA)', 'ESO', NULL, 0, NULL),
(NULL, NULL, '', 'Y1192487C', 'OTMAN', NULL, '1981-07-01', 'TETUÁN', 'TETUÁN', 'MARROQUÍ', 'C-JOSÉ MARÍA DE COSSÍO', 39011, 'SANTANDER', 'MARRUECOS', NULL, 674534775, 'ssoulaimaniotman@gmail.com', NULL, NULL, 'BACHILLER', NULL, 0, NULL),
(NULL, NULL, '', 'Y1424018X', 'CATHERINE LILIAN', 'QUIROZ MENDIVEL', '1993-03-31', 'CHIMBOTE', 'ASCASH', 'PERUANA', 'C- CAJO 1 PORTAL 17 1 DCHA', 39011, 'SANTANDER', 'PERU', NULL, 653792939, 'lunna_36@hotmail.com', NULL, NULL, 'BACHILLER ARTES (HOMOLOGADO)', NULL, 0, NULL),
(NULL, NULL, '', 'Y1424470W', 'SUSANA ESTEFANÍA', NULL, '1991-06-19', 'SAN PEDRO SULA', NULL, 'HONDUREÑA', 'PROFESOR JIMÉNEZ DÍAZ, 7, 2º IZ.', 39007, 'SANTANDER', 'HONDURAS', NULL, 674222096, 'fanniguichu@gmail.com', NULL, 'LA SALLE', '3º ESO', NULL, 0, NULL),
(NULL, NULL, '', 'Y1968751B', 'FRANCOIS CLAUDE', 'YETNA TAM', '1982-03-18', 'DUALA', NULL, 'CAMERUNENSE', 'AVDA. MENDENDEZ PELAYO 10 5º E2', 39600, 'MALIAÑO', 'CAMERUN', NULL, 673746116, '', NULL, NULL, NULL, NULL, 0, NULL),
(NULL, NULL, '', 'Y2281731F', 'MARIUZ', NULL, '2002-04-21', 'RUMANIA', NULL, 'RUMANA', 'C- SAN CELEDONIO, 4, 1º IZ. BAJO', 39001, 'SANTANDER', 'RUMANIA', NULL, 642508078, '', NULL, 'COLEGIO SAN JOSÉ', '3º ESO', NULL, 0, NULL),
(NULL, NULL, '', 'Y2339514Z', 'MORONI DAVID', 'COLLAZOS FIESTAS', '1995-09-14', 'PERU', 'PERU', 'PERUANA', 'CALLE LA GLORIA 94 BAJO A', 39012, 'SANTANDER', 'PERU', NULL, 602332354, 'moronicf@gmail.com', NULL, 'PERU', 'BACHILLER', NULL, 0, NULL),
(NULL, NULL, '', 'Y3353397X', 'CATALIN', NULL, '2001-03-12', 'HINCESTI', 'MOLDAVIA', 'MOLDAVA', 'C- VICENTE ALEIXANDRE, 10, P 4, 8', 39012, 'SANTANDER', 'MOLDAVIA', 942377846, 669985731, '', NULL, 'COLEGIO MERCEDARIAS', '3º ESO', NULL, 0, NULL),
(NULL, NULL, '', 'Y3603020S', 'POUTER', NULL, '1999-02-02', 'CAMERUN', 'CAMERUN', 'CAMERUNENSE', 'C- MASQUES DE LA HERMINDA Nº 2', NULL, 'SANTANDER', 'CAMERUN', NULL, 632558666, '', NULL, NULL, NULL, NULL, 0, NULL),
(NULL, NULL, '', 'Y3648359K', 'ANAMARIA FLORINA', NULL, '1988-12-17', 'BUCAREST', 'BUCAREST', 'RUMANA', 'C-VARGAS 51 7ºD', 39010, 'SANTANDER', 'RUMANIA', NULL, 654886579, 'anamariacafelute2@gmail.com', NULL, NULL, 'HOMOLOGACIÓN DE BACHILLER', NULL, 0, NULL),
(NULL, NULL, '', 'Y4040881W', 'CHERIFA', NULL, '1986-04-12', 'ARGELIA', 'MOSTAGANEM', 'ARGELINA', 'BARRIO CAJO 15D P01 DR', NULL, 'SANTANDER', 'ARGELIA', NULL, 631154060, 'cherifa.1saddok@gmail.com', NULL, NULL, 'CERTIFICADO EXTRANJERO EUIVALENTE A GRADO O MASTER', NULL, 0, NULL),
(NULL, NULL, '', 'Y4210253W', 'RUTH MERY', 'AMARO GUTIÉRREZ', '2002-12-04', 'VENEZUELA', NULL, 'VENEZOLANA', 'BARRIO EL FERIAL, 136 A, P1, BAJO A', 39719, 'OREJO', 'VENEZUELA', 942522300, 663221353, 'ruthmerys04@gmail.com', NULL, 'IES LA GRANJA DE HERAS', '2º ESO', NULL, 0, NULL),
(NULL, NULL, '', 'Y4447731M', 'RICHARD', 'SORIA FLORES', '1995-06-16', 'IQUITOS', 'LORETO', 'PERUANA', 'CAMPOGIRO N 22 PUERTA 16', 39011, 'SANTANDER', 'PERU', NULL, 698815649, 'richuards@gmail.com', NULL, 'CURSADO EN PERÚ', 'BACHILLER', NULL, 0, NULL),
(NULL, NULL, '', 'Y4454886F', 'FABRIZZIO SANT.', 'BIANCOTTI SOTO', '1999-11-17', 'ASUNCION', 'PARAGUAY', 'PARAGUAYA', 'C-POETA MIGUEL HERNANDEZ, 6, 6B', 39610, 'EL ASTILLERO', 'PARAGUAY', NULL, 671308488, 'fabribianc1117@gmail.com', NULL, 'IES EL ASTILLERO', 'BACHILLERATO', NULL, 0, NULL),
(NULL, NULL, '', 'Y4548708N', 'FLAVIELE CRISTIN', 'OLIVEIRA DO ROSARIO', '2002-08-02', 'BRASIL', NULL, 'BRASILEÑA', 'AVDA. DE OVIEDO, Nº 9, 2º C', 39710, 'SOLARES', 'BRASIL', NULL, NULL, '', NULL, 'TORREANAZ', '2ºESO', NULL, 0, NULL),
(NULL, NULL, '', 'Y4574924P', 'PAULA ANDREA', 'ÁVILA NOVOA', '1997-04-22', 'BOGOTÁ', 'Cundinamarca', 'COLOMBIANA', 'C-LEONARDO TORRES QUEVEDO 15 3B', 39011, 'SANTANDER', 'COLOMBIA', 625788131, 663640547, 'paula.avila2297@gmail.com', NULL, 'COLOMBIA', 'BACHILLER', NULL, 0, NULL),
(NULL, NULL, '', 'Y4697772J', 'JENNYFER', 'JARAMILLO SANCHEZ', '1984-05-01', 'MEDELLIN', 'ANTIOQUIA', 'COLOMBIANA', 'C- EDUARDO OBREGON BARREDA 8, 2ºB', 39012, 'SANTANDER', 'COLOMBIA', NULL, 648294334, 'jennyjorsa0679@gmail.com', NULL, NULL, 'SOLICITUD DE HOMOLOGACIÓN', NULL, 0, NULL),
(NULL, NULL, '', 'Y4917346Y', 'MÓNICA SAYDA', 'SANTISTEBAN DOMINGUEZ', '1985-08-09', 'LIMA', 'LIMA', 'PERUANA', 'C- MONTEJURRA 16 P84', 39010, 'SANTANDER', 'PERU', NULL, 689022015, 'mssantisteban@gmail.com', NULL, NULL, 'ESO HOMOLOGADO', NULL, 0, NULL),
(NULL, NULL, '', 'Y4984385T', 'ORENCIA GINNETH', 'RODRIGUEZ SOLÓRZANO', '1996-10-28', 'ESMERALDAS', 'ESMERALDAS', 'ECUATORIANA', 'Pº GENERAL DÁVILA 121, 2B', 39007, 'SANTANDER', 'ECUADOR', NULL, 680320745, 'ginethsolorzano@gmail.com', NULL, NULL, 'BACHILLER HOMOLOGADO', NULL, 0, NULL),
(NULL, NULL, '', 'Y5032904N', 'CHRISTOPHER', 'QUIROZ MENDIVEL', '1989-04-01', 'CHIMBOTE', 'PERU', 'ESPAÑOLA', 'C- CAJO Nº 1 1º DCHA', 39011, 'SANTANDER', 'ESPAÑA', NULL, 692553265, 'cquirozmendivel@gmail.com', NULL, NULL, 'HOMOLOGACIÓN TÍTULO ESO', NULL, 0, NULL),
(NULL, NULL, '', 'Y5104162Q', 'VERENA', 'MERELES GONZÁLEZ', '1998-09-25', 'ASUNCION', 'ASUNCION', 'PARAGUAYA', 'C- DEL MONTE, 51, 1º DHCHA.', 39006, 'SANTANDER', 'PARAGUAY', NULL, 627361188, 'vg.mereles@gmail.com', NULL, 'IES CANTABRIA', 'TÉCNICO DE LABORATORIO', NULL, 0, NULL),
(NULL, NULL, '', 'Y5223508S', 'ADAMA', NULL, '1992-05-01', 'BAMAKO', NULL, 'MALIENSE', 'C- LA GLORIA, 50 3º C', 39012, 'SANTANDER', 'MALI', NULL, 674406190, 'foreverdamson01@gmail.com', NULL, 'MALI', 'HOMOLOGACIÓN DE BACHILLER', NULL, 0, NULL),
(NULL, NULL, '', 'Y5227485J', 'MAMADOU', NULL, '1992-02-23', NULL, 'BAMAKO', 'MALIENSE', 'C- LAREDO Nº12-4ºDCH', 39001, 'SANTANDER', 'MALI', NULL, 631104604, 'traorebaba842@gmail.com', NULL, NULL, 'HOMOLOGACIÓN BACHILLER', NULL, 0, NULL),
(NULL, NULL, '', 'Y5662488V', 'OLGA', NULL, '1989-07-14', 'REPÚBLICA DE MOLDAVIA', NULL, 'RUMANA', 'Bº LA RAÑADA, Nº 10 F, 1º A', 39716, 'ENTRAMBASAGUAS', 'RUMANIA', NULL, 642852664, 'olgazamosteanu1@gmail.com', NULL, NULL, 'BACHILLERATO PENDIENTE DE HOMOLOGACIÓN', NULL, 0, NULL),
(NULL, NULL, '', 'Y6626924V', 'JOSÉ LEONEL', 'CÓRDOVA VALDIVIA', '1997-03-14', 'CAJAMARCA (PERÚ)', NULL, 'PERUANA', 'AVDA. VICENTE TRUEBA, Nº 4, 1º C', 39011, 'SANTANDER', 'PERU', NULL, 660534236, 'leonneld10@outlook.es', NULL, NULL, 'BACHILLERATO (PENDIENTE HOMOLOGACIÓN) VOLANTE PROV', NULL, 0, NULL),
(NULL, NULL, '', 'Y66779538F', 'EZQUIEL DAVID', 'SANCHEZ ALONSO', '1989-12-12', 'MARACAY', 'ARAGUA', 'VENEZOLANA', 'GENERAL DAVILA 208 9C', 39006, 'SANTANDER', 'VENEZUELA', NULL, 633894828, 'esanchezalonso@ceinmark.net', NULL, 'VENEZUELA', 'BACHILLER', NULL, 0, NULL),
(NULL, NULL, '', 'Y6772672Z', 'ÁLVARO MAURICIO', 'CASTRO BONILLA', '2000-11-21', 'SAN SALVADOR', 'EL SALVADOR', 'SALVADOREÑA', 'BAJADA RUMAYOR, 20 F, PL. BAJA P. D', 39006, 'SANTANDER', 'EL SALVADOR', NULL, 643754640, 'alvarito.castro13@gmail.com', NULL, NULL, 'PENDIENTE DE HOMOLOGACIÓN ESO', NULL, 0, NULL),
(NULL, NULL, '', 'Y6900032T', 'ANNA', NULL, '2001-03-03', 'PYATIGORSK', 'REGIÓN DE STAVROPOL', 'RUSA', 'C- ALTA 46 A P2 PISO 2 C', 39008, 'SANTANDER', 'RUSIA', NULL, 651437683, 'annpak35@gmail.com', NULL, NULL, 'BACHILLER HOMOLOGADO', NULL, 0, NULL),
(NULL, NULL, '', 'Y7217939R', 'JESSICA DANDARA', 'SILVA DE LIMA', '2001-11-06', 'BRASIL', NULL, 'BRASILEÑA', 'Bº CAMPORROBLE, 66', 39010, 'SANTIBAÑEZ (VILLACARRIEDO)', 'BRASIL', NULL, NULL, '', NULL, NULL, 'ESO HOMOLOGADA', NULL, 0, NULL),
(NULL, NULL, '', 'Y7598539C', 'HERNANDO', 'ARRUNATEGUI ARROYAVE', '1995-05-17', 'COLOMBIA', 'COLOMBIA', 'COLOMBIANA', 'FRANCISCO TOMAS Y VALIENTE 23E 4A', 39011, 'SANTANDER', 'COLOMBIA', NULL, 643416547, 'ARRUNATEGUI1995@GMAIL.COM', NULL, 'COLOMBIA', 'BACHILLERATO', NULL, 0, NULL);

-- --------------------------------------------------------

--
-- Estructura de tabla para la tabla `bancos`
--

CREATE TABLE `bancos` (
  `id` int(11) NOT NULL,
  `nombre` varchar(150) COLLATE utf8_spanish2_ci DEFAULT NULL
) ENGINE=InnoDB AVG_ROW_LENGTH=195 DEFAULT CHARSET=utf8 COLLATE=utf8_spanish2_ci;

--
-- Volcado de datos para la tabla `bancos`
--

INSERT INTO `bancos` (`id`, `nombre`) VALUES
(2, 'A&G Banca Privada'),
(3, 'Abanca Corporación Bancaria'),
(4, 'ActivoBank'),
(5, 'Arquia'),
(6, 'Banca March'),
(7, 'Banca Pueyo'),
(8, 'BBVA'),
(9, 'Banco Caixa Geral '),
(10, 'Banco Caminos'),
(11, 'Banco Cetelem'),
(12, 'Banco Cooperativo Español '),
(13, 'Banco de Albacete'),
(14, 'Banco de Caja de España inversión Salamanca y Soria'),
(15, 'Banco de Castilla- La Mancha'),
(16, 'Banco de crédito social cooperativo'),
(17, 'Banco de depósitos'),
(18, 'Banco depositario BBVA'),
(19, 'Banco de Madrid'),
(20, 'Banco Sabadell'),
(21, 'Banco Europeo de Finanzas'),
(22, 'Banco Finantia Sofinloc'),
(23, 'Banco industrial de Bilbao'),
(24, 'Banco Inversis'),
(25, 'Banco Mare Nostrum'),
(26, 'Banco Mediolanum'),
(27, 'Banco Occidental '),
(28, 'Banco Pastor'),
(29, 'Banco Pichincha España '),
(30, 'Banco Popular Español '),
(31, 'Banco Santander'),
(32, 'Banco Urquijo'),
(33, 'Bancofar'),
(34, 'Bancopopular-e'),
(35, 'Bancorreos'),
(36, 'Bankia'),
(37, 'Bankinter'),
(38, 'Bankoa'),
(39, 'Bantierra'),
(40, 'BBVA Banco de financiación '),
(41, 'Caixabank'),
(42, 'Catalunya Banc (Catalunya Caixa)'),
(43, 'Cecabank'),
(44, 'Deixa Sabadell'),
(45, 'EBN Banco de Negocios'),
(46, 'Evo Banco'),
(47, 'Ibercaja Banco'),
(48, 'Kutxabank'),
(49, 'Liberbank'),
(50, 'Nuevo Microbank'),
(51, 'Novanca'),
(52, 'Openbank'),
(53, 'Popular banca privada'),
(54, 'Promobanc'),
(55, 'Renta 4 Banco'),
(56, 'Sa Nostra'),
(57, 'Santander Consumer Finance'),
(58, 'Santander Invesment'),
(59, 'Santander Securities Services'),
(60, 'Self Trade Bank'),
(61, 'Targobank'),
(62, 'Unicaja Banco'),
(63, 'Unoe Bank'),
(64, 'AKF Bank GMBH & Co KG'),
(65, 'Allfunds Bank'),
(66, 'Andbank España '),
(67, 'Arab Bank'),
(68, 'Ares Bank'),
(69, 'Banco Alcalá'),
(70, 'Banca Nationale de Lavoro'),
(71, 'Banco Pichincha'),
(72, 'Banque Marocaine Commerce Exterieur'),
(73, 'BNP Paribas'),
(74, 'Citibank'),
(75, 'Cortal Cousors'),
(76, 'Deutsche Bank'),
(77, 'ICBC Luxembourg'),
(78, 'ING Direct'),
(79, 'Novobanco'),
(80, 'Privat Bank Degroof'),
(81, 'RBC Investor Services'),
(82, 'Scania Bank'),
(83, 'Triodos Bank'),
(84, 'UBS Bank'),
(85, 'Volkswagen'),
(86, 'SIN TITULAR');

-- --------------------------------------------------------

--
-- Estructura de tabla para la tabla `ciclos`
--

CREATE TABLE `ciclos` (
  `id` int(11) NOT NULL,
  `referencia` varchar(50) COLLATE utf8_spanish2_ci DEFAULT 'NULL',
  `denominacion` varchar(200) COLLATE utf8_spanish2_ci DEFAULT 'NULL',
  `reflegal1` varchar(200) COLLATE utf8_spanish2_ci DEFAULT 'NULL',
  `reflegal2` varchar(200) COLLATE utf8_spanish2_ci DEFAULT 'NULL'
) ENGINE=InnoDB AVG_ROW_LENGTH=2340 DEFAULT CHARSET=utf8 COLLATE=utf8_spanish2_ci ROW_FORMAT=DYNAMIC;

--
-- Volcado de datos para la tabla `ciclos`
--

INSERT INTO `ciclos` (`id`, `referencia`, `denominacion`, `reflegal1`, `reflegal2`) VALUES
(1, 'AYF', 'Administración y Finanzas', 'Ref_legal_1 R.D. 1584/2011', 'Ref_legal_2 Orden ECD 85/2012'),
(3, 'DAM ', 'Desarrollo de Aplicaciones Multiplataforma', 'R.D. 450/2010', 'Orden EDU/56/2011'),
(4, 'DSA', 'Documentación y Administración Sanitarias', 'R.D.768/2014', 'Orden ECD 75/2015'),
(5, 'FPB', 'Informática y Comunicaciones', 'R.D. 127/2014', 'Orden ECD 71/2014'),
(6, 'GAD', 'Gestión Administrativa', 'R.R. 1126/2010', 'Orden EDU/82/2010'),
(7, 'PCI', 'Programas de Cualificación Profesional Inicial', 'Orden EDU/27/2011', 'R.D 57/2007');

-- --------------------------------------------------------

--
-- Estructura de tabla para la tabla `datosbancarios`
--

CREATE TABLE `datosbancarios` (
  `id` int(11) NOT NULL,
  `banco` varchar(200) COLLATE utf8_spanish2_ci NOT NULL,
  `iban` varchar(24) COLLATE utf8_spanish2_ci DEFAULT 'NULL',
  `titular` varchar(200) COLLATE utf8_spanish2_ci DEFAULT 'NULL',
  `dni` varchar(10) COLLATE utf8_spanish2_ci DEFAULT '''NULL'''
) ENGINE=InnoDB AVG_ROW_LENGTH=240 DEFAULT CHARSET=utf8 COLLATE=utf8_spanish2_ci ROW_FORMAT=DYNAMIC;

--
-- Volcado de datos para la tabla `datosbancarios`
--

INSERT INTO `datosbancarios` (`id`, `banco`, `iban`, `titular`, `dni`) VALUES
(6, 'Caixabank', 'ES0821004296362200211118', 'MARIANA BORDEI', 'Y6932566N'),
(7, 'A&G Banca Privada', 'ES7412345678901234567890', 'PENDIENTE ', 'PENDIENTE'),
(8, 'Caixabank', 'ES6121002172380100603923', 'CATERINA LOZANO BESALDUCH', '47783676A'),
(9, 'SIN TITULAR', 'ES0000000000000000000000', 'SIN TITULAR', 'Y5318447X'),
(10, 'Santander Consumer Finance', 'ES7200495379222716064771', 'SHIRLEY SANCHEZ VIDAL', '7176126W'),
(12, 'Banco Santander', 'ES9600495788172516015487', 'JAVIER LIQUETE SANTOS', '13787870Z'),
(13, 'Liberbank', 'ES3920482000663002043075', 'MARIANO SATURIO RODRIGUEZ', '13731642K'),
(14, 'ING Direct', 'ES6214650210151713598265', 'JUAN IGNACIO NOREÑA VALCARCEL', '13766149M'),
(15, 'BBVA Banco de financiación ', 'ES9101825880560201627380', 'ANE ALESSANDRA AQUINO ARRIAGA', '72291005G'),
(16, '', 'ES3830080201931741469512', 'ANA MELBA CALACHAHUIN', ''),
(17, 'Caixabank', 'ES1521004296332100189783', 'CARLOS ANTONY MOSCOSO PALACIOS', '72272383N'),
(19, 'BBVA', 'ES2601821294110202760506', 'MARÍA MICAELA PANIAGUA VILLABA', '72222821S'),
(20, 'Banco Santander', 'ES6500750145960601946108', 'ALFONSO CARLOS PALACIO FERNANDEZ', '13757987P'),
(21, 'Kutxabank', 'ES9720950276249025122282', 'ALEJANDRO PEÑA DIEGO', '13728249D'),
(22, 'Caixabank', 'ES0221001278250200266412', 'CHRISTIAN RUIZ GONZALEZ', '72157227V'),
(23, 'Kutxabank', 'ES2020953306019119663531', 'MARIA ELENA COTERILLO LOPEZ', '72187482G'),
(25, 'Liberbank', 'ES6520482033183000027261', 'ALEJANDRA SIERRA VELEZ', '72075440H'),
(26, 'BBVA', 'ES6901827424930208032534', 'MONTSERRAT SANCHEZ RODRIGUEZ', '13788798E'),
(27, 'Liberbank', 'ES7120482072613000046376', 'ANDREA RUIZ AGUDO', '72156155A'),
(28, 'Banco Santander', 'ES8300495337442195035527', 'JORGE PARDO PACHECO', '72148326V'),
(29, 'Banco Santander', 'ES6200496061142816069865', 'FEDERICO LUIS MOYA ', '72056912M'),
(30, 'Caixabank', 'ES2021001565210100572115', 'HANNAH GARCIA EARLY', '72834856C'),
(31, 'BBVA', 'ES7701829465600205573596', 'IRMA PAULINA SALAZAR URIONA', 'X8095006H'),
(32, 'Liberbank', 'ES4320482062983000269540', 'SILVIA DIEZ CASTAÑEDA', '72125022N'),
(33, 'BBVA', 'ES9201823834340208559249', 'MARIA ANGELES PEREZ ZAMORANO', '13760414C'),
(34, 'ING Direct', 'ES4314650210111738698038', 'SORAYA DANAE GODOY CONTRERAS', '72269105T'),
(35, 'Liberbank', 'ES6120482087613000046291', 'MARIA RIOS GANDARILLAS', '72225146V'),
(36, 'Openbank', 'ES9300730100540557859268', 'FRANCISCO JAVIER SALMON CRUZ', '72126407V'),
(37, 'BBVA', 'ES9101829465630208286578', 'EZEQUIEL ALONSO SANCHEZ', 'Y6679538F'),
(38, 'Liberbank', 'ES5420482002533000072981', 'CONSUELO CARDO RAMOS', '13748915K'),
(39, 'Banco Santander', 'ES1500495643442395008485', 'ANA BELEN MENDOZA SAN PEDRO', '20204751X'),
(40, 'BBVA', 'ES6501827424920201558390', 'DARIO RINCON CASTILLO', 'X7635703W'),
(41, 'Santander Consumer Finance', 'ES0500495338912116009939', 'CARLOS ALEXANDER CORPORAN PICHARDO', '72233800T'),
(42, 'BBVA', 'ES7301827424920201546218', 'MARIA MARIVEL YAURI MISARE', '72274253L'),
(43, 'Liberbank', 'ES5420480185743000004401', 'NATALIA SANCHO GARCIA', '20202915Z'),
(44, 'Liberbank', 'ES5220482008283000085873', 'ENCARNACION BEDOYA TEJON', '13786773K'),
(45, '', '', '', ''),
(46, 'Banco Santander', 'ES8100490056422590957473', 'LUCAS MIER IRIZABAL', '72183331Q'),
(47, 'Unicaja Banco', 'ES8221033254690043735907', 'MARIO DIAZ GARCIA', '72358446D'),
(48, 'Banco Santander', 'ES4200490016592811188821', 'SUSANA MARATO CASTAÑO', '71356956P'),
(49, '', '', '', ''),
(50, 'Liberbank', 'ES0720482103343000167290', 'IVONE KATHERINE GUILLEN SEVERINO', '72305774F'),
(51, 'Liberbank', 'ES0720482103343000167290', 'IVONE KATHERINE GUILLEN SEVERINO', '72305774F'),
(52, 'Caixabank', 'ES2821004312012100077506', '', ''),
(53, 'Caixabank', 'ES2821004312012100007750', '', ''),
(54, 'Caixabank', 'ES2821004312012100077506', '', ''),
(55, 'Cecabank', 'ES2821004312012100077506', 'JOSE ANTONIO HERNANDEZ SARO', '13758334X'),
(56, '', '', '', ''),
(57, 'Caixabank', 'ES2821004312012100077506', 'JOSE ANTONIO HERNANDEZ SARO', '13758334X'),
(58, 'Banco Santander', 'ES3300495402342494104746', 'MARIA LASTRA GARCIA-BARON', '13768470A'),
(59, 'Caixabank', 'ES7221002814452200519238', 'VICTOR MANUEL BARQUIN GUTIERREZ', '13757351Q'),
(60, 'BBVA', 'ES8301826765110201525436', 'SARAI ALVES FERNANDEZ', '72350581X'),
(61, 'BBVA', 'ES8901822125350201551385', 'MARIA JESUS COLLADO SANCHEZ', '13932253A'),
(62, 'Caixabank', 'ES3721001272510200295945', 'AVE MARIA MANGUE MANGUE', '05275187E'),
(63, 'Banco Santander', 'ES8800495264902216042183', 'MARIA GUADALUPE ARNAIZ ARNAIZ', '72124543Q'),
(64, 'Caixabank', 'ES7221001284120200199432', 'NADIA TARDIO CORDERO', '21142623B'),
(65, 'Banco Sabadell', 'ES9800815470130001734176', 'LUCIA INGRID BAZAN AGUIRRE', '116811020'),
(66, 'Liberbank', 'ES5220482057473000113920', 'ANDREEA GAVANEANU', '055142328'),
(67, 'Santander Consumer Finance', 'ES4100495834912195003019', 'CESAR PELLON GOMEZ', '13785550V'),
(68, 'Caixabank', 'ES4221004296312100298811', 'PAOLO JEANS ROMERO ANTAYHUA', '72277918G'),
(69, 'Bankia', 'ES7620389300453002157074', 'MANUEL RAMIREZ DIAZ', '13796907N'),
(70, 'Liberbank', 'ES1120482055543000109468', 'ESTIBALIZ SANCHEZ SANTIAGO', '72174097M'),
(71, 'ING Direct', 'ES1214560100911703763589', 'MARIA ROSA TABOADA PAZOS', '13758086S'),
(72, 'BBVA', 'ES4801826765110201584460', 'DANNY JOAO EDQUEN BURGOS', 'Y7609723A'),
(73, 'Bankia', 'ES6520389309523001851123', 'SHEILA SAIZ LAVIN', '72106670Z'),
(74, 'Openbank', 'ES7100730100500554004401', 'NATALIA BLANCO GERALDO', '72204590T'),
(75, 'Liberbank', 'ES2020482014153000112006', 'Mª CARMEN MARTÍNEZ ORTÍZ', '13634560E'),
(76, '', '', '', ''),
(77, 'Liberbank', 'ES5020482024993000087256', 'MARIA LUISA GUTIERREZ DÍAZ', '13777793B'),
(78, 'BBVA Banco de financiación ', '', 'GUADALUPE SANCHEZ SANCHEZ', '13981946Q'),
(79, '', '', '', ''),
(80, 'BBVA', 'ES9601820686680200000431', 'GUADALUPE SANCHEZ SANCHEZ', '13981946Q'),
(81, '', '', '', ''),
(82, '', '', '', ''),
(83, 'BBVA', 'ES8901822298160201565491', 'IVAN MARIN MUÑOZ', '72259121K'),
(84, 'Caixabank', 'ES1521005701520100086563', 'JAVIER GONZALEZ DEL CAMPO', '72358549C'),
(85, 'ING Direct', 'ES6314650210131727199297', 'SONIA TOBAR TOBAR', '72278238W'),
(86, 'BBVA', 'ES0000000000000000000001', 'Roberto Blanco', '20195088F'),
(87, 'BBVA', 'ES4301823226340201898986', 'BLANCA NAVA MORENO', '39489458E'),
(88, 'Liberbank', 'ES3020482026883000033347', 'MARIA ANGELES MENDOZA BUJANDA', '13796621W'),
(89, 'BBVA', 'ES8701822353350201538178', 'ADRIAN TORIBIO GONZALEZ', '72178477S'),
(90, 'Banco depositario BBVA', 'ES1001822125310201546310', 'PATRICIA MALPICA ARCE', '13936742F'),
(91, 'BBVA', 'ES5901820098000201577681', 'ALVARO SOTA PEREZ', '72259145E'),
(92, 'Santander Consumer Finance', 'ES4700495841262395020716', 'JOSE MIGUEL RUIZ CIMIANO', '13758889J'),
(93, 'A&G Banca Privada', 'ES1200125456547899878999', 'PEPITO PEREZ', '99999999A'),
(94, 'BBVA', 'ES9701822298180201549729', 'MORONI DAVID COLLAZOS FIESTAS', 'Y2339514Z');

-- --------------------------------------------------------

--
-- Estructura de tabla para la tabla `discapacidades`
--

CREATE TABLE `discapacidades` (
  `id` int(11) NOT NULL,
  `tipo` varchar(200) COLLATE utf8_spanish2_ci DEFAULT 'NULL'
) ENGINE=InnoDB AVG_ROW_LENGTH=1638 DEFAULT CHARSET=utf8 COLLATE=utf8_spanish2_ci ROW_FORMAT=DYNAMIC;

--
-- Volcado de datos para la tabla `discapacidades`
--

INSERT INTO `discapacidades` (`id`, `tipo`) VALUES
(1, 'Auditiva'),
(2, 'Motora'),
(3, 'Intelectual'),
(4, 'Visual'),
(5, 'Trastorno Generalizado'),
(6, 'Trastornos Graves de Conducta/Personalidad'),
(7, 'Plurideficiencia'),
(8, 'Altas Capacidades Intelectuales'),
(9, 'Trastornos del Lenguaje y Comunicación'),
(10, 'Trastornos de Aprendizaje');

-- --------------------------------------------------------

--
-- Estructura de tabla para la tabla `matriculas`
--

CREATE TABLE `matriculas` (
  `id` int(11) NOT NULL,
  `dni_alumno` varchar(10) COLLATE utf8_spanish2_ci DEFAULT '''NULL''',
  `id_ciclo` int(11) DEFAULT NULL,
  `id_datos_bancarios` int(11) DEFAULT NULL,
  `fecha` date DEFAULT NULL,
  `tipo` varchar(50) COLLATE utf8_spanish2_ci DEFAULT 'NULL',
  `seguro` tinyint(1) DEFAULT NULL,
  `curso_academico` varchar(5) COLLATE utf8_spanish2_ci DEFAULT 'NULL',
  `f_matricula` tinyint(1) DEFAULT NULL,
  `curso` int(1) DEFAULT NULL,
  `repite` tinyint(1) NOT NULL,
  `privez` tinyint(1) NOT NULL
) ENGINE=InnoDB AVG_ROW_LENGTH=178 DEFAULT CHARSET=utf8 COLLATE=utf8_spanish2_ci ROW_FORMAT=DYNAMIC;

--
-- Volcado de datos para la tabla `matriculas`
--

INSERT INTO `matriculas` (`id`, `dni_alumno`, `id_ciclo`, `id_datos_bancarios`, `fecha`, `tipo`, `seguro`, `curso_academico`, `f_matricula`, `curso`, `repite`, `privez`) VALUES
(118, '557847AW', 1, 40, '2020-07-24', '0', 0, '20-21', 0, 1, 0, 1),
(119, '47783676A', 1, 8, '2020-07-24', '0', 0, '20-21', 0, 1, 0, 1),
(120, '72258411R', 5, 9, '2020-07-24', '0', 1, '20-21', 0, 1, 0, 1),
(124, '72199506E', 4, 12, '2020-07-24', '0', 1, '20-21', 0, 1, 0, 1),
(125, '72191016L', 3, 13, '2020-07-24', '0', 1, '20-21', 0, 1, 0, 1),
(126, '72358530R', 4, 14, '2020-07-24', '0', 1, '20-21', 0, 1, 0, 1),
(127, '72291005G', 3, 15, '2020-07-24', '0', 1, '20-21', 0, 1, 0, 1),
(128, '72272383N', 3, 17, '2020-07-24', '0', 1, '20-21', 0, 1, 0, 1),
(129, '73492611K', 3, 16, '2020-07-24', '0', 1, '20-21', 0, 1, 0, 1),
(130, '72222821S', 3, 19, '2020-07-24', '0', 1, '20-21', 0, 2, 0, 1),
(131, '72187755R', 1, 20, '2020-07-24', '0', 1, '20-21', 0, 1, 0, 1),
(132, '72190287A', 1, 21, '2020-07-24', '0', 1, '20-21', 0, 1, 0, 1),
(136, '72157227V', 3, 22, '2020-07-23', '0', 1, '20-21', 0, 1, 0, 1),
(138, '72187482G', 1, 23, '2020-07-24', '0', 1, '20-21', 0, 1, 0, 1),
(139, '72075440H', 4, 25, '2020-07-24', '0', 0, '20-21', 0, 1, 0, 1),
(140, '72355316F', 6, 9, '2020-09-02', '0', 1, '20-21', 0, 1, 0, 1),
(141, '6915281T', 6, 9, '2020-07-23', '0', 0, '20-21', 0, 1, 0, 1),
(142, '72278312F', 5, 9, '2020-09-02', '0', 1, '20-21', 0, 1, 0, 1),
(143, '20219872C', 6, 9, '2020-07-24', '0', 0, '20-21', 0, 1, 0, 1),
(144, '20216357R', 6, 9, '2020-07-23', '0', 0, '20-21', 0, 1, 0, 1),
(145, '72358223Q', 1, 26, '2020-07-24', '0', 1, '20-21', 0, 1, 0, 1),
(146, '72156155A', 4, 27, '2020-07-24', '0', 1, '20-21', 0, 1, 0, 1),
(147, '72148326V', 3, 28, '2020-09-02', '0', 0, '20-21', 0, 1, 0, 1),
(148, '72082175z', 4, 29, '2020-07-24', '0', 0, '20-21', 0, 1, 0, 1),
(149, '51263029', 3, 30, '2020-07-24', '0', 1, '20-21', 0, 1, 0, 1),
(150, '72354286N', 5, 9, '2020-07-24', '0', 1, '20-21', 0, 1, 0, 1),
(151, '116451679', 4, 31, '2020-07-24', '0', 1, '20-21', 0, 1, 0, 1),
(152, '72193660H', 3, 32, '2020-07-24', '0', 1, '20-21', 0, 1, 0, 1),
(153, '72179485B', 1, 33, '2020-07-24', '0', 1, '20-21', 0, 1, 0, 1),
(154, '6932566N', 1, 6, '2020-07-24', '0', 1, '20-21', 0, 1, 0, 1),
(155, '4548708N', 5, 9, '2020-07-24', '0', 1, '20-21', 0, 1, 0, 1),
(156, '72269105T', 3, 34, '2020-07-24', '0', 1, '20-21', 0, 1, 0, 1),
(158, '72225146V', 4, 35, '2020-07-24', '0', 1, '20-21', 0, 1, 0, 1),
(159, '72172830A', 6, 9, '2020-07-24', '0', 0, '20-21', 0, 1, 0, 1),
(160, '72126407v', 1, 36, '2020-07-24', '0', 0, '20-21', 0, 1, 0, 1),
(161, '6679538F', 3, 37, '2020-07-24', '0', 0, '20-21', 0, 1, 0, 1),
(162, '72231012H', 3, 38, '2020-07-24', '0', 1, '20-21', 0, 1, 0, 1),
(163, '72191305D', 5, 9, '2020-07-24', '0', 1, '20-21', 0, 1, 0, 1),
(164, '72233800T', 3, 41, '2020-07-24', '0', 0, '20-21', 0, 1, 0, 1),
(165, '5214483Y', 4, 42, '2020-07-24', '0', 0, '20-21', 0, 1, 0, 1),
(166, '72202269W', 4, 43, '2020-07-24', '0', 1, '20-21', 0, 1, 0, 1),
(170, '497598', 1, 9, '2020-07-24', '0', 1, '20-21', 0, 1, 0, 1),
(171, '72181397Z', 6, 9, '2020-07-24', '0', 1, '20-21', 0, 1, 0, 1),
(172, '72259159J', 3, 44, '2020-07-24', '0', 1, '20-21', 0, 1, 0, 1),
(173, '72353883T', 1, 9, '2020-07-24', '0', 1, '20-21', 0, 1, 0, 1),
(174, '6195402F', 6, 9, '2020-07-24', '0', 0, '20-21', 0, 1, 0, 1),
(175, '72359486Z', 4, 7, '2020-07-24', '0', 1, '20-21', 0, 1, 0, 1),
(176, '72183331Q', 1, 46, '2020-07-24', '0', 1, '20-21', 0, 1, 0, 1),
(177, '72181065G', 6, 9, '2020-07-27', '0', 1, '20-21', 0, 1, 0, 1),
(178, '72358446D', 3, 47, '2020-07-27', '0', 1, '20-21', 0, 1, 0, 1),
(179, '72359328V', 6, 9, '2020-07-27', '0', 1, '20-21', 0, 1, 0, 1),
(180, '72341933X', 3, 7, '2020-07-27', '0', 1, '20-21', 0, 1, 0, 1),
(181, '72183392P', 6, 9, '2020-07-27', '0', 1, '20-21', 0, 1, 0, 1),
(182, '71356956P', 3, 48, '2020-07-27', '0', 1, '20-21', 0, 1, 0, 1),
(183, '72044558W', 3, 9, '2020-07-29', '0', 0, '20-21', 0, 2, 0, 1),
(184, '72305774F', 1, 50, '2020-07-29', '0', 1, '20-21', 0, 1, 0, 1),
(185, '72351058G', 3, 57, '2020-07-29', '0', 1, '20-21', 0, 1, 0, 1),
(186, '72197952D', 5, 9, '2020-07-29', '0', 1, '20-21', 0, 1, 0, 1),
(187, '13768470A', 1, 58, '2020-07-29', '0', 0, '20-21', 0, 1, 0, 1),
(188, '72183862H', 3, 59, '2020-07-29', '0', 1, '20-21', 0, 1, 0, 1),
(189, '72285213P', 6, 9, '2020-07-29', '0', 1, '20-21', 0, 1, 0, 1),
(190, '26571610D', 5, 9, '2020-07-30', '0', 1, '20-21', 0, 1, 0, 1),
(197, '7471771M', 5, 9, '2020-07-30', '0', 1, '20-21', 0, 1, 0, 1),
(198, '72267086M', 5, 9, '2020-07-30', '0', 1, '20-21', 0, 1, 0, 1),
(200, '72148379R', 6, 9, '2020-07-30', '0', 0, '20-21', 0, 1, 0, 1),
(201, '72142213E', 6, 9, '2020-07-30', '0', 0, '20-21', 0, 1, 0, 1),
(202, '13932808Y', 6, 9, '2020-07-30', '0', 0, '20-21', 0, 1, 0, 1),
(203, '72350581X', 4, 60, '2020-07-30', '0', 0, '20-21', 0, 1, 0, 1),
(209, '21140835V', 4, 63, '2020-09-02', '0', 1, '20-21', 0, 1, 0, 1),
(210, '21142623B', 4, 64, '2020-09-02', '0', 1, '20-21', 0, 1, 0, 1),
(211, '72185679H', 6, 9, '2020-09-02', '0', 1, '20-21', 0, 1, 0, 1),
(212, '72262659V', 6, 9, '2020-09-02', '0', 1, '20-21', 0, 1, 0, 1),
(213, '116811020', 4, 65, '2020-09-02', '0', 1, '20-21', 0, 1, 0, 1),
(214, '055142328', 4, 66, '2020-09-02', '0', 1, '20-21', 0, 1, 0, 1),
(215, '72103749Z', 4, 67, '2020-09-02', '0', 1, '20-21', 0, 1, 0, 1),
(216, '72228808E', 6, 9, '2020-09-02', '0', 1, '20-21', 0, 1, 0, 1),
(217, '6888543B', 1, 9, '2020-09-02', '0', 1, '20-21', 0, 1, 0, 1),
(218, '72277918G', 3, 68, '2020-09-02', '0', 1, '20-21', 0, 1, 0, 1),
(224, '72000000W', 3, 69, '2020-09-02', '0', 1, '20-21', 0, 1, 0, 1),
(225, '72174097M', 4, 70, '2020-09-02', '0', 1, '20-21', 0, 1, 0, 1),
(226, '72185775E', 1, 71, '2020-09-02', '0', 1, '20-21', 0, 1, 0, 1),
(227, '1007952Z', 6, 9, '2020-09-02', '0', 1, '20-21', 0, 1, 0, 1),
(228, '72178702X', 6, 9, '2020-09-02', '0', 1, '20-21', 0, 1, 0, 1),
(229, '7609723A', 1, 72, '2020-09-02', '0', 1, '20-21', 0, 1, 0, 1),
(230, '72111111M', 3, 9, '2020-09-02', '0', 1, '20-21', 0, 1, 0, 1),
(232, '72204590T', 4, 74, '2020-09-02', '0', 1, '20-21', 0, 1, 0, 1),
(234, '72106670Z', 1, 73, '2020-09-01', '0', 1, '20-21', 0, 1, 0, 1),
(235, '72189276G', 4, 77, '2020-09-10', '0', 1, '20-21', 0, 1, 0, 1),
(239, '4987828Q', 6, 9, '2020-09-10', '0', 1, '20-21', 0, 1, 0, 1),
(240, '72355439S', 7, 9, '2020-09-10', '0', 1, '20-21', 0, 1, 0, 1),
(241, '13981946Q', 4, 80, '2020-09-10', '0', 0, '20-21', 0, 1, 0, 1),
(242, '72285150Z', 6, 9, '2020-09-10', '0', 0, '20-21', 0, 1, 0, 0),
(243, '72259121K', 3, 83, '2020-09-10', '0', 1, '20-21', 0, 1, 0, 1),
(244, '72202085W', 1, 75, '2020-09-02', '0', 1, '20-21', 0, 1, 0, 1),
(245, '72358549C', 4, 84, '2020-09-16', '0', 1, '20-21', 0, 1, 0, 1),
(246, '118283998', 6, 9, '2020-09-17', '0', 1, '20-21', 0, 1, 0, 1),
(247, '4167081R', 1, 85, '2020-09-22', '0', 0, '20-21', 0, 2, 0, 1),
(248, '72225685G', 5, 9, '2020-09-23', '0', 1, '20-21', 0, 1, 0, 1),
(251, '088492', 3, 69, '2020-09-02', '0', 1, '20-21', 0, 1, 0, 1),
(252, '026622', 3, 9, '2020-09-02', '0', 1, '20-21', 0, 1, 0, 1),
(253, '0168580', 4, 62, '2020-09-02', '0', 1, '20-21', 0, 1, 0, 1),
(261, '5318447X', 6, 9, '2020-10-13', '0', 1, '20-21', 0, 1, 0, 1),
(262, '39489458E', 4, 87, '2020-10-13', '0', 1, '20-21', 0, 1, 0, 1),
(263, '13796621W', 1, 88, '2020-10-16', '0', 0, '20-21', 0, 1, 0, 1),
(264, '72178477S', 1, 89, '2020-09-22', '0', 1, '20-21', 0, 1, 0, 1),
(265, '72199348w', 4, 90, '2020-10-19', '1', 1, '20-21', 0, 1, 0, 1),
(266, '72259145E', 3, 91, '2020-10-19', '0', 1, '20-21', 0, 1, 0, 1),
(267, '72270770D', 3, 92, '2020-10-19', '0', 1, '20-21', 0, 1, 0, 1),
(268, '72179468V', 6, 9, '2020-11-12', '0', 1, '20-21', 0, 2, 0, 1),
(282, '99999999A', 1, 93, '2020-12-14', '0', 0, '20-21', 0, 1, 0, 1),
(283, '72308020E', 5, 9, '2021-01-26', '0', 0, '20-21', 0, 1, 0, 1),
(288, '55547Pa', 5, 9, '2021-03-31', '0', 0, '19-20', 0, 2, 0, 1);

-- --------------------------------------------------------

--
-- Estructura de tabla para la tabla `modulos`
--

CREATE TABLE `modulos` (
  `id` int(11) NOT NULL,
  `nombre` varchar(300) COLLATE utf8_spanish2_ci DEFAULT 'NULL'
) ENGINE=InnoDB AVG_ROW_LENGTH=244 DEFAULT CHARSET=utf8 COLLATE=utf8_spanish2_ci ROW_FORMAT=DYNAMIC;

--
-- Volcado de datos para la tabla `modulos`
--

INSERT INTO `modulos` (`id`, `nombre`) VALUES
(1, 'Acceso a datos'),
(2, 'Archivo y documentación sanitarios'),
(3, 'Atención psicosocial al paciente-usuario'),
(4, 'Bases de datos'),
(5, 'Ciencias aplicadas I'),
(6, 'Ciencias aplicadas II'),
(7, 'Codificación sanitaria'),
(8, 'Comunicación empresarial y atención al cliente'),
(9, 'Comunicación y atención cliente'),
(10, 'Comunicación y sociedad I'),
(11, 'Comunicación y sociedad II'),
(12, 'Contabilidad y fiscalidad'),
(13, 'Desarrollo de Interfaces'),
(14, 'Desarrollo web en entorno cliente'),
(15, 'Desarrollo web en entorno servidor'),
(16, 'Diseño de interfaces web'),
(17, 'Empresa e iniciativa emprendedora'),
(18, 'Empresa en el aula'),
(19, 'Empresa y Administración'),
(20, 'Entornos de desarrollo'),
(21, 'Equipos eléctricos y electrónicos'),
(22, 'Extracción de diagnósticos y procedimientos'),
(23, 'Fase de prácticas en centros de trabajo'),
(24, 'Formación en centros de trabajo '),
(25, 'Formación y orientación laboral'),
(26, 'Gestión administrativa sanitaria'),
(27, 'Gestión de la documentación jurídica y empresarial'),
(28, 'Gestión de pacientes'),
(29, 'Gestión de recursos humanos'),
(30, 'Gestión financiera'),
(31, 'Gestión logística y comercial'),
(32, 'Inglés I'),
(33, 'Inglés II'),
(34, 'Inglés'),
(35, 'Instalación y mantenimiento de redes para la transmisión de datos'),
(36, 'Lenguajes de marcas y sistemas de gestión de información'),
(37, 'Montaje y mantenimiento de sistemas y componentes informáticos'),
(38, 'Ofimática y proceso de la información'),
(39, 'Operaciones administrativas de compra-venta'),
(40, 'Operaciones administrativas de recursos humanos'),
(41, 'Operaciones auxiliares de gestión de Tesorería'),
(42, 'Operaciones auxiliares para la configuración y la explotación'),
(43, 'Proceso integral de actividad comercial'),
(44, 'Programación de servicios y procesos'),
(45, 'Programación multimedia y dispositivos móviles'),
(46, 'Programación'),
(47, 'Proyecto de administración y finanzas'),
(48, 'Proyecto de desarrollo de aplicaciones multiplataforma'),
(49, 'Proyecto de desarrollo de aplicaciones web'),
(50, 'Proyecto de documentación y administración sanitarias'),
(51, 'Recursos humanos y responsabilidad social corporativa'),
(52, 'Simulación empresarial'),
(53, 'Sistemas de gestión empresarial'),
(54, 'Sistemas de información y clasificación sanitarios'),
(55, 'Sistemas informáticos'),
(56, 'Técnica contable'),
(57, 'Terminología clínica y patología'),
(58, 'Tratamiento de la documentación contable'),
(59, 'Tratamiento informático de la información'),
(60, 'Validación y explotación de datos'),
(61, 'Sociolingüístico '),
(62, 'Científico'),
(63, 'Desarrollo personal y Orientación socioprofesional'),
(64, 'Actividad física y deporte'),
(65, 'Refuerzo uso Tecnologías de la Información y la Comunicación'),
(66, 'Gestión medioambiental'),
(67, 'Español'),
(68, 'Tutoría');

-- --------------------------------------------------------

--
-- Estructura de tabla para la tabla `modulosciclo`
--

CREATE TABLE `modulosciclo` (
  `id` int(11) NOT NULL,
  `id_ciclo` int(11) DEFAULT NULL,
  `id_modulo` int(11) DEFAULT NULL,
  `curso` int(2) DEFAULT NULL
) ENGINE=InnoDB AVG_ROW_LENGTH=230 DEFAULT CHARSET=utf8 COLLATE=utf8_spanish2_ci ROW_FORMAT=DYNAMIC;

--
-- Volcado de datos para la tabla `modulosciclo`
--

INSERT INTO `modulosciclo` (`id`, `id_ciclo`, `id_modulo`, `curso`) VALUES
(1, 1, 27, 1),
(2, 1, 51, 1),
(3, 1, 38, 1),
(4, 1, 43, 1),
(5, 1, 9, 1),
(6, 1, 34, 1),
(7, 1, 25, 1),
(8, 1, 29, 2),
(9, 1, 30, 2),
(10, 1, 12, 2),
(11, 1, 31, 2),
(12, 1, 52, 2),
(13, 1, 24, 2),
(14, 1, 47, 2),
(15, 3, 55, 1),
(16, 3, 4, 1),
(17, 3, 46, 1),
(18, 3, 20, 1),
(19, 3, 36, 1),
(20, 3, 25, 1),
(21, 3, 45, 2),
(22, 3, 44, 2),
(23, 3, 53, 2),
(24, 3, 1, 2),
(25, 3, 13, 2),
(26, 3, 17, 2),
(27, 3, 24, 2),
(28, 3, 48, 2),
(29, 4, 28, 1),
(30, 4, 57, 1),
(31, 4, 22, 1),
(32, 4, 54, 1),
(33, 4, 38, 1),
(34, 4, 60, 1),
(35, 4, 25, 1),
(36, 4, 2, 2),
(37, 4, 7, 2),
(38, 4, 3, 2),
(39, 4, 26, 2),
(40, 4, 17, 2),
(41, 4, 24, 2),
(42, 4, 50, 2),
(43, 5, 37, 1),
(44, 5, 42, 1),
(45, 5, 5, 1),
(46, 5, 10, 1),
(47, 5, 35, 2),
(48, 5, 21, 2),
(49, 5, 6, 2),
(50, 5, 11, 2),
(51, 5, 23, 2),
(52, 6, 8, 1),
(53, 6, 39, 1),
(54, 6, 59, 1),
(55, 6, 56, 1),
(56, 6, 32, 1),
(57, 6, 25, 1),
(58, 6, 19, 2),
(59, 6, 40, 2),
(60, 6, 58, 2),
(61, 6, 18, 2),
(62, 6, 41, 2),
(63, 6, 33, 2),
(64, 6, 24, 2),
(65, 7, 61, 1),
(66, 7, 62, 1),
(67, 7, 63, 1),
(68, 7, 64, 1),
(69, 7, 65, 1),
(70, 7, 66, 1),
(71, 7, 67, 1),
(72, 5, 68, 1),
(73, 5, 68, 2);

-- --------------------------------------------------------

--
-- Estructura de tabla para la tabla `modulosmatricula`
--

CREATE TABLE `modulosmatricula` (
  `id` int(11) NOT NULL,
  `id_matricula` int(11) DEFAULT NULL,
  `id_modulo` int(11) DEFAULT NULL,
  `estado` varchar(2) COLLATE utf8_spanish2_ci DEFAULT NULL
) ENGINE=InnoDB AVG_ROW_LENGTH=84 DEFAULT CHARSET=utf8 COLLATE=utf8_spanish2_ci ROW_FORMAT=DYNAMIC;

--
-- Volcado de datos para la tabla `modulosmatricula`
--

INSERT INTO `modulosmatricula` (`id`, `id_matricula`, `id_modulo`, `estado`) VALUES
(267, 118, 27, 'NA'),
(268, 118, 51, 'NA'),
(269, 118, 38, 'NA'),
(270, 118, 43, 'NA'),
(271, 118, 9, 'NA'),
(272, 118, 34, 'NA'),
(273, 118, 25, 'NA'),
(274, 119, 27, 'NA'),
(275, 119, 51, 'NA'),
(276, 119, 38, 'NA'),
(277, 119, 43, 'NA'),
(278, 119, 9, 'NA'),
(279, 119, 34, 'NA'),
(280, 119, 25, 'NA'),
(281, 120, 37, 'NA'),
(282, 120, 42, 'NA'),
(283, 120, 5, 'NA'),
(284, 120, 10, 'NA'),
(306, 124, 28, 'NA'),
(307, 124, 57, 'NA'),
(308, 124, 22, 'NA'),
(309, 124, 54, 'NA'),
(310, 124, 38, 'NA'),
(311, 124, 60, 'NA'),
(312, 124, 25, 'NA'),
(313, 125, 55, 'NA'),
(314, 125, 4, 'NA'),
(315, 125, 46, 'NA'),
(316, 125, 20, 'NA'),
(317, 125, 36, 'NA'),
(318, 125, 25, 'NA'),
(319, 126, 28, 'NA'),
(320, 126, 57, 'NA'),
(321, 126, 22, 'NA'),
(322, 126, 54, 'NA'),
(323, 126, 38, 'NA'),
(324, 126, 60, 'NA'),
(325, 126, 25, 'NA'),
(326, 127, 55, 'NA'),
(327, 127, 4, 'NA'),
(328, 127, 46, 'NA'),
(329, 127, 20, 'NA'),
(330, 127, 36, 'NA'),
(331, 127, 25, 'NA'),
(332, 128, 55, 'NA'),
(333, 128, 4, 'NA'),
(334, 128, 46, 'NA'),
(335, 128, 20, 'NA'),
(336, 128, 36, 'NA'),
(337, 128, 25, 'NA'),
(338, 129, 55, 'NA'),
(339, 129, 4, 'NA'),
(340, 129, 46, 'NA'),
(341, 129, 20, 'NA'),
(342, 129, 36, 'NA'),
(343, 129, 25, 'NA'),
(344, 130, 45, 'NA'),
(345, 130, 44, 'NA'),
(346, 130, 53, 'NA'),
(347, 130, 1, 'NA'),
(348, 130, 13, 'NA'),
(349, 130, 17, 'NA'),
(350, 130, 24, 'NA'),
(351, 130, 48, 'NA'),
(352, 131, 27, 'NA'),
(353, 131, 51, 'NA'),
(354, 131, 38, 'NA'),
(355, 131, 43, 'NA'),
(356, 131, 9, 'NA'),
(357, 131, 34, 'NA'),
(358, 131, 25, 'NA'),
(359, 132, 27, 'NA'),
(360, 132, 51, 'NA'),
(361, 132, 38, 'NA'),
(362, 132, 43, 'NA'),
(363, 132, 9, 'NA'),
(364, 132, 34, 'NA'),
(365, 132, 25, 'NA'),
(386, 136, 55, 'NA'),
(387, 136, 4, 'NA'),
(388, 136, 46, 'NA'),
(389, 136, 20, 'NA'),
(390, 136, 36, 'NA'),
(391, 136, 25, 'NA'),
(399, 138, 27, 'NA'),
(400, 138, 51, 'NA'),
(401, 138, 38, 'NA'),
(402, 138, 43, 'NA'),
(403, 138, 9, 'NA'),
(404, 138, 34, 'NA'),
(405, 138, 25, 'NA'),
(406, 139, 28, 'NA'),
(407, 139, 57, 'NA'),
(408, 139, 22, 'NA'),
(409, 139, 54, 'NA'),
(410, 139, 38, 'NA'),
(411, 139, 60, 'NA'),
(412, 139, 25, 'NA'),
(413, 140, 8, 'NA'),
(414, 140, 39, 'NA'),
(415, 140, 59, 'NA'),
(416, 140, 56, 'NA'),
(417, 140, 32, 'NA'),
(418, 140, 25, 'NA'),
(419, 141, 8, 'NA'),
(420, 141, 39, 'NA'),
(421, 141, 59, 'NA'),
(422, 141, 56, 'NA'),
(423, 141, 32, 'NA'),
(424, 141, 25, 'NA'),
(425, 142, 37, 'NA'),
(426, 142, 42, 'NA'),
(427, 142, 5, 'NA'),
(428, 142, 10, 'NA'),
(429, 143, 8, 'NA'),
(430, 143, 39, 'NA'),
(431, 143, 59, 'NA'),
(432, 143, 56, 'NA'),
(433, 143, 32, 'NA'),
(434, 143, 25, 'NA'),
(435, 144, 8, 'NA'),
(436, 144, 39, 'NA'),
(437, 144, 59, 'NA'),
(438, 144, 56, 'NA'),
(439, 144, 32, 'NA'),
(440, 144, 25, 'NA'),
(441, 145, 27, 'NA'),
(442, 145, 51, 'NA'),
(443, 145, 38, 'NA'),
(444, 145, 43, 'NA'),
(445, 145, 9, 'NA'),
(446, 145, 34, 'NA'),
(447, 145, 25, 'NA'),
(448, 146, 28, 'NA'),
(449, 146, 57, 'NA'),
(450, 146, 22, 'NA'),
(451, 146, 54, 'NA'),
(452, 146, 38, 'NA'),
(453, 146, 60, 'NA'),
(454, 146, 25, 'NA'),
(455, 147, 55, 'NA'),
(456, 147, 4, 'NA'),
(457, 147, 46, 'NA'),
(458, 147, 20, 'NA'),
(459, 147, 36, 'NA'),
(460, 147, 25, 'NA'),
(461, 148, 28, 'NA'),
(462, 148, 57, 'NA'),
(463, 148, 22, 'NA'),
(464, 148, 54, 'NA'),
(465, 148, 38, 'NA'),
(466, 148, 60, 'NA'),
(467, 148, 25, 'NA'),
(468, 149, 55, 'NA'),
(469, 149, 4, 'NA'),
(470, 149, 46, 'NA'),
(471, 149, 20, 'NA'),
(472, 149, 36, 'NA'),
(473, 149, 25, 'NA'),
(474, 150, 37, 'NA'),
(475, 150, 42, 'NA'),
(476, 150, 5, 'NA'),
(477, 150, 10, 'NA'),
(478, 151, 28, 'NA'),
(479, 151, 57, 'NA'),
(480, 151, 22, 'NA'),
(481, 151, 54, 'NA'),
(482, 151, 38, 'NA'),
(483, 151, 60, 'NA'),
(484, 151, 25, 'NA'),
(485, 152, 55, 'NA'),
(486, 152, 4, 'NA'),
(487, 152, 46, 'NA'),
(488, 152, 20, 'NA'),
(489, 152, 36, 'NA'),
(490, 152, 25, 'NA'),
(491, 153, 27, 'NA'),
(492, 153, 51, 'NA'),
(493, 153, 38, 'NA'),
(494, 153, 43, 'NA'),
(495, 153, 9, 'NA'),
(496, 153, 34, 'NA'),
(497, 153, 25, 'NA'),
(498, 154, 27, 'NA'),
(499, 154, 51, 'NA'),
(500, 154, 38, 'NA'),
(501, 154, 43, 'NA'),
(502, 154, 9, 'NA'),
(503, 154, 34, 'NA'),
(504, 154, 25, 'NA'),
(505, 155, 37, 'NA'),
(506, 155, 42, 'NA'),
(507, 155, 5, 'NA'),
(508, 155, 10, 'NA'),
(509, 156, 55, 'NA'),
(510, 156, 4, 'NA'),
(511, 156, 46, 'NA'),
(512, 156, 20, 'NA'),
(513, 156, 36, 'NA'),
(514, 156, 25, 'NA'),
(522, 158, 28, 'NA'),
(523, 158, 57, 'NA'),
(524, 158, 22, 'NA'),
(525, 158, 54, 'NA'),
(526, 158, 38, 'NA'),
(527, 158, 60, 'NA'),
(528, 158, 25, 'NA'),
(529, 159, 8, 'NA'),
(530, 159, 39, 'NA'),
(531, 159, 59, 'NA'),
(532, 159, 56, 'NA'),
(533, 159, 32, 'NA'),
(534, 159, 25, 'NA'),
(535, 155, 68, 'NA'),
(540, 160, 9, 'NA'),
(541, 160, 34, 'NA'),
(542, 160, 25, 'NA'),
(543, 160, 30, 'NA'),
(544, 160, 29, 'NA'),
(547, 160, 12, 'NA'),
(548, 160, 31, 'NA'),
(549, 160, 52, 'NA'),
(550, 161, 55, 'NA'),
(551, 161, 4, 'NA'),
(552, 161, 46, 'NA'),
(553, 161, 20, 'NA'),
(554, 161, 36, 'NA'),
(555, 161, 25, 'NA'),
(556, 162, 55, 'NA'),
(557, 162, 4, 'NA'),
(558, 162, 46, 'NA'),
(559, 162, 20, 'NA'),
(560, 162, 36, 'NA'),
(561, 162, 25, 'NA'),
(562, 163, 37, 'NA'),
(563, 163, 42, 'NA'),
(564, 163, 5, 'NA'),
(565, 163, 10, 'NA'),
(566, 163, 68, 'NA'),
(567, 164, 55, 'NA'),
(568, 164, 4, 'NA'),
(569, 164, 46, 'NA'),
(570, 164, 20, 'NA'),
(571, 164, 36, 'NA'),
(572, 164, 25, 'NA'),
(573, 165, 28, 'NA'),
(574, 165, 57, 'NA'),
(575, 165, 22, 'NA'),
(576, 165, 54, 'NA'),
(577, 165, 38, 'NA'),
(578, 165, 60, 'NA'),
(579, 165, 25, 'NA'),
(580, 166, 28, 'NA'),
(581, 166, 57, 'NA'),
(582, 166, 22, 'NA'),
(583, 166, 54, 'NA'),
(584, 166, 38, 'NA'),
(585, 166, 60, 'NA'),
(586, 166, 25, 'NA'),
(587, 170, 27, 'NA'),
(588, 170, 51, 'NA'),
(589, 170, 38, 'NA'),
(590, 170, 43, 'NA'),
(591, 170, 9, 'NA'),
(592, 170, 34, 'NA'),
(593, 170, 25, 'NA'),
(594, 171, 8, 'NA'),
(595, 171, 39, 'NA'),
(596, 171, 59, 'NA'),
(597, 171, 56, 'NA'),
(598, 171, 32, 'NA'),
(599, 171, 25, 'NA'),
(600, 172, 55, 'NA'),
(601, 172, 4, 'NA'),
(602, 172, 46, 'NA'),
(603, 172, 20, 'NA'),
(604, 172, 36, 'NA'),
(605, 172, 25, 'NA'),
(606, 173, 27, 'NA'),
(607, 173, 51, 'NA'),
(608, 173, 38, 'NA'),
(609, 173, 43, 'NA'),
(610, 173, 9, 'NA'),
(611, 173, 34, 'NA'),
(612, 173, 25, 'NA'),
(613, 174, 8, 'NA'),
(614, 174, 39, 'NA'),
(615, 174, 59, 'NA'),
(616, 174, 56, 'NA'),
(617, 174, 32, 'NA'),
(618, 174, 25, 'NA'),
(619, 175, 28, 'NA'),
(620, 175, 57, 'NA'),
(621, 175, 22, 'NA'),
(622, 175, 54, 'NA'),
(623, 175, 38, 'NA'),
(624, 175, 60, 'NA'),
(625, 175, 25, 'NA'),
(626, 176, 27, 'NA'),
(627, 176, 51, 'NA'),
(628, 176, 38, 'NA'),
(629, 176, 43, 'NA'),
(630, 176, 9, 'NA'),
(631, 176, 34, 'NA'),
(632, 176, 25, 'NA'),
(633, 177, 8, 'NA'),
(634, 177, 39, 'NA'),
(635, 177, 59, 'NA'),
(636, 177, 56, 'NA'),
(637, 177, 32, 'NA'),
(638, 177, 25, 'NA'),
(639, 178, 55, 'NA'),
(640, 178, 4, 'NA'),
(641, 178, 46, 'NA'),
(642, 178, 20, 'NA'),
(643, 178, 36, 'NA'),
(644, 178, 25, 'NA'),
(645, 179, 8, 'NA'),
(646, 179, 39, 'NA'),
(647, 179, 59, 'NA'),
(648, 179, 56, 'NA'),
(649, 179, 32, 'NA'),
(650, 179, 25, 'NA'),
(651, 180, 55, 'NA'),
(652, 180, 4, 'NA'),
(653, 180, 46, 'NA'),
(654, 180, 20, 'NA'),
(655, 180, 36, 'NA'),
(656, 180, 25, 'NA'),
(657, 181, 8, 'NA'),
(658, 181, 39, 'NA'),
(659, 181, 59, 'NA'),
(660, 181, 56, 'NA'),
(661, 181, 32, 'NA'),
(662, 181, 25, 'NA'),
(663, 182, 55, 'NA'),
(664, 182, 4, 'NA'),
(665, 182, 46, 'NA'),
(666, 182, 20, 'NA'),
(667, 182, 36, 'NA'),
(668, 182, 25, 'NA'),
(669, 183, 45, 'NA'),
(670, 183, 44, 'NA'),
(671, 183, 53, 'NA'),
(672, 183, 1, 'NA'),
(673, 183, 13, 'NA'),
(674, 183, 17, 'NA'),
(675, 183, 24, 'NA'),
(676, 183, 48, 'NA'),
(677, 184, 27, 'NA'),
(678, 184, 51, 'NA'),
(679, 184, 38, 'NA'),
(680, 184, 43, 'NA'),
(681, 184, 9, 'NA'),
(682, 184, 34, 'NA'),
(683, 184, 25, 'NA'),
(684, 185, 55, 'NA'),
(685, 185, 4, 'NA'),
(686, 185, 46, 'NA'),
(687, 185, 20, 'NA'),
(688, 185, 36, 'NA'),
(689, 185, 25, 'NA'),
(690, 186, 37, 'NA'),
(691, 186, 42, 'NA'),
(692, 186, 5, 'NA'),
(693, 186, 10, 'NA'),
(694, 186, 68, 'NA'),
(695, 187, 27, 'NA'),
(696, 187, 51, 'NA'),
(697, 187, 38, 'NA'),
(698, 187, 43, 'NA'),
(699, 187, 9, 'NA'),
(700, 187, 34, 'NA'),
(701, 187, 25, 'NA'),
(702, 188, 55, 'NA'),
(703, 188, 4, 'NA'),
(704, 188, 46, 'NA'),
(705, 188, 20, 'NA'),
(706, 188, 36, 'NA'),
(707, 188, 25, 'NA'),
(708, 189, 8, 'NA'),
(709, 189, 39, 'NA'),
(710, 189, 59, 'NA'),
(711, 189, 56, 'NA'),
(712, 189, 32, 'NA'),
(713, 189, 25, 'NA'),
(714, 190, 37, 'NA'),
(715, 190, 42, 'NA'),
(716, 190, 5, 'NA'),
(717, 190, 10, 'NA'),
(718, 190, 68, 'NA'),
(719, 197, 37, 'NA'),
(720, 197, 42, 'NA'),
(721, 197, 5, 'NA'),
(722, 197, 10, 'NA'),
(723, 197, 68, 'NA'),
(724, 198, 37, 'NA'),
(725, 198, 42, 'NA'),
(726, 198, 5, 'NA'),
(727, 198, 10, 'NA'),
(728, 198, 68, 'NA'),
(735, 200, 8, 'NA'),
(736, 200, 39, 'NA'),
(737, 200, 59, 'NA'),
(738, 200, 56, 'NA'),
(739, 200, 32, 'NA'),
(740, 200, 25, 'NA'),
(741, 201, 8, 'NA'),
(742, 201, 39, 'NA'),
(743, 201, 59, 'NA'),
(744, 201, 56, 'NA'),
(745, 201, 32, 'NA'),
(746, 201, 25, 'NA'),
(747, 202, 8, 'NA'),
(748, 202, 39, 'NA'),
(749, 202, 59, 'NA'),
(750, 202, 56, 'NA'),
(751, 202, 32, 'NA'),
(752, 202, 25, 'NA'),
(753, 203, 28, 'NA'),
(754, 203, 57, 'NA'),
(755, 203, 22, 'NA'),
(756, 203, 54, 'NA'),
(757, 203, 38, 'NA'),
(758, 203, 60, 'NA'),
(759, 203, 25, 'NA'),
(780, 209, 28, 'NA'),
(781, 209, 57, 'NA'),
(782, 209, 22, 'NA'),
(783, 209, 54, 'NA'),
(784, 209, 38, 'NA'),
(785, 209, 60, 'NA'),
(786, 209, 25, 'NA'),
(787, 210, 28, 'NA'),
(788, 210, 57, 'NA'),
(789, 210, 22, 'NA'),
(790, 210, 54, 'NA'),
(791, 210, 38, 'NA'),
(792, 210, 60, 'NA'),
(793, 210, 25, 'NA'),
(794, 211, 8, 'NA'),
(795, 211, 39, 'NA'),
(796, 211, 59, 'NA'),
(797, 211, 56, 'NA'),
(798, 211, 32, 'NA'),
(799, 211, 25, 'NA'),
(800, 212, 8, 'NA'),
(801, 212, 39, 'NA'),
(802, 212, 59, 'NA'),
(803, 212, 56, 'NA'),
(804, 212, 32, 'NA'),
(805, 212, 25, 'NA'),
(806, 213, 28, 'NA'),
(807, 213, 57, 'NA'),
(808, 213, 22, 'NA'),
(809, 213, 54, 'NA'),
(810, 213, 38, 'NA'),
(811, 213, 60, 'NA'),
(812, 213, 25, 'NA'),
(813, 214, 28, 'NA'),
(814, 214, 57, 'NA'),
(815, 214, 22, 'NA'),
(816, 214, 54, 'NA'),
(817, 214, 38, 'NA'),
(818, 214, 60, 'NA'),
(819, 214, 25, 'NA'),
(820, 215, 28, 'NA'),
(821, 215, 57, 'NA'),
(822, 215, 22, 'NA'),
(823, 215, 54, 'NA'),
(824, 215, 38, 'NA'),
(825, 215, 60, 'NA'),
(826, 215, 25, 'NA'),
(827, 216, 8, 'NA'),
(828, 216, 39, 'NA'),
(829, 216, 59, 'NA'),
(830, 216, 56, 'NA'),
(831, 216, 32, 'NA'),
(832, 216, 25, 'NA'),
(833, 217, 27, 'NA'),
(834, 217, 51, 'NA'),
(835, 217, 38, 'NA'),
(836, 217, 43, 'NA'),
(837, 217, 9, 'NA'),
(838, 217, 34, 'NA'),
(839, 217, 25, 'NA'),
(840, 218, 55, 'NA'),
(841, 218, 4, 'NA'),
(842, 218, 46, 'NA'),
(843, 218, 20, 'NA'),
(844, 218, 36, 'NA'),
(845, 218, 25, 'NA'),
(846, 224, 55, 'NA'),
(847, 224, 4, 'NA'),
(848, 224, 46, 'NA'),
(849, 224, 20, 'NA'),
(850, 224, 36, 'NA'),
(851, 224, 25, 'NA'),
(852, 225, 28, 'NA'),
(853, 225, 57, 'NA'),
(854, 225, 22, 'NA'),
(855, 225, 54, 'NA'),
(856, 225, 38, 'NA'),
(857, 225, 60, 'NA'),
(858, 225, 25, 'NA'),
(859, 226, 27, 'NA'),
(860, 226, 51, 'NA'),
(861, 226, 38, 'NA'),
(862, 226, 43, 'NA'),
(863, 226, 9, 'NA'),
(864, 226, 34, 'NA'),
(865, 226, 25, 'NA'),
(866, 227, 8, 'NA'),
(867, 227, 39, 'NA'),
(868, 227, 59, 'NA'),
(869, 227, 56, 'NA'),
(870, 227, 32, 'NA'),
(871, 227, 25, 'NA'),
(872, 228, 8, 'NA'),
(873, 228, 39, 'NA'),
(874, 228, 59, 'NA'),
(875, 228, 56, 'NA'),
(876, 228, 32, 'NA'),
(877, 228, 25, 'NA'),
(878, 229, 27, 'NA'),
(879, 229, 51, 'NA'),
(880, 229, 38, 'NA'),
(881, 229, 43, 'NA'),
(882, 229, 9, 'NA'),
(883, 229, 34, 'NA'),
(884, 229, 25, 'NA'),
(885, 230, 55, 'NA'),
(886, 230, 4, 'NA'),
(887, 230, 46, 'NA'),
(888, 230, 20, 'NA'),
(889, 230, 36, 'NA'),
(890, 230, 25, 'NA'),
(899, 232, 28, 'NA'),
(900, 232, 57, 'NA'),
(901, 232, 22, 'NA'),
(902, 232, 54, 'NA'),
(903, 232, 38, 'NA'),
(904, 232, 60, 'NA'),
(905, 232, 25, 'NA'),
(913, 234, 27, 'NA'),
(914, 234, 51, 'NA'),
(915, 234, 38, 'NA'),
(916, 234, 43, 'NA'),
(917, 234, 9, 'NA'),
(918, 234, 34, 'NA'),
(919, 234, 25, 'NA'),
(920, 235, 28, 'NA'),
(921, 235, 57, 'NA'),
(922, 235, 22, 'NA'),
(923, 235, 54, 'NA'),
(924, 235, 38, 'NA'),
(925, 235, 60, 'NA'),
(926, 235, 25, 'NA'),
(927, 239, 8, 'NA'),
(928, 239, 39, 'NA'),
(929, 239, 59, 'NA'),
(930, 239, 56, 'NA'),
(931, 239, 32, 'NA'),
(932, 239, 25, 'NA'),
(933, 240, 61, 'NA'),
(934, 240, 62, 'NA'),
(935, 240, 63, 'NA'),
(936, 240, 64, 'NA'),
(937, 240, 65, 'NA'),
(938, 240, 66, 'NA'),
(939, 240, 67, 'NA'),
(940, 241, 28, 'NA'),
(941, 241, 57, 'NA'),
(942, 241, 22, 'NA'),
(943, 241, 54, 'NA'),
(944, 241, 38, 'NA'),
(945, 241, 60, 'NA'),
(946, 241, 25, 'NA'),
(947, 242, 8, 'NA'),
(948, 242, 39, 'NA'),
(949, 242, 59, 'NA'),
(950, 242, 56, 'NA'),
(951, 242, 32, 'NA'),
(952, 242, 25, 'NA'),
(953, 243, 55, 'NA'),
(954, 243, 4, 'NA'),
(955, 243, 46, 'NA'),
(956, 243, 20, 'NA'),
(957, 243, 36, 'NA'),
(958, 243, 25, 'NA'),
(959, 244, 27, 'NA'),
(960, 244, 51, 'NA'),
(961, 244, 38, 'NA'),
(962, 244, 43, 'NA'),
(963, 244, 9, 'NA'),
(964, 244, 34, 'NA'),
(965, 244, 25, 'NA'),
(966, 245, 28, 'NA'),
(967, 245, 57, 'NA'),
(968, 245, 22, 'NA'),
(969, 245, 54, 'NA'),
(970, 245, 38, 'NA'),
(971, 245, 60, 'NA'),
(972, 245, 25, 'NA'),
(973, 246, 8, 'NA'),
(974, 246, 39, 'NA'),
(975, 246, 59, 'NA'),
(976, 246, 56, 'NA'),
(977, 246, 32, 'NA'),
(978, 246, 25, 'NA'),
(979, 247, 29, 'NA'),
(980, 247, 30, 'NA'),
(981, 247, 12, 'NA'),
(982, 247, 31, 'NA'),
(983, 247, 52, 'NA'),
(984, 247, 24, 'NA'),
(985, 247, 47, 'NA'),
(986, 248, 37, 'NA'),
(987, 248, 42, 'NA'),
(988, 248, 5, 'NA'),
(989, 248, 10, 'NA'),
(990, 248, 68, 'NA'),
(998, 252, 55, 'NA'),
(999, 252, 4, 'NA'),
(1000, 252, 46, 'NA'),
(1001, 252, 20, 'NA'),
(1002, 252, 36, 'NA'),
(1003, 252, 25, 'NA'),
(1004, 251, 55, 'NA'),
(1005, 251, 4, 'NA'),
(1006, 251, 46, 'NA'),
(1007, 251, 20, 'NA'),
(1008, 251, 36, 'NA'),
(1009, 251, 25, 'NA'),
(1010, 253, 28, 'NA'),
(1011, 253, 57, 'NA'),
(1012, 253, 22, 'NA'),
(1013, 253, 54, 'NA'),
(1014, 253, 38, 'NA'),
(1015, 253, 60, 'NA'),
(1016, 253, 25, 'NA'),
(1017, 261, 8, 'NA'),
(1018, 261, 39, 'NA'),
(1019, 261, 59, 'NA'),
(1020, 261, 56, 'NA'),
(1021, 261, 32, 'NA'),
(1022, 261, 25, 'NA'),
(1023, 262, 28, 'NA'),
(1024, 262, 57, 'NA'),
(1025, 262, 22, 'NA'),
(1026, 262, 54, 'NA'),
(1027, 262, 38, 'NA'),
(1028, 262, 60, 'NA'),
(1029, 262, 25, 'NA'),
(1030, 263, 27, 'NA'),
(1031, 263, 51, 'NA'),
(1032, 263, 38, 'NA'),
(1033, 263, 43, 'NA'),
(1034, 263, 9, 'NA'),
(1035, 263, 34, 'NA'),
(1036, 263, 25, 'NA'),
(1037, 264, 27, 'NA'),
(1038, 264, 51, 'NA'),
(1039, 264, 38, 'NA'),
(1040, 264, 43, 'NA'),
(1041, 264, 9, 'NA'),
(1042, 264, 34, 'NA'),
(1043, 264, 25, 'NA'),
(1044, 265, 28, 'NA'),
(1046, 265, 22, 'NA'),
(1047, 265, 54, 'NA'),
(1048, 265, 38, 'NA'),
(1049, 265, 60, 'NA'),
(1051, 266, 55, 'NA'),
(1052, 266, 4, 'NA'),
(1053, 266, 46, 'NA'),
(1054, 266, 20, 'NA'),
(1055, 266, 36, 'NA'),
(1056, 266, 25, 'NA'),
(1057, 267, 55, 'NA'),
(1058, 267, 4, 'NA'),
(1059, 267, 46, 'NA'),
(1060, 267, 20, 'NA'),
(1061, 267, 36, 'NA'),
(1062, 267, 25, 'NA'),
(1063, 268, 19, 'NA'),
(1064, 268, 40, 'NA'),
(1065, 268, 58, 'NA'),
(1066, 268, 18, 'NA'),
(1067, 268, 41, 'NA'),
(1068, 268, 33, 'NA'),
(1069, 268, 24, 'NA'),
(1159, 282, 27, 'NA'),
(1160, 282, 51, 'NA'),
(1161, 282, 38, 'NA'),
(1162, 282, 43, 'NA'),
(1163, 282, 9, 'NA'),
(1164, 282, 34, 'NA'),
(1165, 282, 25, 'A'),
(1169, 283, 37, 'NA'),
(1170, 283, 42, 'NA'),
(1171, 283, 5, 'NA'),
(1172, 283, 10, 'NA'),
(1173, 283, 68, 'NA'),
(1174, 288, 35, 'NA'),
(1175, 288, 21, 'NA'),
(1176, 288, 6, 'NA'),
(1177, 288, 11, 'NA'),
(1178, 288, 23, 'NA'),
(1179, 288, 68, 'NA');

-- --------------------------------------------------------

--
-- Estructura de tabla para la tabla `responsables`
--

CREATE TABLE `responsables` (
  `id` int(11) NOT NULL,
  `id_tutor` int(11) DEFAULT NULL,
  `dni_alumno` varchar(10) COLLATE utf8_spanish2_ci DEFAULT '''NULL'''
) ENGINE=InnoDB AVG_ROW_LENGTH=65 DEFAULT CHARSET=utf8 COLLATE=utf8_spanish2_ci ROW_FORMAT=DYNAMIC;

--
-- Volcado de datos para la tabla `responsables`
--

INSERT INTO `responsables` (`id`, `id_tutor`, `dni_alumno`) VALUES
(7, 1, '72089654H'),
(8, 2, '72089654H'),
(27, 21, '72061364H'),
(28, 22, '72064914A'),
(29, 23, '72064914A'),
(30, 24, '72065411V'),
(31, 25, '72065411V'),
(32, 26, '72068137Y'),
(33, 27, '72068137Y'),
(34, 28, '72072084C'),
(35, 29, '72072084C'),
(36, 30, '72075440H'),
(37, 31, '72075440H'),
(38, 32, '72080402N'),
(39, 33, '72080402N'),
(40, 34, '72081548P'),
(41, 35, '72081548P'),
(42, 36, '72083861K'),
(43, 37, '72083861K'),
(44, 38, '72087772E'),
(45, 39, '72105194X'),
(46, 40, '72105194X'),
(47, 41, '72106001N'),
(48, 42, '72106001N'),
(49, 43, '72132106N'),
(50, 44, '72132106N'),
(51, 45, '72134275L'),
(52, 46, '72134275L'),
(53, 47, '72134844J'),
(54, 48, '72134844J'),
(55, 49, '72137112G'),
(56, 50, '72137112G'),
(57, 51, '72137467Z'),
(58, 52, '72137467Z'),
(59, 53, '72139679H'),
(60, 54, '72139679H'),
(61, 55, '72139849G'),
(62, 56, '72139849G'),
(63, 57, '72140306R'),
(64, 58, '72140306R'),
(65, 59, '72145125J'),
(66, 60, '72145125J'),
(67, 61, '72145599G'),
(68, 62, '72145599G'),
(69, 63, '72154943X'),
(70, 64, '72154943X'),
(71, 65, '72171832V'),
(72, 66, '72172088C'),
(73, 67, '72172088C'),
(74, 68, '72173989N'),
(75, 69, '72173989N'),
(76, 70, '72174061S'),
(77, 71, '72174061S'),
(78, 72, '72174580M'),
(79, 73, '72174580M'),
(80, 74, '72174722D'),
(81, 75, '72174722D'),
(82, 76, '72175150T'),
(83, 77, '72175323N'),
(84, 78, '72177684G'),
(85, 79, '72179193H'),
(86, 80, '72179485B'),
(87, 81, '72180118T'),
(88, 82, '72180118T'),
(89, 83, '72180933X'),
(90, 84, '72180933X'),
(91, 85, '72182783C'),
(92, 86, '72186001H'),
(93, 87, '72186001H'),
(94, 88, '72186392H'),
(95, 89, '72186392H'),
(96, 90, '72186736V'),
(97, 91, '72186736V'),
(98, 92, '72186887F'),
(99, 93, '72186887F'),
(100, 94, '72186964S'),
(101, 95, '72186964S'),
(102, 96, '72187079S'),
(103, 97, '72188219M'),
(104, 98, '72188219M'),
(105, 99, '72188392V'),
(106, 100, '72188392V'),
(107, 101, '72190197M'),
(108, 102, '72191563Z'),
(109, 103, '72193117G'),
(110, 104, '72193117G'),
(111, 105, '72193281F'),
(112, 106, '72193658Q'),
(113, 107, '72193658Q'),
(114, 108, '72197229E'),
(115, 109, '72197952D'),
(116, 110, '72198371Z'),
(117, 111, '72198928L'),
(118, 112, '72198928L'),
(119, 113, '72201404B'),
(120, 114, '72201404B'),
(121, 115, '72206659E'),
(122, 116, '72207772P'),
(123, 117, '72207772P'),
(124, 118, '72207868N'),
(125, 119, '72209456J'),
(126, 120, '72209456J'),
(127, 121, '72222690E'),
(128, 122, '72222690E'),
(129, 123, '72224601R'),
(130, 124, '72226636N'),
(131, 125, '72226636N'),
(132, 126, '72229452E'),
(133, 127, '72229452E'),
(134, 128, '72230344V'),
(135, 129, '72231142X'),
(136, 130, '72231142X'),
(137, 131, '72231544K'),
(138, 132, '72231578D'),
(139, 133, '72232297S'),
(140, 134, '72233907S'),
(141, 135, '72258069G'),
(142, 136, '72258069G'),
(143, 137, '72258331J'),
(144, 138, '72258331J'),
(145, 139, '72258524E'),
(146, 140, '72258524E'),
(147, 141, '72260748S'),
(148, 142, '72260932S'),
(149, 143, '72260932S'),
(150, 144, '72261287W'),
(151, 145, '72261287W'),
(152, 146, '72261318X'),
(153, 147, '72261653T'),
(154, 148, '72261653T'),
(155, 149, '72262979S'),
(156, 150, '72262979S'),
(157, 151, '72262998B'),
(158, 152, '72262998B'),
(159, 153, '72265589A'),
(160, 154, '72265589A'),
(161, 155, '72266265N'),
(162, 156, '72266265N'),
(163, 157, '72266701B'),
(164, 158, '72268370R'),
(165, 159, '72268370R'),
(166, 160, '72269663Y'),
(167, 161, '72269663Y'),
(168, 162, '72270116E'),
(169, 163, '72270390C'),
(170, 164, '72270745F'),
(171, 165, '72270745F'),
(172, 166, '72275147Q'),
(173, 167, '72275147Q'),
(174, 168, '72278219Y'),
(175, 169, '72278219Y'),
(176, 170, '72278579K'),
(177, 171, '72278579K'),
(178, 172, '72279229G'),
(179, 173, '72279404H'),
(180, 174, '72279404H'),
(181, 175, '72279491J'),
(182, 176, '72279491J'),
(183, 177, '72281993P'),
(184, 178, '72281993P'),
(185, 179, '72289600W'),
(186, 180, '72291462R'),
(187, 181, '72305774F'),
(188, 182, '72305774F'),
(189, 183, '72306199H'),
(190, 184, '72306199H'),
(191, 185, '72350951N'),
(192, 186, '72350951N'),
(193, 187, '72351271X'),
(194, 188, '72352700J'),
(195, 189, '72352700J'),
(196, 190, '72353880C'),
(197, 191, '72353880C'),
(198, 192, '72353880C'),
(199, 193, '72353880C'),
(200, 194, '72353880C'),
(201, 195, '72353880C'),
(202, 196, '72354043E'),
(203, 197, '72354043E'),
(204, 198, '72355361Y'),
(205, 199, '72356799H'),
(206, 200, '72356799H'),
(207, 201, '72357187S'),
(208, 202, '72357187S'),
(209, 203, '72357302S'),
(210, 204, '72357302S'),
(211, 205, '72358863N'),
(212, 206, '72361466Q'),
(213, 207, '72364332F'),
(214, 208, '72364332F'),
(215, 209, 'AR426022'),
(216, 210, 'AR426022'),
(217, 211, 'AV614640'),
(218, 212, 'L325356'),
(219, 213, 'L325356'),
(220, 214, 'X5144372P'),
(221, 215, 'X5144372P'),
(222, 216, 'X7428203P'),
(223, 217, 'X7428203P'),
(224, 218, 'X7866064H'),
(225, 219, 'X8350363Y'),
(226, 220, 'Y1424470W'),
(227, 221, 'Y2281731F'),
(228, 222, 'Y2339514Z'),
(229, 223, 'Y2339514Z'),
(230, 224, 'Y3353397X'),
(231, 225, 'Y3353397X'),
(232, 226, 'Y3648359K'),
(233, 227, 'Y3648359K'),
(234, 228, 'Y4210253W'),
(235, 229, 'Y4210253W'),
(236, 230, 'Y4447731M'),
(237, 231, 'Y4447731M'),
(238, 232, 'Y4454886F'),
(239, 233, 'Y4548708N'),
(240, 234, 'Y4548708N'),
(241, 235, 'Y4574924P'),
(242, 236, 'Y4574924P'),
(243, 237, 'Y5104162Q'),
(244, 238, 'Y5104162Q'),
(245, 239, 'Y5223508S'),
(246, 240, 'Y5223508S'),
(247, 241, 'Y5227485J'),
(248, 242, 'Y5227485J'),
(249, 243, 'Y6772672Z'),
(250, 244, 'Y6772672Z'),
(251, 245, 'Y7217939R'),
(252, 246, 'AR426022'),
(253, 247, 'AR426022'),
(256, 253, '72291005G'),
(257, 254, '72183392P'),
(258, 255, '72285213P');

-- --------------------------------------------------------

--
-- Estructura de tabla para la tabla `tutores`
--

CREATE TABLE `tutores` (
  `id` int(11) NOT NULL,
  `nombre` varchar(100) COLLATE utf8_spanish2_ci DEFAULT 'NULL',
  `apellidos` varchar(200) COLLATE utf8_spanish2_ci DEFAULT 'NULL',
  `dni` varchar(10) COLLATE utf8_spanish2_ci DEFAULT '''NULL''',
  `telefono` int(9) DEFAULT NULL,
  `observaciones` text COLLATE utf8_spanish2_ci
) ENGINE=InnoDB AVG_ROW_LENGTH=67 DEFAULT CHARSET=utf8 COLLATE=utf8_spanish2_ci ROW_FORMAT=DYNAMIC;

--
-- Volcado de datos para la tabla `tutores`
--

INSERT INTO `tutores` (`id`, `nombre`, `apellidos`, `dni`, `telefono`, `observaciones`) VALUES
(1, 'FEDERICO', 'FERNANDEZ FERNANDEZ', '', 658506067, NULL),
(2, 'MARIA CONCEPCION', 'ALGORRI MIER', '', 679913426, NULL),
(3, 'OCTAVIO FCO.', 'PALMA MEDINA', '125454444g', 0, ''),
(4, 'ANA CARLA PAOLA', 'CARO PALACIOS', '', 600655096, ''),
(5, 'ALVARO', 'CARULLA SARABIA', '13755532Z', 0, NULL),
(6, 'ANA ISABEL', 'RÚIZ CALDERON', '12752361B', 697603363, NULL),
(7, 'JOSEFA', 'BLANCO', '', 0, NULL),
(8, 'MATILDE', 'SANCHEZ FERNANDEZ', '', 0, NULL),
(9, 'ROBERTO', 'GARCIA', '', 0, NULL),
(10, 'FIDELA', 'GARCIA', '', NULL, NULL),
(11, 'SECUNDINO', 'LAVIN', '', 0, NULL),
(12, 'MARIA DOLORES', 'FERNANDEZ', '', NULL, NULL),
(13, 'JOSE Mª', 'MENDIGUREN MARQUEZ', '', 0, NULL),
(14, 'Mª DEL CARMEN', 'PELAYO GARCÍA', '', NULL, NULL),
(15, 'JUAN', 'FAJARDO VALIENTE', '', 658880260, NULL),
(16, 'MARIA DEL CARMEN', 'ALONSO GONZALEZ', '13926186P', 608679227, NULL),
(17, 'JOSÉ ANGEL', 'JURADO FRANCÉS', '29051661Q', 620624611, NULL),
(18, 'ISABEL CRISTINA', 'GALLEGO LOAIZA', '', 693829891, NULL),
(19, 'FERNANDO', 'TEJA ÁLVAREZ', '', 628168413, NULL),
(20, 'YORLENY', 'MUÑOZ VASQUEZ', '53924329R', 626441281, NULL),
(21, 'MONTSERRAT', 'ARENYS FERNANDEZ', '', 605332337, NULL),
(22, 'LUIS CONSTANTINO', 'MATEO SANTIAGO', '', 0, NULL),
(23, 'RAQUEL', 'BUSTARA VELEZ', '', NULL, NULL),
(24, 'MANUEL', 'GOMEZ', '', 0, NULL),
(25, 'MARIA ISABEL', 'SUAREZ', '', NULL, NULL),
(26, 'JESUS', 'LOZANO', '50396522A', 0, NULL),
(27, 'FUENSANTA', 'MAYOR', '', NULL, NULL),
(28, 'CESAR MANUEL', 'GONZÁLEZ DÍAZ BUSTAMAN', '13769208M', 711705896, NULL),
(29, 'MONICA', 'BLANCO CUADRADO', '13789637X', 655850927, NULL),
(30, 'JOSE RAMÓN', 'SIERRA ARTABE', '', 0, NULL),
(31, 'BLANCA', 'VELEZ HIGUERA', '', 678527309, NULL),
(32, 'JAVIER', 'SECADAS FRIAS', '', 0, NULL),
(33, 'SORAYA', 'DIAZ RUIZ', '', NULL, NULL),
(34, 'JOSE ANTONIO', 'GUTIERREZ ALESON', '', 0, NULL),
(35, 'AMELIA', 'ARTECHE CABALLERO', '', NULL, NULL),
(36, 'RICHARD', 'ISBELL', '', 618158834, NULL),
(37, 'SOLANGE', 'RODRÍGUEZ ONTAVILLA', '', 659789342, NULL),
(38, 'MARÍA DE LAS MERCEDES', 'MORÍN TORTOSA', '', 619911673, NULL),
(39, 'CESAR', 'SALCEDA GOMEZ', '13751748W', 609177766, NULL),
(40, 'ANA MARIA DEL CUETO', 'COSTAS', '20198199J', 669154193, NULL),
(41, 'DIEGO', 'GARCIA CUADRIELLO', '', 0, NULL),
(42, 'GEMA', 'MARTINEZ VITIENES', '20194290Z', NULL, NULL),
(43, 'ANTONIO', 'DIAZ-TERAN', '', 0, NULL),
(44, 'MARIA', 'VEGA GONZALEZ', '', NULL, NULL),
(45, 'JOSE MARIA', 'GRUBER', '', 0, NULL),
(46, 'ANGELES', 'PEREZ', '', NULL, NULL),
(47, 'PEDRO', 'PALOMERA', '', 0, NULL),
(48, 'MARIA JESUS', 'PEREZ', '', NULL, NULL),
(49, 'JOSE', 'GIL GALVAN', '', 0, NULL),
(50, 'MARIA DEL PILAR', 'ARBEIZA', '', NULL, NULL),
(51, 'ALFREDO', 'GALLO', '', 0, NULL),
(52, 'ANA MARIA', 'ERQUICIA', '', NULL, NULL),
(53, 'MANUEL', 'ACEBAL', '', 0, NULL),
(54, 'MARIA PILAR', 'ARGUMOSA', '', NULL, NULL),
(55, 'ANTONIO', 'GONZALEZ', '', 0, NULL),
(56, 'DOMINGA', 'GONZALEZ', '', NULL, NULL),
(57, 'JOSE EUGENIO', 'URTIAGA', '', 0, NULL),
(58, 'MARIA DEL CARMEN', 'AMÉZQUETE', '', NULL, NULL),
(59, 'JESUS', 'RUIZ', '', 0, NULL),
(60, 'MARIA LUISA', 'GALINDO', '', NULL, NULL),
(61, 'JOSE JAVIER', 'FERNANDEZ', '', 0, NULL),
(62, 'MARIA ISABEL', 'SANCHEZ', '', NULL, NULL),
(63, 'JOSÉ FÉLIX', 'SIMÓN TERÁN', '', 656819366, NULL),
(64, 'MARÍA PURIFICACIÓN', 'RUIZ SERNA', '', 656819365, NULL),
(65, 'MERCEDES', 'GARCIA CAJIGAL', '13766144T', 0, NULL),
(66, 'ANTONIO', 'LLATA SAIZ', '13668911B', 620056186, NULL),
(67, 'MARIA TERESA', 'MARTIN', '', 722114736, NULL),
(68, 'HARRY BRYAN', 'GALLARDO CARREÑO', '', 617874478, NULL),
(69, 'CARMEN CECILIA', 'MORENO NARCISO', '', 617874478, NULL),
(70, 'CARLOS', 'SAINZ CARRILLO', '', 603417221, NULL),
(71, 'IVANA', 'BEZANILLA NIETO', '', 631586690, NULL),
(72, 'JOSÉ ENRIQUE', 'SÁNCHEZ VILLAEXCUSA', '13776288-R', 600055551, NULL),
(73, 'GEMA', 'GÜEMES FERRERO', '13795206J', 654504945, NULL),
(74, 'PATRICIO DE LA TORRE', 'MONTALBO', '', 631143076, NULL),
(75, 'MARÍA MARISOL', 'SARASIG CAMUENDO', '', NULL, NULL),
(76, 'BIENVENIDA', 'COBO PEREZ', '72024689M', 638732503, NULL),
(77, 'ANA MARIA', 'DIAZ CABALLERO', '13746678S', 622077576, NULL),
(78, 'FERNANDO', 'VILLEGAS FERNANDEZ', '', 0, NULL),
(79, 'ANA ISABEL', 'OLEA SALINAS', '13786430T', 625175676, NULL),
(80, 'MARIA ÁNGELES', 'PÉREZ ZAMORANO', '13760414C', 657528569, NULL),
(81, 'RAFAEL', 'ABASCAL CARLDERÓN', '13767526W', 0, NULL),
(82, 'Mª CRISTINA', 'CEBALLOS FERNÁNDEZ', '13772804J', 661490693, NULL),
(83, 'ENRIQUE', 'BADIOLA DIEGO', '', 639210223, NULL),
(84, 'INÉS', 'BENGOECHEA', '', 639715161, NULL),
(85, 'MARIA JESUS', 'ARCE DIAZ', '13755366D', 611489180, NULL),
(86, 'JOSE ANDRES', 'RIVAS BARCENA', '', 0, NULL),
(87, 'INMACULADA', 'RUIZ GOMEZ', '', 697338878, NULL),
(88, 'ANTONIO', 'PACHECO', '', 0, NULL),
(89, 'PATRICIA', 'BARQUÍN', '', 689315838, NULL),
(90, 'LUIS ALBERTO', 'SALAS GUTIERREZ', '13740157A', 666047514, NULL),
(91, 'MARGARITA', 'GOMEZ MIGUEL', '13751596B', 615853947, NULL),
(92, 'GONZALO', 'GÓMEZ-HOYAL GONZÁLEZ', '', 651856001, NULL),
(93, 'BEATRIZ', 'CAVIA ÁLVAREZ', '', 625651103, NULL),
(94, 'MANUEL', 'TAINO', '', 0, NULL),
(95, 'CARMEN', 'DOALTO', '', 677580752, NULL),
(96, 'MARIA DEL CARMEN', 'MARTINEZ TAPIA', '13754240X', 618937895, NULL),
(97, 'JESÚS', 'GÁNDARA CORTÉS', '', 657814745, NULL),
(98, 'CARMEN', 'GARCÍA GÓMEZ', '', 675801060, NULL),
(99, 'SERAFÍN', 'ACHUTEGUI COS', '13909797H', 652059753, NULL),
(100, 'MERCEDES', 'GONZÁLEZ FRECHOSO', '13771137W', 652059753, NULL),
(101, 'REMEDIOS', 'BRAVO SUERO', '13747834K', 617502934, NULL),
(102, 'BLANCA', 'GUTIERREZ BALZATEGUI', '20188810P', 649968444, NULL),
(103, 'JAIME', 'LAMARCA FERNANDEZ', '13912811L', 649446178, NULL),
(104, 'JOSEFA', 'GONZALEZ FERNANDEZ', '13921319V', 669407135, NULL),
(105, 'MILAGROS', 'GONZÁLEZ RODRÍGUEZ', '13937680W', 628361009, NULL),
(106, 'JOAQUÍN', 'POZUETA ÁLVAREZ', '', 609553623, NULL),
(107, 'ASCENSIÓN', 'CASTILLO GARCÍA', '', 629065557, NULL),
(108, 'EVA', 'MARIA BUENO', '13941967B', 665383743, NULL),
(109, 'JOSÉ EDUARDO', 'MARTÍNEZ VITIENES', '13783134Q', 685294574, NULL),
(110, 'TOMAS', 'PALAZUELOS GOMEZ', '', 633544429, NULL),
(111, 'FERNANDO', 'BARREDO BARRIUSO', '13928723S', 664595557, NULL),
(112, 'MONTSERRAT', 'DÍAZ RAHONA', '13933620J', 601750795, NULL),
(113, 'JAVIER', 'ARECHAGA IGLESIAS', '', 0, NULL),
(114, 'RAQUEL', 'LORENZO SAEZ', '', 649151284, NULL),
(115, 'RICARDO', 'VALDOR CAMENO', '13667062W', 608757990, 'ABUELO'),
(116, 'JOSE RAMON', 'CRUZ', '', 0, NULL),
(117, 'EVA MARIA', 'AGUDO', '13769324Y', NULL, NULL),
(118, 'TERESA', 'GOMEZ LEON', '43023979H', 618396490, NULL),
(119, 'MIGUEL', 'FUENTES SAN JUAN', '', 646004882, NULL),
(120, 'Mª BELÉN', 'FERNÁNDEZ GUTIÉRREZ', '', 676811567, NULL),
(121, 'REYMIL', 'TOYO', '', 0, NULL),
(122, 'MATIAS', 'ESPINOSA', '', 612439278, NULL),
(123, 'MARIA DEL CARMEN', 'CORDERO BUENDIA', '13917733L', 601255050, NULL),
(124, 'JESÚS', 'GARCÍA PÉREZ', '13770729P', 606589848, NULL),
(125, 'MARÍA PILAR', 'SALINAS FERNÁNDEZ', '13780493C', 660759062, NULL),
(126, 'VICTORIANO MANUEL', 'QUIJANO MARTINEZ', '', 0, NULL),
(127, 'MANUELA', 'POLO MORETA', '', 661424412, NULL),
(128, 'MARGARITA', 'GERRÚ BAQUERO', '72033841A', 669324436, NULL),
(129, 'PEDRO ANTONIO', 'GONZÁLEZ', '', 0, NULL),
(130, 'IRENE', 'BAÑUELOS HOYOS', '13760132D', 610941910, NULL),
(131, 'MARIA PILAR', 'MAZORRA DE QUERO', '14938489N', 638819536, NULL),
(132, 'CARMEN', 'HORNERO GARCIA', '13764832E', 639140590, NULL),
(133, 'ANA MARÍA', 'CEBALLOS GONZÁLEZ', '', 640857156, NULL),
(134, 'SANTOS MIGUEL', 'MIRONES DÍEZ', '13721055Z', 686453044, NULL),
(135, 'OSCAR', 'ARROYO BOLADO', '', 0, NULL),
(136, 'Mª SANDRA', 'GUTIERREZ VARELA', '', 649040071, NULL),
(137, 'JOSÉ RAMÓN', 'ROBLES', '', 666806831, NULL),
(138, 'MARÍA DEL CORO', 'JIMÉNEZ', '', 615432399, NULL),
(139, 'CIRILO', 'SALAZAR TALAVERANO', '', 0, NULL),
(140, 'NORMA', 'GARCÍA PRADO', '', NULL, NULL),
(141, 'ATANASIO', 'RIAÑO PARDO', '13913301A', 650896069, NULL),
(142, 'JOSE ANTONIO', 'MACHO GUTIERREZ', '20212052C', 0, NULL),
(143, 'AMALIA', 'FERNANDEZ ALONSO', '20206327E', NULL, NULL),
(144, 'JESÚS ANTONIO', 'CANAL VAZ', '20188579F', 660424040, NULL),
(145, 'Mª DEL PILAR', 'ARROYO MIGUEL', '13789739C', 616732364, NULL),
(146, 'CONCEPCION', 'CARBONELL', '', 626820094, NULL),
(147, 'ENRIQUE', 'FERNANDEZ', '', 679933474, NULL),
(148, 'MARIA', 'LOPEZ', '', NULL, NULL),
(149, 'IGNACIO', 'BUSTAMANTE', '13757189S', 670353410, NULL),
(150, 'PILAR', 'RIOS', '13768525N', 676317661, NULL),
(151, 'PEDRO MIGUEL', 'JIMÉNEZ LÓPEZ', '72054653T', 652669898, NULL),
(152, 'ANGELITA', 'LARRALDE GARCÍA', '78884839Z', 628650100, NULL),
(153, 'FCO. JAVIER', 'CARRILES OCEJO', '', 0, NULL),
(154, 'MARIA', 'ALBERDI DE DIEGO', '', NULL, NULL),
(155, 'ADRIAN FCO. ANTONIO', 'PETIT', '11416239M', 627828641, NULL),
(156, 'Mª DEL PILAR', 'GARCÍA AGUILAR', '13781179Q', 619492131, NULL),
(157, 'LIDIA', 'MARTÍNEZ GUTIERREZ', '72098301V', 622051997, NULL),
(158, 'SANTIAGO', 'SAN MARTÍN GUTIERREZ', '13758675Y', 0, NULL),
(159, 'JOSEFINA', 'GÓMEZ TOCA', '13774244G', NULL, NULL),
(160, 'FERNANDO NICOLAS', 'LAURIA CASANOVA', '72258677Z', 609744077, NULL),
(161, 'VERONICA', 'CARINA MARTINEZ', '72258676J', 665021985, NULL),
(162, 'INGRID ZORAIDA', 'CUSTALS PEÑA', '', 654095083, NULL),
(163, 'ENRIQUE', 'CAMPOS ECHEVARRÍA', '', 607604290, NULL),
(164, 'WILLIAN', 'ANDRADE', '', 0, NULL),
(165, 'REBECA', 'GOZÁLEZ', '', 637853567, NULL),
(166, 'JOSÉ RAMÓN', 'CRESPO FERNÁNDEZ', '', 610648557, NULL),
(167, 'Mª MACARENA', 'BRINGAS PEREDA', '', 630205250, NULL),
(168, 'FELICIANO', 'COBOS BEAR', '', 617960647, NULL),
(169, 'MÓNICA', 'ENCARNACIÓN ECHEVARRÍA', '', 655709732, NULL),
(170, 'EDGAR', 'ZURITA LÓPEZ', '', 687223107, NULL),
(171, 'GISELA', 'TABORGA QUEVEDO', '', 660009005, NULL),
(172, 'ELIZABETH', 'JIMÉNEZ PÉREZ', '', 722511781, NULL),
(173, 'RAUL', 'FERNANDEZ SAN MIGUEL', '', 0, NULL),
(174, 'OFELIA JANETT', 'DAVAS SUAREZ', '', 616997372, NULL),
(175, 'GREGORIO', 'SANCHEZ GARCÍA', '72125491K', 696829010, NULL),
(176, 'MARIA ROCIO', 'CUESTA BRIZ', '72042778Q', 676240587, NULL),
(177, 'JOHNY', 'BARCIA ANGULO', '', 652379673, NULL),
(178, 'VANESSA', 'RODRÍGUEZ GIRÓN', '72280043J', 699512046, NULL),
(179, 'YARA', 'MIRANDA LOPEZ', '72081347Z', 0, NULL),
(180, 'REYTA', 'RAMIREZ', '', 696646115, NULL),
(181, 'MANUEL', 'GUILLEN NICHO', '', 0, NULL),
(182, 'MERLY', 'SEVERINO RUIZ', '', 634081692, NULL),
(183, 'FÉLIX', 'JIMÉNEZ JIMÉNEZ', '13782441J', 603716598, NULL),
(184, 'ALBERTA', 'JIMÉNEZ JIMÉNEZ', '20200748D', 662495184, NULL),
(185, 'JOSE LUIS', 'ARCE CONCHA', '', 0, NULL),
(186, 'MARIA DE LOS ANGELES', 'VÍA CANO', '', 666808436, NULL),
(187, 'CANDELA', 'LÓPEZ PASCUAL', '', 637856328, NULL),
(188, 'ANDRES', 'PADIN PERROTE', '', 0, NULL),
(189, 'EVA MARIA', 'NORIEGA BENITEZ', '', NULL, NULL),
(190, 'ANTONIO', 'BORJA BARRUL', '20192227K', 642149126, NULL),
(191, 'CATALINA', 'JIMÉNEZ GABARRE', '20196338S', 608184808, NULL),
(196, 'CARLOS', 'ORTA TRAVERSO', '', 629480845, NULL),
(197, 'ROSA', 'ALONSO BEDOYA', '', 686934160, NULL),
(198, 'ALFONSO', 'FERNÁNDEZ VEGA', '13915225H', 687485493, NULL),
(199, 'GODOFREDO LUCIO', 'CAMPOS CRISTIAN', '', 0, NULL),
(200, 'YULY MARISOL', 'RAMOS CELESTINO', '', NULL, NULL),
(201, 'MIGUEL', 'GARCÍA GONZÁLEZ', '', 0, NULL),
(202, 'BLANCA', 'ALONSO PÉREZ', '', 669846814, NULL),
(203, 'LUIS MARIA', 'ITURBE', '', 0, NULL),
(204, 'MARIA CONCEPCION', 'ALVARADO', '', 616892465, NULL),
(205, 'ÁNGEL', 'BALAGUER REVILLA', '13734594Y', 606575943, NULL),
(206, 'ROSA', 'BORJA BARRUL', '72059155V', 603040407, NULL),
(207, 'JUAN CARLOS', 'GONZÁLEZ GÓMEZ', '13771934V', 635352416, NULL),
(208, 'CONCEPCIÓN', 'GRACIA ARENAL', '20202913N', 662485995, NULL),
(209, 'ALVARO', 'ARRUNATEGUI NIETO', '', 0, NULL),
(210, 'LUZ MIRIAN', 'ARROYAVE RAMIREZ', '', NULL, NULL),
(211, 'ALEJANDRO', 'RICO FERNÁNDEZ', '72342369D', 648976228, NULL),
(212, 'JORGE', 'PORTILLO PORTILLO', '', 663425351, NULL),
(213, 'MAXIMA', 'OLMEDO', '', 662239484, NULL),
(214, 'MIGUEL', 'CELADA QUINTANA', '', 625910447, NULL),
(215, 'MIGDALIA', 'MORENO FERRIOL', '', 693619879, NULL),
(216, 'AHMED', 'YAHYAOUI', '', 605149501, NULL),
(217, 'ZAKIA', 'BOUDIAB', '', 633628658, NULL),
(218, 'ANGELA MARIA', 'DE LA ROSA', '72339930P', 664706717, NULL),
(219, 'LISBETH', 'CUAMO CALVO', '', 603494882, NULL),
(220, 'NOEMÍ', 'AIDE RAMOS', '', 0, NULL),
(221, 'GICA', 'CONSTANTIN', '', 643649144, NULL),
(222, 'JULIO JESUS', 'COLLAZOS RUIZ', '', 631756141, NULL),
(223, 'GLORIA LEONOR', 'FIESTAS CRUZ', '', 683244468, NULL),
(224, 'VALERU', 'STRUNGARU', '', 622553143, NULL),
(225, 'LUCIA', 'STRUNGARU', '', 622052922, NULL),
(226, 'CEZAR', 'CAFELUTE', '', 0, NULL),
(227, 'VIORICA', 'CAFELUTE', '', NULL, NULL),
(228, 'JOSÉ LUIS', 'LAVÍN PRIETO', '20216252B', 619520169, NULL),
(229, 'ESTHER', 'GUTIÉRREZ YANÉS', '', 602470909, NULL),
(230, 'RICARDO', 'SORIA AREVALO', '', 0, NULL),
(231, 'LUZ ANGELICA', 'FLORES RAMIREZ', '', NULL, NULL),
(232, 'RAMON FELIPE', 'GOMEZ AGÜERO', '13742993X', 646673998, NULL),
(233, 'JUAN ANTONIO', 'MARTÍNEZ VITIENES', '20216440S', 640170689, NULL),
(234, 'VIVIAN', 'OLIVEIRA CARVALHO', '', 611162528, NULL),
(235, 'HENRY', 'AVILA', '', 0, NULL),
(236, 'MARIA EUGENIA', 'NOVOA', '', NULL, NULL),
(237, 'ANGEL', 'LANZA VILLAR', '', 0, NULL),
(238, 'MARIA DE JESUS', 'GONZALEZ DE LANZA', '', 672379861, NULL),
(239, 'DIELIMAKAN', 'DIABATE', '', 0, NULL),
(240, 'OROKIATOU', 'KOUYATE', '', NULL, NULL),
(241, 'MUUSSA', 'TRAORE', '', 0, NULL),
(242, 'FATUMATA', 'MBAYE', '', NULL, NULL),
(243, 'ÁLVARO MAURICIO', 'CASTRO', '', 643763600, NULL),
(244, 'Mª DE LOS ÁNGELES', 'BONILLA DE CASTRO', '', 643763590, NULL),
(245, 'MARA IZA', 'BORGES DA SILVA', '', 0, NULL),
(251, 'Sara', 'Blanco Perez', '13254875A', 942371228, 'madre.'),
(252, 'Javier', 'Hernández Obeso', '121212121F', 666666666, ''),
(253, 'ANE ALESSANDRA ', 'AQUINO  ARRIAGA', '', NULL, ''),
(254, 'JOSE', 'PESCADOR CABRERA', '72044725P', 630939345, 'TUTOR (SU TIO) '),
(255, 'SEFORA', 'DUVAL GARCIA', '20210174M', 655774772, 'MADRE');

-- --------------------------------------------------------

--
-- Estructura de tabla para la tabla `users`
--

CREATE TABLE `users` (
  `id` int(11) NOT NULL,
  `username` varchar(80) DEFAULT NULL,
  `password` varchar(255) DEFAULT NULL,
  `email` varchar(255) DEFAULT NULL,
  `authKey` varchar(255) DEFAULT NULL,
  `accessToken` varchar(255) DEFAULT NULL,
  `activate` tinyint(4) DEFAULT NULL
) ENGINE=InnoDB DEFAULT CHARSET=utf8;

--
-- Volcado de datos para la tabla `users`
--

INSERT INTO `users` (`id`, `username`, `password`, `email`, `authKey`, `accessToken`, `activate`) VALUES
(1, 'dcrespo', 'fsSWhUQj1t39.', 'crespod@ceinmark.net', '6a623d7620de4d7b54186b578ba74d90006d2b56487c1ff522754cf5f2706a250be16c2556e912d05243c8535c44ef2a511cb0f49a0c5962141fe1b635e7f753cfc13c95480ea36b9dee8874cf63c587435f3c5da40b833401fe2ed27a48edbf222e0b7b', 'ec1173f9794936435f1e570de6b381e9a472f294aff3e2bc2979d5c9594d7d22b4fe253f340ccf12ca4493a88d5b117dffcb7ed9f405187bb0f4b503897b121e36675bc7c90e9fa660306ca5185b714e1c704bbe8fecf354a33c6fb0701b6811eda5081d', 1),
(2, 'mhoyos', 'fsSY4GUZvXW0o', 'mhoyos@ceinmark.net', 'c7214bc08b36d3c7bb4d5d11535cc893746be57fdad0080c0067b721e15bc1d55ee79e33c798c39b90ba36c69c7d1d5c7cb7d59930370ce4614d9fca9fa6ee30c163f8bccae4770b14a95ed9382df4c87c8f2f15a9afb767c49ebba349db8146ce668cf9', 'e0453089ae2aec5008000237f12738c669396831bc472e83c018e9834af2b8d2abfb0b94ac4e3b1d0b7fa17b7a5a04015049830989e93f21fb79ea476cd8166615ea72016e36534d7cf3f763ef537511a18895758303873bba71c65a903bef18c97504e8', 1),
(3, 'evalle', 'fseVXD1OPiBlY', 'administracion@ceinmark.net', '289dfba627669d8107b81593d2d349c45959b8c4575fd4aba2a3acf7ca1c039d66345060e625ce942c0f5d8101fffe499f7ef5d23811e9faf5ccd29fcdfaea09c0dd26580d76b7163af3f2e642a576e5b40e53d1d5829a8b4f27e1673cb104bf080e62dc', '458f15c5ef0a9eb2cbbda561a50b2b029339131eda2dd78a60579b6e679465e792a31525a061f31784852f031821377c4be0f368e8b472a555f3cbf477e2c0b5fd5611c397a6899d854a15926ee88592da3567cb63337ec641fc21a0cee42e4622f40c97', 1),
(4, 'agus', 'fsSY4GUZvXW0o', 'arodriguezargumosa@ceinmark.net', '84f62fb75e05156157ba4f39b3eaf451ef48500bb7a97fff93fb3ccc27dc166fbfcfbe6844fc2293f27251f32d19759c64b0577c03285e00809a51e67b42fd7f39b7da0fd7290351e384e9fa28f52d0e3cee1c6432e259c4a4fbd76c9ac178277d8c435c', 'e8d029ca15bb322f7c05b8db8fd1f6f1aead8c11b0d25990d8cb60349be9c15132dcf92d099b0f8d9082ba5377f68531874cee1cbd811ba38a5a27914b5635fa87ad7b2233715dad7b0ae3b00af800b3755e4dfaf44416afd9669bbfded88ea6b25ea099', NULL);

--
-- Índices para tablas volcadas
--

--
-- Indices de la tabla `alumnos`
--
ALTER TABLE `alumnos`
  ADD PRIMARY KEY (`dni`),
  ADD KEY `fk_alumnosDiscapa` (`discapacidad`);

--
-- Indices de la tabla `bancos`
--
ALTER TABLE `bancos`
  ADD PRIMARY KEY (`id`);

--
-- Indices de la tabla `ciclos`
--
ALTER TABLE `ciclos`
  ADD PRIMARY KEY (`id`),
  ADD UNIQUE KEY `referencia` (`referencia`);

--
-- Indices de la tabla `datosbancarios`
--
ALTER TABLE `datosbancarios`
  ADD PRIMARY KEY (`id`);

--
-- Indices de la tabla `discapacidades`
--
ALTER TABLE `discapacidades`
  ADD PRIMARY KEY (`id`);

--
-- Indices de la tabla `matriculas`
--
ALTER TABLE `matriculas`
  ADD PRIMARY KEY (`id`),
  ADD KEY `fk_matriculasAlumno` (`dni_alumno`),
  ADD KEY `fk_matriculasCiclo` (`id_ciclo`),
  ADD KEY `fk_matriculasDatosBancarios` (`id_datos_bancarios`);

--
-- Indices de la tabla `modulos`
--
ALTER TABLE `modulos`
  ADD PRIMARY KEY (`id`);

--
-- Indices de la tabla `modulosciclo`
--
ALTER TABLE `modulosciclo`
  ADD PRIMARY KEY (`id`),
  ADD KEY `fk_modulocicloCiclo` (`id_ciclo`),
  ADD KEY `fk_modulocicloModulo` (`id_modulo`);

--
-- Indices de la tabla `modulosmatricula`
--
ALTER TABLE `modulosmatricula`
  ADD PRIMARY KEY (`id`),
  ADD KEY `fk_modulosmatriculaMatriculas` (`id_matricula`),
  ADD KEY `fk_modulosmatriculaModulos` (`id_modulo`);

--
-- Indices de la tabla `responsables`
--
ALTER TABLE `responsables`
  ADD PRIMARY KEY (`id`),
  ADD KEY `UK_responsables_id_tutor` (`id_tutor`),
  ADD KEY `fk_responablesAlumno` (`dni_alumno`);

--
-- Indices de la tabla `tutores`
--
ALTER TABLE `tutores`
  ADD PRIMARY KEY (`id`),
  ADD UNIQUE KEY `UQ_Nombre_Apellidos` (`nombre`,`apellidos`);

--
-- Indices de la tabla `users`
--
ALTER TABLE `users`
  ADD PRIMARY KEY (`id`);

--
-- AUTO_INCREMENT de las tablas volcadas
--

--
-- AUTO_INCREMENT de la tabla `bancos`
--
ALTER TABLE `bancos`
  MODIFY `id` int(11) NOT NULL AUTO_INCREMENT, AUTO_INCREMENT=88;

--
-- AUTO_INCREMENT de la tabla `ciclos`
--
ALTER TABLE `ciclos`
  MODIFY `id` int(11) NOT NULL AUTO_INCREMENT, AUTO_INCREMENT=8;

--
-- AUTO_INCREMENT de la tabla `datosbancarios`
--
ALTER TABLE `datosbancarios`
  MODIFY `id` int(11) NOT NULL AUTO_INCREMENT, AUTO_INCREMENT=95;

--
-- AUTO_INCREMENT de la tabla `discapacidades`
--
ALTER TABLE `discapacidades`
  MODIFY `id` int(11) NOT NULL AUTO_INCREMENT, AUTO_INCREMENT=11;

--
-- AUTO_INCREMENT de la tabla `matriculas`
--
ALTER TABLE `matriculas`
  MODIFY `id` int(11) NOT NULL AUTO_INCREMENT, AUTO_INCREMENT=289;

--
-- AUTO_INCREMENT de la tabla `modulos`
--
ALTER TABLE `modulos`
  MODIFY `id` int(11) NOT NULL AUTO_INCREMENT, AUTO_INCREMENT=69;

--
-- AUTO_INCREMENT de la tabla `modulosciclo`
--
ALTER TABLE `modulosciclo`
  MODIFY `id` int(11) NOT NULL AUTO_INCREMENT, AUTO_INCREMENT=74;

--
-- AUTO_INCREMENT de la tabla `modulosmatricula`
--
ALTER TABLE `modulosmatricula`
  MODIFY `id` int(11) NOT NULL AUTO_INCREMENT, AUTO_INCREMENT=1180;

--
-- AUTO_INCREMENT de la tabla `responsables`
--
ALTER TABLE `responsables`
  MODIFY `id` int(11) NOT NULL AUTO_INCREMENT, AUTO_INCREMENT=259;

--
-- AUTO_INCREMENT de la tabla `tutores`
--
ALTER TABLE `tutores`
  MODIFY `id` int(11) NOT NULL AUTO_INCREMENT, AUTO_INCREMENT=256;

--
-- AUTO_INCREMENT de la tabla `users`
--
ALTER TABLE `users`
  MODIFY `id` int(11) NOT NULL AUTO_INCREMENT, AUTO_INCREMENT=5;

--
-- Restricciones para tablas volcadas
--

--
-- Filtros para la tabla `alumnos`
--
ALTER TABLE `alumnos`
  ADD CONSTRAINT `fk_alumnosDiscapa` FOREIGN KEY (`discapacidad`) REFERENCES `discapacidades` (`id`);

--
-- Filtros para la tabla `matriculas`
--
ALTER TABLE `matriculas`
  ADD CONSTRAINT `fk_matriculasAlumno` FOREIGN KEY (`dni_alumno`) REFERENCES `alumnos` (`dni`),
  ADD CONSTRAINT `fk_matriculasCiclo` FOREIGN KEY (`id_ciclo`) REFERENCES `ciclos` (`id`),
  ADD CONSTRAINT `fk_matriculasDatosBancarios` FOREIGN KEY (`id_datos_bancarios`) REFERENCES `datosbancarios` (`id`);

--
-- Filtros para la tabla `modulosciclo`
--
ALTER TABLE `modulosciclo`
  ADD CONSTRAINT `fk_modulocicloCiclo` FOREIGN KEY (`id_ciclo`) REFERENCES `ciclos` (`id`),
  ADD CONSTRAINT `fk_modulocicloModulo` FOREIGN KEY (`id_modulo`) REFERENCES `modulos` (`id`);

--
-- Filtros para la tabla `modulosmatricula`
--
ALTER TABLE `modulosmatricula`
  ADD CONSTRAINT `fk_modulosmatriculaMatriculas` FOREIGN KEY (`id_matricula`) REFERENCES `matriculas` (`id`),
  ADD CONSTRAINT `fk_modulosmatriculaModulos` FOREIGN KEY (`id_modulo`) REFERENCES `modulosciclo` (`id`);

--
-- Filtros para la tabla `responsables`
--
ALTER TABLE `responsables`
  ADD CONSTRAINT `fk_responablesAlumno` FOREIGN KEY (`dni_alumno`) REFERENCES `alumnos` (`dni`);
COMMIT;

/*!40101 SET CHARACTER_SET_CLIENT=@OLD_CHARACTER_SET_CLIENT */;
/*!40101 SET CHARACTER_SET_RESULTS=@OLD_CHARACTER_SET_RESULTS */;
/*!40101 SET COLLATION_CONNECTION=@OLD_COLLATION_CONNECTION */;
