-- phpMyAdmin SQL Dump
-- version 5.0.2
-- https://www.phpmyadmin.net/
--
-- Servidor: 127.0.0.1
-- Tiempo de generación: 24-04-2020 a las 13:51:38
-- Versión del servidor: 10.4.11-MariaDB
-- Versión de PHP: 7.4.4

SET SQL_MODE = "NO_AUTO_VALUE_ON_ZERO";
START TRANSACTION;
SET time_zone = "+00:00";


/*!40101 SET @OLD_CHARACTER_SET_CLIENT=@@CHARACTER_SET_CLIENT */;
/*!40101 SET @OLD_CHARACTER_SET_RESULTS=@@CHARACTER_SET_RESULTS */;
/*!40101 SET @OLD_COLLATION_CONNECTION=@@COLLATION_CONNECTION */;
/*!40101 SET NAMES utf8mb4 */;

--
-- Base de datos: `matriculas`
--

-- --------------------------------------------------------

--
-- Estructura de tabla para la tabla `alumnos`
--

CREATE TABLE `alumnos` (
  `id_escolar` int(11) DEFAULT NULL,
  `expe_centro` int(11) DEFAULT NULL,
  `dni` varchar(10) COLLATE utf8_spanish2_ci NOT NULL,
  `nombre` varchar(100) COLLATE utf8_spanish2_ci DEFAULT 'NULL',
  `apellidos` varchar(200) COLLATE utf8_spanish2_ci DEFAULT 'NULL',
  `f_nac` date DEFAULT NULL,
  `loc_nac` varchar(100) COLLATE utf8_spanish2_ci DEFAULT 'NULL',
  `prov_nac` varchar(100) COLLATE utf8_spanish2_ci DEFAULT 'NULL',
  `nacionalidad` varchar(50) COLLATE utf8_spanish2_ci NOT NULL DEFAULT '''NULL''',
  `domicilio` varchar(200) COLLATE utf8_spanish2_ci DEFAULT '''NULL''',
  `cp` int(5) DEFAULT NULL,
  `localidad` varchar(100) COLLATE utf8_spanish2_ci DEFAULT 'NULL',
  `provincia` varchar(100) COLLATE utf8_spanish2_ci DEFAULT 'NULL',
  `tel_fijo` int(9) DEFAULT NULL,
  `movil` int(9) DEFAULT NULL,
  `email` varchar(100) COLLATE utf8_spanish2_ci NOT NULL DEFAULT '''NULL''',
  `discapacidad` int(11) DEFAULT NULL,
  `centro_ant` varchar(200) COLLATE utf8_spanish2_ci DEFAULT 'NULL',
  `tit_acceso` varchar(200) COLLATE utf8_spanish2_ci DEFAULT 'NULL',
  `foto` mediumblob DEFAULT NULL,
  `f_proteccion` tinyint(1) DEFAULT NULL,
  `observaciones` text COLLATE utf8_spanish2_ci DEFAULT NULL
) ENGINE=InnoDB AVG_ROW_LENGTH=390 DEFAULT CHARSET=utf8 COLLATE=utf8_spanish2_ci ROW_FORMAT=DYNAMIC;

--
-- Volcado de datos para la tabla `alumnos`
--

INSERT INTO `alumnos` (`id_escolar`, `expe_centro`, `dni`, `nombre`, `apellidos`, `f_nac`, `loc_nac`, `prov_nac`, `nacionalidad`, `domicilio`, `cp`, `localidad`, `provincia`, `tel_fijo`, `movil`, `email`, `discapacidad`, `centro_ant`, `tit_acceso`, `foto`, `f_proteccion`, `observaciones`) VALUES
(NULL, NULL, '10087612L', 'ANA BELEN', 'YGON ABELLA', '1973-05-20', 'FONTORIA DEL BIERZO', 'CANTABRIA', 'ESPAÑOLA', 'C- LUIS QUINTANILLA ISASI 66 1º E', 39011, 'SANTANDER', 'ESPAÑA', NULL, 626816199, '', NULL, '', 'CFGM DE FP GESTIÓN ADMINISTRATIVA', '', 0, NULL),
(NULL, NULL, '116624383P', 'MAURO RODRIGO', 'PALMA CARO', '2000-10-15', 'LIMA', 'PERÚ', 'PERUANA', 'AVDA,NUEVA MONTAÑA, 12, 2º A', 39011, 'SANTANDER', 'PERU', NULL, 600655096, 'maurorodrigopc@hotmail.com', NULL, 'PERU', 'PENDIENTE HOMOLOGACIÓN BACHILLERATO', NULL, 0, NULL),
(NULL, NULL, '12418964E', 'EDUARDO', 'ARGUESO SANCHEZ', '1991-04-23', 'VALLADOLID', 'VALLADOLID', 'ESPAÑOLA', 'C- MIES DE PALACIO 302', 39300, 'TORRELAVEGA', 'ESPAÑA', NULL, 646826770, 'eduardo.a.s@hotmail.es', NULL, 'IES ANTONIO TOVAR', 'ESO', NULL, 0, NULL),
(NULL, NULL, '12782657Q', 'MARCO', 'CARULLA RUIZ', '2000-12-05', 'SANTANDER', 'CANTABRIA', 'ESPAÑOLA', 'C-VALDENOJA Nº14-3ºC', 39012, 'SANTANDER', 'ESPAÑA', 617955608, 697603363, 'marcocarullaruiz12@hotmail.com', NULL, NULL, NULL, NULL, 0, NULL),
(NULL, NULL, '13757455M', 'INMACULADA', 'SANTAMARÍA FLEITAS', '1966-09-25', 'GIJÓN', 'ASTURIAS', 'ESPAÑOLA', 'C- MIES DEL VALLE 5, 7º I', 39010, 'SANTANDER', 'ESPAÑA', NULL, 607852211, 'insafle455@hotmail.com', NULL, 'UNED', 'LICENCIADA EN PSICOLOGÍA', NULL, 0, NULL),
(NULL, NULL, '13771937C', 'GERMÁN', 'BAYON SANZ', '1967-05-26', 'SANTANDER', 'CANTABRIA', 'ESPAÑOLA', 'Bº EL JURRIO, 23 C, PORTAL 2 BAJO I', 39612, 'PARBAYÓN', 'ESPAÑA', NULL, 647689913, 'germanbs@outlook.com', NULL, 'UNIVERSIDAD DE CANTABRIA', 'LICENCIADO EN CIENCIAS ECONOMICAS Y EMPRESARIALES', NULL, 0, NULL),
(NULL, NULL, '13775963K', 'MARIA JESÚS', 'TRUEBA BLANCO', '1968-09-17', 'SANTANDER', 'CANTABRIA', 'ESPAÑOLA', 'RAMON RAMIREZ, 2 3ºC', 39100, 'BEZANA', 'ESPAÑA', NULL, 676237168, '', NULL, 'IES LA ALBERICIA', 'BACHILLERATO', NULL, 0, NULL),
(NULL, NULL, '13776984F', 'JOSÉ ANTONIO', 'JIMÉNEZ JIMÉNEZ', '1966-04-14', 'VIGO', 'PONTEVEDRA', 'ESPAÑOLA', 'FRANCISO ITURRINO 28 2ºIZDA', 39011, 'SANTANDER', 'ESPAÑA', NULL, 639711030, '', NULL, NULL, NULL, NULL, 0, NULL),
(NULL, NULL, '13780879S', 'CARIDAD MATILDE', 'LAVÍN MONET', '1969-09-01', 'SANTANDER', 'CANTABRIA', 'ESPAÑOLA', 'C- TRASNOVAL, S-N', 39722, 'LIÉRGANES', 'ESPAÑA', NULL, 626012031, 'lavinmat@gmail.com', NULL, 'UNIVERSIDAD DE VALLADOLID', 'LDA. CIENCIAS ECONÓMICAS Y EMPRESARIALES', NULL, 0, NULL),
(NULL, NULL, '13794392G', 'MATILDE', 'BUENA SANCHEZ', '1970-03-14', 'SANTANDER', 'CANTABRIA', 'ESPAÑOLA', 'C- TRES DE NOVIEMBRE 1D- ESC B-2ºA', 39008, 'SANTANDER', 'ESPAÑA', NULL, 633729509, 'matibusan@gmail.com.', NULL, 'IES TORRES QUEVEDO', 'BACHILLER', NULL, 0, NULL),
(NULL, NULL, '13919165W', 'ESMERALDA', 'MARTÍN VELARDE', '1965-08-03', 'TORRELAVEGA', 'CANTABRIA', 'ESPAÑOLA', 'BARRIO SEVILLA Nº 60', 39409, 'SAN FELICES DE BUELNA', 'ESPAÑA', NULL, 601433461, 'martin.esmeralda@gmail.com', NULL, NULL, 'F.P. SEGUNDO GRADO RAMA ADMINISTRATIVA Y COMERCIAL', NULL, 0, NULL),
(NULL, NULL, '13931007E', 'MARÍA DEL PILAR', 'MARTINEZ VELARDE', '1970-05-23', 'FRANKFURT', 'ALEMANIA', 'ALEMANA', 'BARRIO RADILLO Nº 119 A', 39315, 'VIERNOLES', 'ALEMANIA', NULL, 677029213, 'pilarmartinezvelarde@hotmail.com', NULL, 'IES FORAMONTANOS', 'TÉCNICA SUPERIOR EN ADMINISTRACIÓN Y FINANZAS', NULL, 0, NULL),
(NULL, NULL, '13941964P', 'CONSTANTINO', 'MARTINEZ PALACIOS', '1974-04-12', 'TORRELAVEGA', 'CANTABRIA', 'ESPAÑOLA', 'BARRIO EL PONTON 177A 10', NULL, 'PONTEJOS. MARINA DE CUDEYO', 'ESPAÑA', NULL, 649446073, '', NULL, NULL, 'DIPLOMADO EN CIENCIAS EMPRESARIALES', NULL, 0, NULL),
(NULL, NULL, '20190667W', 'OSCAR', 'VALDES GARAY', '1972-05-02', 'SANTANDER', 'CANTABRIA', 'ESPAÑOLA', 'CALLE CAMILO ALONSO VEGA 25 1DCHA', 39007, 'SANTANDER', 'ESPAÑA', NULL, 625595541, 'o.v.g.1972@hotmail.com', NULL, NULL, 'PRUEBA DE ACCESO MAYORES DE 25 AÑOS', NULL, 0, NULL),
(NULL, NULL, '20193571P', 'ANA ISABEL', 'GARCÍA GARCÍA', '1973-01-09', 'SANTANDER', 'CANTABRIA', 'ESPAÑOLA', 'BAJADA DE SAN JUAN 20 4ºC', 39005, 'SANTANDER', 'ESPAÑA', NULL, 687837588, 'anagargar@yahoo.es', NULL, 'COLEGIO SAN JOSE', 'BACHILLER', NULL, 0, NULL),
(NULL, NULL, '20195088F', 'Roberto', 'Hernandez Blanco', '1998-07-09', 'Santander', 'Cantabria', 'Española', 'Barrio de la Teja 87', 39719, 'OREJO', 'Cantabria', NULL, 667743229, 'robherblanc@outlook.com', NULL, 'CEINMARK', 'FPII', '', 0, NULL),
(NULL, NULL, '20196563X', 'MARIA ISABEL', 'LAVÍN FERNÁNDEZ', '1967-02-15', 'SAN ROQUE DE RIOMIERA', 'CANTABRIA', 'ESPAÑOLA', 'C-MONTE 22 1DCHA', 39006, 'SANTANDER', 'ESPAÑA', 684324772, 630788483, 'isabellavin12@gmail.com', NULL, 'CENTRO EDUCACIÓN PERSONAS ADULTAS', 'ESO', NULL, 0, NULL),
(NULL, NULL, '20197157Y', 'JOSÉ LUIS', 'RIVERO MERINO', '1974-06-21', 'SANTANDER', 'CANTABRIA', 'ESPAÑOLA', 'C- FRANCISCO RIVAS MORENO 2, 3º C', 39011, 'SANTANDER', 'ESPAÑA', NULL, 633076825, '', NULL, NULL, 'CFGM CUIDADOS AUXILIARES DE ENFERMERIA', NULL, 0, NULL),
(NULL, NULL, '20197478M', 'LAURA', 'GARRIDO CEA GARCIA', '1976-03-03', 'SANTANDER', 'CANTABRIA', 'ESPAÑOLA', 'POMALUENGO 110 11', 39660, 'CASTAÑEDA', 'ESPAÑA', NULL, 606895529, '', NULL, 'UNIVERSIDAD CANTABRIA', 'LICENCIADA ADE', NULL, 0, NULL),
(NULL, NULL, '20198259G', 'ANA MARTA', 'FERNÁNDEZ FERNÁNDEZ', '1969-05-27', 'SANTANDER', 'CANTABRIA', 'ESPAÑOLA', 'C- AUGUSTO GONZÁLEZ LINARES, 9, 3º', 39006, 'SANTANDER', 'ESPAÑA', NULL, 675015804, 'anff1969@yahoo.es', NULL, 'IES ALISAL', 'TS ESTÉTICA Y BIENESTAR PERSONAL', NULL, 0, NULL),
(NULL, NULL, '20204640Z', 'OLGA ENRIQUETA', 'VELASCO SOTO', '1974-01-08', 'SANTANDER', 'CANTABRIA', 'ESPAÑOLA', 'Bª BOLADO, 2 B, CASA 5', 39608, 'HERRERA DE CAMARGO', 'ESPAÑA', NULL, 687883527, 'olgavsv@hotmail.com', NULL, 'IES ALISAL', 'FP II TEC, ESP. INFORMATICA DE GESTIÓN', NULL, 0, NULL),
(NULL, NULL, '20210691Q', 'CRISTINA', 'BEZANILLA BOLADO', '1975-11-13', 'SANTANDER', 'CANTABRIA', 'ESPAÑOLA', 'C- FLORANES 23, 1º B', 39010, 'SANTANDER', 'ESPAÑA', NULL, 606084236, '', NULL, 'UC', 'DIPLOMADA EN CIENCIAS EMPRESARIALES', NULL, 0, NULL),
(NULL, NULL, '20214265W', 'SONIA', 'COBO SÁNCHEZ', '1976-04-30', 'SANTANDER', 'CANTABRIA', 'ESPAÑOLA', 'C- GENERAL MOSCARDÓ, 4, 3º A', 39009, 'SANTANDER', 'ESPAÑA', 942311995, 679409918, 's.cobosanchez@gmail.com', NULL, NULL, 'OFERTA MODULAR', NULL, 0, NULL),
(NULL, NULL, '20219017Q', 'Mª DEL CARMEN', 'MENDIGUREN PELAYO', '1975-03-26', 'SANTANDER', 'CANTABRIA', 'ESPAÑOLA', 'C- GUTIERREZ SOLANA Nº 7-5ºD', 39011, 'SANTANDER', 'ESPAÑA', 942140461, 635343128, 'maicamendi@hotmail.com', NULL, 'UNED', 'ACCESO A MAYORES DE 25 AÑOS', NULL, 0, NULL),
(NULL, NULL, '23501452N', 'PAULA ANDREA', NULL, '1973-11-15', 'ROSARIO (ARGENTINA)', NULL, 'ARGENTINA', 'CARDENAL CISNEROS, 95, 5º IZ.', 39009, 'SANTANDER', 'ARGENTINA', NULL, 634871997, 'paularolon9@hotmail.com', NULL, NULL, 'PENDIENTE DE HOMOLOGACIÓN DE BACHILLERATO', NULL, 0, NULL),
(NULL, NULL, '29212622T', 'MARIANA', 'SINOBAS FERNÁNDEZ', '1976-10-15', 'CARACAS', 'VENEZUELA', 'VENEZOLANA', 'CALLE ANTONIO MENDOZA 58 P1 DR', 39007, 'SANTANDER', 'VENEZUELA', NULL, 657612676, 'msf15101976@gmail.com', NULL, 'I.E.S JOSE MARIA PEREDA', 'ESO', NULL, 0, NULL),
(NULL, NULL, '30605552G', 'MARIA DEL MAR', 'FERNÁNDEZ FERNÁNDEZ', '1964-09-09', 'MOGROVEJO', 'CANTABRIA', 'ESPAÑOLA', 'BARRIO LAREDO 21', 39609, 'CAMARGO', 'ESPAÑA', NULL, 658560264, '', NULL, 'IES SANTA CLARA', 'TÉCNICO EN ATENCIÓN SOCIOSANITARIA', NULL, 0, NULL),
(NULL, NULL, '42259097R', 'CHRISTIAN', 'JIMÉNEZ ALONSO', '1999-10-08', 'LAS PALMAS DE GRAN CANARIA', 'LAS PALMAS', 'ESPAÑOLA', 'BARRIO LA GESA 123A Nº3', 39626, 'SAN ROMÁN DE CAYÓN', 'ESPAÑA', NULL, 608679227, 'chrisjial5@gmail.com', NULL, 'ACADEMIA CRESPO', 'TÉCNICO SISTEMAS MICROINFORMÁTICOS Y REDES', NULL, 0, NULL),
(NULL, NULL, '49074440F', 'MARTA', 'RIO RODRÍGUEZ', '1991-08-08', 'SANTANDER', 'CANTABRIA', 'ESPAÑOLA', 'C- COLOMBIA 7, 2º IZ', 39008, 'SANTANDER', 'ESPAÑA', NULL, 605468550, 'martario447@gmail.com', NULL, 'INSTITUTO JORGE JUÁN (CÁDIZ)', 'BACHILLER - HUMANIDADES Y CIENCIAS SOCIALES', NULL, 0, NULL),
(NULL, NULL, '49115061X', 'PEDRO', 'JURADO BELLIDO', '1999-10-06', 'HUELVA', 'HUELVA', 'ESPAÑOLA', 'VICENTE ALEIXANDRE Nº1 3ºB', 39012, 'SANTANDER', 'ESPAÑA', NULL, 722327540, 'mjose-bellido@hotmail.es', NULL, 'IES SAN SEBASTIÁN', 'TÉCNICO EN SISTEMAS MICROINFORMÁTICOS Y REDES', NULL, 0, NULL),
(NULL, NULL, '49129221W', 'CRISTHIAN DAVID', 'ORTEGA GALLEGO', '2001-10-16', 'SEVILLA', 'SEVILLA', 'ESPAÑOLA', 'C-SANTIAGO EL MAYOR, Nº 70, BAJO DH', 39010, 'SANTANDER (NUEVA MONTAÑA)', 'ESPAÑA', NULL, 638030157, '', NULL, 'JESÚS DEL GRAN PODER (SEVILLA)', '2º ESO', NULL, 0, NULL),
(NULL, NULL, '53703047W', 'GABRIELA', 'TEJA ÁLVAREZ', '1999-12-06', 'SANTANDER', 'CANTABRIA', 'ESPAÑOLA', 'C- RUALASAL, 6, 7º IZQ.', 39001, 'SANTANDER', 'ESPAÑA', NULL, 626845882, 'aditagabi@gmail.com', NULL, 'IES SANTA CLARA', 'BACHILLERATO', NULL, 0, NULL),
(NULL, NULL, '54482150A', 'STEVENSON FELIPE', 'DE LA CRUZ MUÑOZ', '2000-06-26', 'REPUBLICA DOMINICANA', 'REPUBLICA DOMINICANA', 'DOMINICANA', 'CALLE MAESTRO LUCIO MEDIAVILLA 1 1C', 39300, 'TORRELAVEGA', 'REPUBLICA DOMINICANA', NULL, 698717531, 'iamstevensonf@gmail.com', NULL, NULL, 'HOMOLOGACION BALLICHER (PENDIENTE)', NULL, 0, NULL),
(NULL, NULL, '71743869S', 'XUAN', 'GÓMEZ CREGO', '2000-08-07', 'CANGAS DEL NARCEA', 'ASTURIAS', 'ESPAÑOLA', 'LIMES 101', 33817, 'CANGAS DEL NARCEA', 'ESPAÑA', NULL, 618096892, 'xuan.123123123@gmail.com', NULL, 'IES CANGAS DEL NARCEA', 'BACHILLER', NULL, 0, NULL),
(NULL, NULL, '71814645C', 'GARIS ESTHEFANNY', 'AGUIÑO VILLAREAL', '1989-10-26', 'BUENAVENTURA VALLE DEL CAUCA', 'COLOMBIA', 'COLOMBIANA', 'CALLE HERMANOS CALDERON 22 1DCHA', 39011, 'SANTANDER', 'COLOMBIA', NULL, 636828793, 'garis_col@hotmail.com', NULL, NULL, 'CFGM GESTION ADMINISTRATIVA', NULL, 0, NULL),
(NULL, NULL, '71898170D', 'LETICIA', 'LÓPEZ GARCÍA', '1988-12-21', 'AVILÉS', 'ASTURIAS', 'ESPAÑOLA', 'C- CUESTA DEL HOSPITAL, Nº 2, 2º D', 39008, 'SANTANDER', 'ESPAÑA', NULL, 626750583, 'leticialg@hotmail.es', NULL, 'COLEGIO PAULA FRASSINETTI', 'BACHILLERATO', NULL, 0, NULL),
(NULL, NULL, '720170930N', 'LAURA', 'PÉREZ FERNÁNDEZ', '1988-12-18', 'SANTANDER', 'CANTABRIA', 'ESPAÑOLA', 'AVDA. MARQUÉS DE VALDECILLA, 149,', 39110, 'SOTO DE LA MARINA', 'ESPAÑA', NULL, 628164796, 'laurapf18@hotmail.com', NULL, 'IES LA ALBERICIA', 'GRADO SUPERIOR EN DISEÑO Y PRODUCCIÓN EDITORIAL', NULL, 0, NULL),
(NULL, NULL, '72036567S', 'MARINA', 'SUÁREZ CRUZ', '1982-05-10', 'SANTANDER', 'CANTABRIA', 'ESPAÑOLA', 'CALLE ALTA 14 P1 IZ', 39008, 'SANTANDER', 'ESPAÑA', NULL, 652145619, 'mscruz_82@hotmail.com', NULL, NULL, 'CFGM CUIDADOS AUXILIARES DE ENFERMERIA', NULL, 0, NULL),
(NULL, NULL, '72038406Z', 'STELA', 'LAHERA FELIPE', '1978-10-20', 'SANTANDER', 'CANTABRIA', 'ESPAÑOLA', NULL, 39600, 'MALIAÑO', 'ESPAÑA', NULL, 600309717, 'ego@ono.com', NULL, 'IES SANTA CLARA', 'BACHILLER', NULL, 0, NULL),
(NULL, NULL, '72039711P', 'RUTH MARÍA', 'SALAS YLLERA', '1977-07-24', 'SANTANDER', 'CANTABRIA', 'ESPAÑOLA', 'C- GERARDO DIEGO, Nº 2, 4º IZ.', 39750, 'COLINDRES', 'ESPAÑA', NULL, 645698609, 'ruthyllera@gamil.com', NULL, 'IES FUENTE FRESNEDO', 'TÉCNICO EN GESTIÓN ADMINISTRATIVA', NULL, 0, NULL),
(NULL, NULL, '72044729N', 'CELIA MARIA', 'VAS DELGADO', '1982-02-09', 'SANTANDER', 'CAMTABRIA', 'ESPAÑOLA', 'Bº SAN ROQUE 28-A', 39608, 'HERRERA DE CAMARGO', 'ESPAÑA', NULL, 662217524, 'celiam.vasd@gmail.com', NULL, NULL, 'BACHILLERATO (HUMANIDADES Y CIENCIAS SOCIALES)', NULL, 0, NULL),
(NULL, NULL, '72046540Y', 'RICARDO', 'BILBAO CANO', '1979-09-11', 'SANTANDER', 'CANTABRIA', 'ESPAÑOLA', 'CALLE LA LLANILLA 26 BAJO A', 39012, 'SANTANDER', 'ESPAÑA', NULL, 622789338, 'rbilbao@pm.me', NULL, 'IES RIA DEL CARMEN (CAMARGO)', 'COU', NULL, 0, NULL),
(NULL, NULL, '72048871Z', 'RAÚL', 'JORRÍN BOLÍVAR', '1981-08-04', 'SANTANDER', 'CANTABRIA', 'ESPAÑOLA', 'C-DUQUE DE AHUMADA 1 2ºD', 39008, 'SANTANDER', 'ESPAÑA', NULL, 642974888, 'raul.jorrin@gmail.com', NULL, 'IES VILLAJUNCO', '3º ESO', NULL, 0, NULL),
(NULL, NULL, '72054108F', 'FRANCISCO', 'GONZALEZ SOTRES', '1981-07-21', 'SANTANDER', 'CANTABRIA', 'ESPAÑOLA', 'C- GALICIA Nº 2, 1º I', 39007, 'SANTANDER', 'ESPAÑA', NULL, 655929190, 'drum2552@gmail.com', NULL, NULL, NULL, NULL, 0, NULL),
(NULL, NULL, '72058346J', 'ANTONIO ISAAC', 'MORENO IGON', '1981-03-11', 'TOLEDO', NULL, 'ESPAÑOLA', 'C- LOS CIRUELOS Nº 28 4A', 39011, 'SANTANDER', 'ESPAÑA', NULL, 691493023, 'sak2121@hotmail.com', NULL, NULL, 'TÉCNICO SUPERIOR EN INTEGRACIÓN SOCIAL', NULL, 0, NULL),
(NULL, NULL, '72061364H', 'MONTSERRAT', 'ARENYS GONZALEZ', '1982-04-10', 'HUELVA', 'HUELVA', 'ESPAÑOLA', 'CALLE 3 NOVIEMBRE 1BIS 3C', 39010, 'SANTANDER', 'ESPAÑA', NULL, 602249810, 'MGARENYS@HOTMAIL.COM', NULL, 'UNED', 'ACCESO UNIVERSIDAD MAYORES 25 AÑOS', NULL, 0, NULL),
(NULL, NULL, '72063408S', 'LAURA', 'LEIVA CAMPO', '1986-05-21', 'SANTANDER', 'CANTABRIA', 'ESPAÑOLA', NULL, NULL, 'SANTANDER', 'ESPAÑA', NULL, 659177051, 'lauraleivacampo@gmail.com', NULL, NULL, 'ESO', NULL, 0, NULL),
(NULL, NULL, '72064914A', 'RAQUEL', 'MATEO BUSTARA', '1982-06-23', 'SANTANDER', 'CANTABRIA', 'ESPAÑOLA', 'URB. LA CANAL Nº11-1ºA', 39111, 'SOTO DE LA MARINA', 'ESPAÑA', 679987987, 667914489, 'raquelmateobustara@gmail.com', NULL, 'IES LAS LLAMAS', 'BACHILLER', NULL, 0, NULL),
(NULL, NULL, '72065401F', 'CRISTINA', 'FERNÁNDEZ DE LA RIVA', '1984-11-05', 'SANTANDER', 'CANTABRIA', 'ESPAÑOLA', 'C-ISAAC PERAL 3 1A', 39008, 'SANTANDER', 'ESPAÑA', NULL, 666987223, 'crisferriva84@gmail.com', NULL, NULL, 'ESO', NULL, 0, NULL),
(NULL, NULL, '72065411V', 'MANUEL', 'GÓMEZ SUÁREZ', '1983-07-17', 'SANTANDER', 'CANTABRIA', 'ESPAÑOLA', 'AVDA. MARQUÉS DE VALDECILLA 18 1ºC', 39110, 'SOTO DE LA MARINA', 'ESPAÑA', NULL, 655967541, '', NULL, 'I.E.S. SANTA CLARA', 'BACHILLER', NULL, 0, NULL),
(NULL, NULL, '72065706J', 'NOEMI', 'GARCIA CERRO', '1983-12-11', 'SANTANDER', 'CANTABRIA', 'ESPAÑOLA', NULL, NULL, NULL, 'ESPAÑA', NULL, 620329092, '', NULL, NULL, NULL, NULL, 0, NULL),
(NULL, NULL, '72068137Y', 'DANIEL', 'LOZANO MAYOR', '1984-01-16', 'MADRID', 'MADRID', 'ESPAÑOLA', 'CALLE 1º MAYO Nº 58, PORTAL 6 1ºB', 39011, 'SANTANDER', 'ESPAÑA', NULL, 615070583, 'danilm784@hotmail.com', NULL, 'CEINMARK', '1º AYF', NULL, 0, NULL),
(NULL, NULL, '72068938W', 'MARIA', 'MISAS PEÑA', '1986-05-07', 'SANTANDER', 'CANTABRIA', 'ESPAÑOLA', 'C-FCO TOMAS Y VALIENTE 25B 1C', 39011, 'PEÑACASTILLO (SANTANDER)', 'ESPAÑA', NULL, 676159776, 'airammisas@gmail.com', NULL, NULL, 'ESO', NULL, 0, NULL),
(NULL, NULL, '72069535R', 'SARA', 'BRAVO LAVID', '1983-12-25', 'SANTANDER', 'CANTABRIA', 'ESPAÑOLA', 'C-LUIS QUINTANILLA ISASI 10B 4ºA', 39011, 'SANTANDER', 'ESPAÑA', NULL, 671870355, 'sarabravolavid@gmail.com', NULL, 'CFP CIENCIAS RADIOLÓGICAS', 'TÉCNICO SUPERIOR IMAGEN PARA EL DIAGNÓSTICO', NULL, 0, NULL),
(NULL, NULL, '72070254F', 'RAQUEL', 'RUIZ CIFRIÁN', '1986-04-20', 'SANTANDER', 'CANTABRIA', 'ESPAÑOLA', 'Bº EL CERRRO, Nº 2', 30720, 'LA CAVADA', 'ESPAÑA', NULL, 667061336, 'raquelrc86@hotmail.com', NULL, 'UNIVERSIDAD DE CANTABRIA', 'INGENIERA DE OBRAS PÚBLICAS', NULL, 0, NULL),
(NULL, NULL, '72071071L', 'VICTOR', 'HERNANDEZ CASAL', '1993-03-11', 'SANTANDER', 'CANTABRIA', 'ESPAÑOLA', 'CALLE RAMON MENENDEZ PIDAL 4 3A', 39006, 'SANTANDER', 'ESPAÑA', NULL, 690797552, 'victh93@gmail.com', NULL, 'DECROLY', 'CFGS ADMINISTRACION DE SISTEMAS INFORMATICOS EN RE', NULL, 0, NULL),
(NULL, NULL, '72072084C', 'ANABEL', 'GONZÁLEZ BLANCO', '1998-02-07', 'SANTANDER', 'CANTABRIA', 'ESPAÑOLA', 'C- CASTILLA, 33 6º E', 39009, 'SANTANDER', 'ESPAÑA', 942210779, 603688842, 'anabel19.144@gmail.com', NULL, 'IES SANTA CLARA', 'BACHILLER', NULL, 0, NULL),
(NULL, NULL, '72075440H', 'ALEXANDRA', 'SIERRA VELEZ', '1985-09-04', 'SANTANDER', 'CANTABRIA', 'ESPAÑOLA', 'CALLE GUTIERREZ SOLANA 11 7A', 39008, 'SANTANDER', 'ESPAÑA', NULL, 675823361, 'sandry_1104@hotmail.com', NULL, 'CEINMARK', 'CFGM DE TECNICA EN GESTIÓN ADMINISTRATIVA', NULL, 0, NULL),
(NULL, NULL, '72075842Y', 'FRANCISCO', 'GÓMEZ SUÁREZ', '1985-03-21', 'SANTANDER', 'CANTABRIA', 'ESPAÑOLA', 'URB PORTOBELO 5J', 39110, 'SOTO DE LA MARINA', 'ESPAÑA', NULL, 630792424, 'fragosu@gmail.com', NULL, 'IES SANTA CLARA', 'BACHILLER', NULL, 0, NULL),
(NULL, NULL, '72078274T', 'PABLO', 'GALDO ALONSO', '1988-03-19', 'SANTANDER', 'CANTABRIA', 'ESPAÑOLA', 'BARRIO LA ESPRILLA 13 1C', 39608, 'IGOLLO DE CAMARGO', 'ESPAÑA', NULL, 610938649, 'pablogaldoalonso@gmail.com', NULL, 'IES SANTA CLARA', 'CFGM ATENCION A PERSONAS EN SITUACION DE DEPENDENC', NULL, 0, NULL),
(NULL, NULL, '72080402N', 'VICTOR', 'SECADAS DIAZ', '1988-04-25', 'SANTANDER', 'CANTABRIA', 'ESPAÑOLA', 'AVDA CANTABRIA Nº22 A- 2B', 39600, 'MALIAÑO', 'ESPAÑA', 942793552, 691752803, 'sekdas88@gmail.com', NULL, 'IES CANTABRIA', 'TECNICO SUPERIOR DE ANATOMÍA PATOLÓGICA', NULL, 0, NULL),
(NULL, NULL, '72080998X', 'RODRIGO', 'GUTIERREZ GONZÁLEZ', '1992-03-20', 'SANTANDER', 'CANTABRIA', 'ESPAÑOLA', 'FLORANES, 10E 1ºB', 39010, 'SANTANDER', 'ESPAÑA', NULL, 678188743, 'RODRIGUTGON@GMAIL.COM', NULL, 'IES SANTA CLARA', 'BACHILLERATO', NULL, 0, NULL),
(NULL, NULL, '72081196R', 'JESUS LARO', 'LÓPEZ IGLESIAS', '1996-12-18', 'SAN CRISTÓBAL DE LA LAGUNA', 'SANTA CRUZ DE TENERIFE', 'ESPAÑOLA', 'LA CANTÁBRICA 23', 39610, 'EL ASTILLERO', 'ESPAÑA', NULL, 636801858, '', NULL, NULL, 'PRUEBA DE ACCESO A CICLO FORMATIVO (CANTABRIA)', NULL, 0, NULL),
(NULL, NULL, '72081548P', 'Mª ESTEFANIA', 'GUTIERREZ ARTECHE', '1986-09-15', 'SANTANDER', 'CANTABRIA', 'ESPAÑOLA', 'C-CASTILLA Nº 54-1ª PLANTA. PUERTA1', 39009, 'SANTANDER', 'ESPAÑA', 942286028, 680523236, 'mgarteche@gmail.com', NULL, 'ANGELES CUSTODIOS', 'GESTIÓN ADMINISTRATIVA', NULL, 0, NULL),
(NULL, NULL, '72082809G', 'ASIER', 'GORDO CARRION', '1992-04-29', 'SANTANDER', 'CANTABRIA', 'ESPAÑOLA', 'BARRIO EL CRUCE 12 2H', 39715, 'EMTRAMBASAGUAS', 'ESPAÑA', NULL, 670962871, 'asierbaloncesto33@gmail.com', NULL, 'IES MURIEDAS', 'BACHILLER', NULL, 0, NULL),
(NULL, NULL, '72083861K', 'DYLAN', 'ISBELL RODRÍGUEZ', '2000-10-06', 'SANTANDER', 'CANTABRIA', 'ESPAÑOLA', 'C- ALTA, 46 A, 7º C ESCALERA C', 39008, 'SANTANDER', 'ESPAÑA', NULL, 601118244, 'xtro32@yahoo.co.uk', NULL, 'COLEGIO SAN JOSÉ', 'BACHILLERATO', NULL, 0, NULL),
(NULL, NULL, '72084709H', 'MARTA', 'PINEDA PÉREZ', '1989-09-01', 'SANTANDER', 'CANTABRIA', 'ESPAÑOLA', 'C- SARGENTOS PROVISIONALES 2 1º P8', 39009, 'SANTANDER', 'ESPAÑA', NULL, 627348611, 'vangora1989@gmail.com', NULL, 'DECROLY', 'CFGM DE FP DE EXPLOTACIÓN DE SISTEMAS INFORMÁTICOS', NULL, 0, NULL),
(NULL, NULL, '72087772E', 'JOAQUÍN', 'RUIZ MORÍN', '1992-10-06', 'SANTANDER', 'CANTANBRIA', 'ESPAÑOLA', 'AVDA. HILARIO TRUEBA BEDIA, 26 B, 1', 39130, 'PEDREÑA (MARINA DE CUDEYO)', 'ESPAÑA', NULL, 644172927, 'jorumo7@gmail.com', NULL, NULL, 'PRUEBA DE ACCESO A CICLOS DE GRADO MEDIO', NULL, 0, NULL),
(NULL, NULL, '72088799Z', 'ALFREDO MANUEL', 'VALERO RODRIGUEZ', '1995-06-22', 'CARACAS', 'VENEZUELA', 'VENEZOLANA', 'AV. CHICLANA 5C', 39610, 'ASTILLERO', 'VENEZUELA', NULL, 653590572, 'alfredovaleror@hotmail.com', NULL, NULL, 'CFGS ADMINISTRACION Y FINANZAS', NULL, 0, NULL),
(NULL, NULL, '72089654H', 'MIGUEL', 'FERNANDEZ ALGORRI', '1990-12-13', 'SANTANDER', 'CANTABRIA', 'ESPAÑOLA', 'CALLE SAN LUIS 6, 1º DERECHA', 39010, 'SANTANDER', 'ESPAÑA', NULL, 696806231, 'MIGUELFDEZALGORRI@MAIL.COM', NULL, 'AUGUSTO LINARES', 'FPGS DISEÑO APLICACIONES WEB', NULL, 0, NULL),
(NULL, NULL, '72093276Y', 'VANESA', 'SANTIBÁÑEZ TRAMULLAS', '1980-04-28', 'LAREDO', 'CANTABRIA', 'ESPAÑOLA', 'C- LA GLORIETA 1, BLOQUE 2, 4º F', 39760, 'ADAL TRETO', 'ESPAÑA', 942682103, 646268038, 'vanessatreto@hotmail.com', NULL, 'IES FUENTE FRESNEDO', 'BACHILLER EN HUMANIDADES Y CIENCIAS SOCIALES', NULL, 0, NULL),
(NULL, NULL, '72101800C', 'FRANCISCO ANTONI', 'FERNÁNDEZ PEÑA', '1999-02-05', 'LAREDO', 'CANTABRIA', 'ESPAÑOLA', 'PLAZA LA CONCORDIA 2 2ºA', 39740, 'SANTOÑA', 'ESPAÑA', 942671028, 634439659, 'franciscop.pca@gmail.com', NULL, 'DECROLY', 'TÉCNICO EN SISTEMAS MICROINFORMÁTICOS Y REDES', NULL, 0, NULL),
(NULL, NULL, '72103988T', 'JAVIER', 'IRULEGUI PARRA', '1998-10-25', 'SANTANDER', 'CANTABRIA', 'ESPAÑOLA', 'CALE POETA GERARDO DIEGO 22 P1 DR', 39011, 'SANTANDER', 'ESPAÑA', NULL, 699852714, '', NULL, 'IES LEONARDO TORRES QUEVEDO', 'BACHILLER', NULL, 0, NULL),
(NULL, NULL, '72104261C', 'MARTÍN', 'BENAJES QUINTANA', '1998-04-07', 'SANTANDER', 'CANTABRIA', 'ESPAÑOLA', 'Pº GENERAL DÁVILA Nº 127, P 3, 2º D', 39007, 'SANTANDER', 'ESPAÑA', 626177462, 660501040, 'martinmistery.com@gmail.com', NULL, 'IES SANTA CLARA', 'BACHILLERATO (HUMANIDADES Y CIENCIAS SOCIALES)', NULL, 0, NULL),
(NULL, NULL, '72104860K', 'DAVID', 'SAIZ SAUQUILLO', '1999-12-15', 'SANTANDER', 'CANTABRIA', 'ESPAÑOLA', 'C- CASTOR AGRA GARCÍA Nº 6, 2º D', 39012, 'SANTANDER', 'ESPAÑA', NULL, 620908991, 'anasauki@hormail.com', NULL, 'CEIMARK', 'CFGM DE FP GESTIÓN ADMINISTRATIVA', NULL, 0, NULL),
(NULL, NULL, '72105194X', 'PABLO', 'SALCEDA DEL CUETO', '2002-07-23', 'SANTANDER', 'CANTABRIA', 'ESPAÑOLA', 'CALLE LA PEREDA 11C P4A', 39012, 'SANTANDER', 'ESPAÑA', NULL, NULL, '', NULL, NULL, 'ESO', NULL, 0, NULL),
(NULL, NULL, '72106001N', 'ANTONIO', 'GARCIA MARTINEZ', '1998-04-20', 'SANTANDER', 'CANTABRIA', 'ESPAÑOLA', 'AVD LA ESTACION 20 PORTAL 1 1E', 39710, 'SOLARES', 'ESPAÑA', 633239997, 637052485, 'antonio_casillas98@hotmail.com', NULL, 'CEPA SANTANDER', '2 CURSO ESO', NULL, 0, NULL),
(NULL, NULL, '72125837E', 'CÉSAR', 'BUENO GRANDA', '1973-02-12', 'SANTANDER', 'CANTABRIA', 'ESPAÑOLA', 'C-FERNANDEZ DE ISLA, Nº 11, 5º I', 39008, 'SANTANDER', 'ESPAÑA', 942131656, 665439486, 'cesarbuenogranda@gmail.com', NULL, NULL, 'TÉCNICO AUXILIAR', NULL, 0, NULL),
(NULL, NULL, '72132106N', 'BELÉN', 'DÍAZ-TERÁN GONZÁLEZ', '1979-03-21', 'SALAMANCA', 'SALAMANCA', 'ESPAÑOLA', 'C-FERNANDO ARCE 2 4ºB', 39300, 'TORRELAVEGA', 'ESPAÑA', NULL, 649102009, 'belendiazteran@gmail.com', NULL, 'FACULTAD DE PSICOLOGÍA', 'LICENCIADA EN PSICOLOGÍA', NULL, 0, NULL),
(NULL, NULL, '72134275L', 'FRANCISCO', 'GRUBER PÉREZ', '1980-11-18', 'TORRELAVEGA', 'CANTABRIA', 'ESPAÑOLA', 'C-MAESTRO MEDIAVILLA 7 3B', 39300, 'TORRELAVEGA', 'ESPAÑA', NULL, 697392571, 'chikonerd@hotmail.com', NULL, 'IES MANUEL GUTIÉRREZ ARAGON', 'BACHILLER', NULL, 0, NULL),
(NULL, NULL, '72134844J', 'ALBERTO', 'PALOMERA PÉREZ', '1981-10-14', 'TORRELAVEGA', 'CANTABRIA', 'ESPAÑOLA', 'C-FERNANDO ARCE 2 4B', 39300, 'TORRELAVEGA', 'ESPAÑA', NULL, 615114742, 'aplomera41@hotmail.com', NULL, 'FACULTAD DE MEDICINA', 'DIPLOMADO EN FISIOTERAPIA', NULL, 0, NULL),
(NULL, NULL, '72137112G', 'MARÍA', 'GALVÁN ARBEIZA', '1982-01-29', 'TORRELAVEGA', 'CANTABRIA', 'ESPAÑOLA', 'C-LASAGA LARRETA 25 3ºC', 39300, 'TORRELAVEGA', 'ESPAÑA', NULL, 680467548, 'maria.galvan.arbeiza@gmail.com', NULL, 'FACULTAD C. ECONOMICAS Y EMPRESARIALES', 'DIPLOMADA EN CIENCIAS EMPRESARIALES', NULL, 0, NULL),
(NULL, NULL, '72137467Z', 'PABLO', 'GALLO ERQUICIA', '1982-04-19', 'SANTANDER', 'CANTABRIA', 'ESPAÑOLA', 'Bº ARGUDIN 77 F, 2º D', NULL, 'PUENTE SAN MIGUEL', 'ESPAÑA', NULL, NULL, '', NULL, NULL, 'TÉCNICO SUPERIOR EN MANTENIMIENTO EQUIPO INDUSTRIA', NULL, 0, NULL),
(NULL, NULL, '72139679H', 'ANDREA', 'ACEBAL ARGUMOSA', '1984-08-29', 'SANTANDER', 'CANTABRIA', 'ESPAÑOLA', 'SAN MARTÍN 312', 39310, 'MOGRO', 'ESPAÑA', NULL, 637449832, '', NULL, 'IES MARQUÉS DE SANTILLANA', 'BACHILLER', NULL, 0, NULL),
(NULL, NULL, '72139849G', 'MARIA ESTHER', 'GONZÁLEZ GONZÁLEZ', '1983-06-12', 'ZAMORA', 'ZAMORA', 'ESPAÑOLA', 'CONDE TORREANAZ, 1,  1º B', 39300, 'TORRELAVEGA', 'ESPAÑA', NULL, 669176720, 'ster_@hotmail.com', NULL, 'U.C', 'INGENIERIA TECNICA DE OBRAS', NULL, 0, NULL),
(NULL, NULL, '72140306R', 'JORGE', 'URTIAGA AMÉZQUETA', '1989-12-05', 'SANTANDER', 'CANTABRIA', 'ESPAÑOLA', 'MAESTRO MEDIAVILLA, 5,  2ºM', 39300, 'TORRELAVEGA', 'ESPAÑA', NULL, 644497757, '', NULL, 'IES BESAYA', 'BACHILLER', NULL, 0, NULL),
(NULL, NULL, '72142427Y', 'LUCÍA', 'DÍAZ GONZÁLEZ', '1985-08-04', 'TORRELAVEGA', 'CANTABRIA', 'ESPAÑOLA', 'C- MIES DE ARGUDIN 77K 2ºD', 39530, 'PUENTE SAN MIGUEL', 'ESPAÑA', NULL, 615869472, '', NULL, 'IES GARCILASO DE LA VEGA, TORRELAVEGA', 'BACHILLERATO (HUMANIDADES Y CIENCIAS SOCIALES)', NULL, 0, NULL),
(NULL, NULL, '72145125J', 'CRISTINA', 'RUIZ GALINDO', '1985-06-25', 'SANTANDER', 'CANTABRIA', 'ESPAÑOLA', 'C-MIGUEL DELIBES Nº2', 39340, 'SUANCES', 'ESPAÑA', NULL, 610896045, 'cristinaruizgal@gmail.com', NULL, 'IES JOSE MARIA PEREDA', 'BACHILLER', NULL, 0, NULL),
(NULL, NULL, '72145236D', 'RAQUEL', 'MARTÍN GONZÁLEZ', '1985-06-26', 'SANTANDER', 'CANTABRIA', 'ESPAÑOLA', 'C-VARGAS 57D 1ºD', 39010, 'SANTANDER', 'ESPAÑA', 942374687, 646360521, 'rakmargo@gmail.com', NULL, 'HERNÁN CORTÉS', 'TÉCNICA EN CUIDADOS AUXILIARES ENFERMERÍA', NULL, 0, NULL),
(NULL, NULL, '72145482W', 'ÁLVARO', 'RUIZ SALAS', '1987-06-02', 'SANTANDER', 'CANTABRIA', 'ESPAÑOLA', 'Bº EL COTERO, 14, PUERTA 8', 39478, 'PUENTE ARCE', 'ESPAÑA', NULL, 615355274, 'alvaro_runico@hotmail.com', NULL, 'IES MIGUEL HERRERO', 'TÉCNICO EN EXPLOTACIÓN SISTS, INFORM', NULL, 0, NULL),
(NULL, NULL, '72145599G', 'MARIA ISABEL', 'FERNÁNDEZ SÁNCHEZ', '1986-08-05', 'TORRELAVEGA', 'CANTABRIA', 'ESPAÑOLA', 'BARRIO PICÓN 8', NULL, 'PUENTE SAN MIGUEL', 'ESPAÑA', NULL, 660404540, 'isafs8@hotmail.com', NULL, 'NUESTRA SEÑORA DE LA PAZ', 'BACHILLER', NULL, 0, NULL),
(NULL, NULL, '72145847E', 'AIDA', 'DÍAZ FERNÁNDEZ', '1986-11-09', 'TORRELAVEGA', 'CANTABRIA', 'ESPAÑOLA', 'PLAZA PIQUÉ Y VARELA, 2, 4º M', 39300, 'TORRELAVEGA', 'ESPAÑA', NULL, 651805856, 'aida_difer@hotmail.com', NULL, 'ACADEMIA CRESPO', 'TÉCNICO EN GESTIÓN ADMINISTRATIVA', NULL, 0, NULL),
(NULL, NULL, '72147170B', 'ÁLVARO', 'ECHEVARRÍA GONZALEZ', '1987-04-18', 'SANTANDER', 'CANTABRIA', 'ESPAÑOLA', NULL, 39300, 'TORRELAVEGA', 'ESPAÑA', NULL, 660914322, 'echeve87_@hotmail.com', NULL, NULL, 'ESO', NULL, 0, NULL),
(NULL, NULL, '72150437N', 'GALIA', 'PLA PÉREZ', '1991-04-27', 'SANTANDER', 'CANTABRIA', 'ESPAÑOLA', 'URB. VERDEMAR BLO 2 P6 2A', 39790, 'GAMA', 'ESPAÑA', NULL, 690900591, 'gpla274@gmail.com', NULL, NULL, 'TÉCNICO EN ATENCIÓN SOCIOSANITARIA', NULL, 0, NULL),
(NULL, NULL, '72154943X', 'LETICIA', 'SIMÓN RUIZ', '1999-03-15', 'TORRELAVEGA', 'CANTABRIA', 'ESPAÑOLA', 'C- LA GAROFA, 4, BLOQ. 2 BAJO F', 39311, 'SANTIAGO DE CARTES', 'ESPAÑA', 942084282, 622226667, 'leticiasimonruiz90@gmail.com', NULL, 'IES MANUEL GUTIÉRREZ ARAGÓN', 'BACHILLERATO HUMANIDADES', NULL, 0, NULL),
(NULL, NULL, '72155276K', 'IZAN', 'PARDO AGUADO', '1997-11-12', 'SANTANDER', 'CANTABRIA', 'ESPAÑOLA', 'URB. PACO GENTO, CHALET 32', 39611, 'GUARNIZO. EL ASTILLERO', 'ESPAÑA', NULL, 661251770, 'izanpardoaguado@gmail.com', NULL, 'IES NUESTRA SEÑORA DE LOS REMEDIOS', 'BACHILLERATO (HUMANIDADES Y CIENCIAS SOCIALES)', NULL, 0, NULL),
(NULL, NULL, '72157837Y', 'PABLO', 'CUESTA DE LA RIVA', '1993-10-02', 'SANTANDER', 'CANTABRIA', 'ESPAÑOLA', 'AVDA. LUIS DE LA CONCHA', 39470, 'RENEDO DE PIÉLAGOS', 'ESPAÑA', NULL, 622137870, 'pablocuestadelariva@gmail.com', NULL, 'ACADEMIA CRESPO', 'TECNICO EN SISTEMAS MICROINFORMÁTICOS Y REDES', NULL, 0, NULL),
(NULL, NULL, '72171832V', 'DANIEL', 'DE LA GRANJA GARCIA', '1993-09-06', 'SANTANDER', 'CANTABRIA', 'ESPAÑOLA', 'BAJADA SAN JUAN 17 1G', 39012, 'SANTANDER', 'ESPAÑA', NULL, 633201963, 'daniel_delagranja@hotmail.com', NULL, 'COLEGIO MERCEDES', 'GRADUADO EN ESO', NULL, 0, NULL),
(NULL, NULL, '72172088C', 'ANDREA', 'LLATA MARTIN', '1993-04-24', 'SANTANDER', 'CANTABRIA', 'ESPAÑOLA', 'FLORANES 23 2B', 39010, 'SANTANDER', 'ESPAÑA', 942372723, 676851647, 'andreallata@hotmail.es', NULL, 'ALISAL', 'GRADO MEDIO ADMINISTRATIVO', NULL, 0, NULL),
(NULL, NULL, '72173358W', 'ADRIÁN', 'HERMANA FERNÁNDEZ', '1997-01-31', 'SANTANDER', 'CANTABRIA', 'ESPAÑOLA', 'MENÉNDEZ PELAYO, 2', 39600, 'MALIAÑO', 'ESPAÑA', NULL, 615784855, 'ADRIANHF97BASKET@HOTMAIL.COM', NULL, 'DECROLY', 'CFGMEDIO SISTEMAS MICROINFORMÁTICOS Y REDES', NULL, 0, NULL),
(NULL, NULL, '72173704A', 'GEMA', 'SETIEN ROZADILLA', '1989-10-09', 'SANTANDER', 'CANTABRIA', 'ESPAÑOLA', 'C- FRANCISCO TOMÁS Y VALIENTE 27F 3', 39011, 'SANTANDER', 'ESPAÑA', NULL, 649252165, 'gsetien3@gmail.com', NULL, NULL, 'BACHILLERATO (CIENCIAS)', NULL, 0, NULL),
(NULL, NULL, '72173989N', 'CÉSAR ALEJANDRO', 'GALLARDO MORENO', '2002-10-31', 'SANTANDER', 'CANTABRIA', 'ESPAÑOLA', 'MARQUÉS DE LA HERMIDA, 72, P 1, 8ºD', 39009, 'SANTANDER', 'ESPAÑA', 942353678, 617874478, 'oyrlima@gmail.com', NULL, 'IES SANTA CLARA', 'CURSADO HASTA SEGUNDO DE LA ESO', NULL, 0, NULL),
(NULL, NULL, '72174061S', 'JOHN', 'SAINZ BEZANILLA', '1995-10-16', 'SANTANDER', 'CANTABRIA', 'ESPAÑOLA', 'CALLE GREGORIO CUESTA 11 2 IZQ', 39008, 'SANTANDER', 'ESPAÑA', NULL, 677100904, 'johnsainzbeza@gmail.com', NULL, 'IES PEREDA', 'BACHILLER', NULL, 0, NULL),
(NULL, NULL, '72174580M', 'JOSÉ MANUEL', 'SÁNCHEZ GÜEMES', '1997-07-18', 'SANTANDER', 'CANTABRIA', 'ESPAÑOLA', 'C- LA CANTÁBRICA, 14, 1º E', 39610, 'ASTILLERO', 'ESPAÑA', 942546144, 679083243, 'jmsg222013@gmail.com', NULL, 'IES ASTILLERO', 'BACHILLERATO CIENCIAS Y TECNOLOGÍA', NULL, 0, NULL),
(NULL, NULL, '72174722D', 'MIKEL JOSHUA', 'DE LA TORRE SARASIG', '2000-11-16', 'SANTANDER', 'CANTABRIA', 'ESPAÑOLA', 'C- MACÍAS PICAVEA, 1, 2ºC', 39003, 'SANTANDER', 'ESPAÑA', NULL, 631595251, 'mikelrap16@hotmail.com', NULL, 'IES VILLAJUNCO', '3º ESO', NULL, 0, NULL),
(NULL, NULL, '72175150T', 'PABLO', 'GARCÍA COBO', '1993-02-23', 'SANTANDER', 'CANTABRIA', 'ESPAÑOLA', 'C-SAN ROQUE 3 4ºA', 39100, 'SANTANDER', 'ESPAÑA', NULL, 634625932, 'pablogarciacobo@yahoo.es', NULL, 'IES EL ALISAL', 'TÉCNICO EN SISTEMAS MICROINFORMÁTICOS Y REDES', NULL, 0, NULL),
(NULL, NULL, '72175323N', 'SAMANTA', 'SANCHEZ DIAZ', '1989-08-23', 'SEVILLA', 'SEVILLA', 'ESPAÑOLA', 'VARGAS 47 ESC IZQ 6 PUERTA 1', 39010, 'SANTANDER', 'ESPAÑA', NULL, 633749249, 'samanthasan.diaz@gmail.com', NULL, 'TORREANAZ', 'ESO', NULL, 0, NULL),
(NULL, NULL, '72175932T', 'ISMAEL', 'SAENZ RODRIGUEZ', '1994-07-28', 'SANTOÑA', 'CANTABRIA', 'ESPAÑOLA', 'C- RENTERÍA REYES Nº 9 3º DCHA', 39740, 'SANTOÑA', 'ESPAÑA', NULL, 697267426, 'ismaelsaenzrodriguez94@gmail.com', NULL, 'IES MARQUÉS DE MANZANEDO', 'BACHILLERATO (CIENCIAS)', NULL, 0, NULL),
(NULL, NULL, '72176361S', 'CRISTIAN', 'GUTIÉRREZ GONZÁLEZ', '1990-02-19', 'SANTANDER', 'CANTABRIA', 'ESPAÑOLA', 'Bº SAN VICENTE Nº 15, CHALET 21', 39479, 'VIOÑO DE PIÉLAGOS', 'ESPAÑA', NULL, 658433870, 'tiano222@gmail.com', NULL, 'IES AUGUSTO GONZALEZ LINARES', 'FPGM FARMACIA Y PARAFARMACIA', NULL, 0, NULL),
(NULL, NULL, '72177188Z', 'SERGIO', 'QUIJANO MARTIN', '1996-12-09', 'SANTANDER', 'CANTABRIA', 'ESPAÑOLA', 'CALLE EULOGIO FERNANDEZ BARROS 14 2', 39600, 'MURIEDAS', 'ESPAÑA', 942261755, 638379164, 's.quijano.martin@gmail.com', NULL, NULL, 'bachiller', NULL, 0, NULL),
(NULL, NULL, '72177684G', 'SONIA', 'VILLEGAS SANTOS', '1991-12-20', 'SANTANDER', 'CANTABRIA', 'ESPAÑOLA', 'AVDA- EL DEPORTE 3, 11 2º C', 39011, 'SANTANDER', 'ESPAÑA', 677130281, 676864206, 'soniavs91@gmail.com', NULL, 'ESCLAVAS', 'BACHILLER - HUMANIDADES Y CIENCIAS SOCIALES', NULL, 0, NULL),
(NULL, NULL, '72177934R', 'NATANAEL', 'POLONIO DEL BAÑO', '1990-07-21', 'SANTANDER', 'CANTABRIA', 'ESPAÑOLA', 'C- INDUSTRIA, Nº 8, 2º B', 39610, 'EL ASTILLERO', 'ESPAÑA', 942558577, 658341384, 'natanaelpolonio@gmail.com', NULL, 'COLEGIO ALTAMIRA', '3º ESO', NULL, 0, NULL),
(NULL, NULL, '72179193H', 'ELIA', 'VILLEGAS OLEA', '2003-12-03', 'SANTANDER', 'CANTABRIA', 'ESPAÑOLA', 'C- CAMILO ALONSO VEGA, 48, P1, 2ºB', 39007, 'SANTANDER', 'ESPAÑA', 942320765, 635981551, 'artesorto@gmx.es', NULL, NULL, NULL, NULL, 0, NULL),
(NULL, NULL, '72179485B', 'SARA', 'ONTAVILLA PÉREZ', '2000-04-18', 'SANTANDER', 'CANTABRIA', 'ESPAÑOLA', 'C-MONTEJURRA 12 2ºIZDA', 39010, 'SANTANDER', 'ESPAÑA', NULL, 664052545, 'saraonta@hotmail.com', NULL, 'CEINMARK', 'FPB INFORMÁTICA Y COMUNICACIONES', NULL, 0, NULL),
(NULL, NULL, '72180118T', 'RAQUEL', 'ABASCAL CEBALLOS', '2003-11-29', 'CAMARGO', 'CANTABRIA', 'ESPAÑOLA', 'C- SAN FERNANDO, 22, 7º E', 39010, 'SANTANDER', 'ESPAÑA', 942552434, 610262618, '', NULL, 'COLEGIO ATALAYA', '3º ESO', NULL, 0, NULL),
(NULL, NULL, '72180436L', 'MARTÍN', 'GUELBENZU VALVERDE', '1996-09-24', 'SANTANDER', 'CANTABRIA', 'ESPAÑOLA', 'Bº SOMAVILLA, 35, CHALET 1', 39609, 'CAMARGO', 'ESPAÑA', NULL, 645196688, 'guelbenzumv@gmail.com', NULL, 'IES ALBERICIA', 'BACHILLERATO', NULL, 0, NULL),
(NULL, NULL, '72180933X', 'ENRIQUE', 'BADIOLA BENGOECHEA', '1996-11-08', 'SANTANDER', 'CANTABRIA', 'ESPAÑOLA', 'C- ALTA, 56, 3º A', 39008, 'SANTANDER', 'ESPAÑA', NULL, 630153079, 'rikibadi@hotmail.com', NULL, 'PURÍSIMA CONCEPCIÓN', 'ESO', NULL, 0, NULL),
(NULL, NULL, '72181075 Z', 'JONATAN', 'DIEGO COBO', '1994-06-29', 'SANTANDER', 'CANTABRIA', 'ESPAÑOLA', 'C- LA UNIÓN, Nº 12, 2º B', 39004, 'SANTANDER', 'ESPAÑA', 942274282, 649894604, 'jonatandc@me.com', NULL, NULL, 'Prueba de Acceso', NULL, 0, NULL),
(NULL, NULL, '72182709S', 'HUGO', 'SOLANA CAGIGAS', '1998-09-22', 'SANTANDER', 'CANTABRIA', 'ESPAÑOLA', 'BARRIO LA VEGA 9', 39793, 'VILLAVERDE DE PONTONES', 'ESPAÑA', NULL, 608218389, 'hugo.solana@hotmail.com', NULL, NULL, 'BACHILLER', NULL, 0, NULL),
(NULL, NULL, '72182783C', 'DANIEL', 'CASCAJO ARCE', '2000-06-08', 'SANTANDER', 'CANTABRIA', 'ESPAÑOLA', 'C- ISAAC PERAL 36, 2º C', 39008, 'SANTANDER', 'ESPAÑA', 942376519, 680156089, '', NULL, 'COLEGIO SAN JOSÉ', 'BACHILLER', NULL, 0, NULL),
(NULL, NULL, '72182895V', 'LUCÍA', 'FERNÁNDEZ COLORET', '1999-08-17', 'SANTANDER', 'CANTABRIA', 'ESPAÑOLA', 'C-VENTURA HONTAÑÓN CASTANEDO, 287', 39130, 'PEDREÑA', 'ESPAÑA', NULL, 606265312, 'luciacoloret@gmail.com', NULL, 'DECROLY', 'TÉCNICO EN SISTEMAS MICROINFORMATICOS Y REDES', NULL, 0, NULL),
(NULL, NULL, '72183689Y', 'SERGIO', 'CAMPO TORRE', '2001-05-12', 'POLANCO', 'CANTABRIA', 'ESPAÑOLA', 'BARRIO MENOCAL 31, Nº1', 39313, 'POLANCO', 'ESPAÑA', NULL, 666216182, 'soyelcampo01@gmail.com', NULL, NULL, 'BACHILLERATO (CIENCIAS)', NULL, 0, NULL),
(NULL, NULL, '72183835Z', 'LAURA', 'GARCÍA VÍA', '2001-12-10', 'SANTANDER', 'CANTABRIA', 'ESPAÑOLA', 'C- VARGAS, 55 B, 5º A', 39010, 'SANTANDER', 'ESPAÑA', 942239068, 617358973, 'lauragvia@gmail.com', NULL, 'LA SALLE', 'BACHILLERATO', NULL, 0, NULL),
(NULL, NULL, '72184795P', 'MARJORIE', 'VON LIPPKE NAVARRETE', '1975-10-21', 'SANTO DOMINGO DE LOS COLORADOS', 'PICHINCHA', 'ECUATORIANA', 'C-ISAAC PERAL 15 5E', 39008, 'SANTANDER', 'ECUADOR', NULL, 674839826, 'mvonlippke@hotmail.com', NULL, NULL, 'BACHILLER', NULL, 0, NULL),
(NULL, NULL, '72185011V', 'JAVIER', 'SIERRA ARRANZ', '1992-04-15', 'SANTANDER', 'CANTABRIA', 'ESPAÑOLA', 'C-DAOIZ Y VELARDE 17 2ºCENTRO', 39003, 'SANTANDER', 'ESPAÑA', NULL, 646318767, 'javilan17@gmail.com', NULL, 'HERNÁN CORTES', 'TÉCNICO SUPERIOR EN INTEGRACIÓN SOCIAL', NULL, 0, NULL),
(NULL, NULL, '72186001H', 'ANDREA', 'RIVAS RUIZ', '1997-05-11', 'SANTANDER', 'CANTABRIA', 'ESPAÑOLA', 'AVDA BILBAO 64-4ºD', 39600, 'MURIEDAS', 'ESPAÑA', NULL, 601134004, 'andrearivasruiz97@gmail.com', NULL, 'IES JOSE Mª PEREDA', '1º BACHILLER', NULL, 0, NULL),
(NULL, NULL, '72186392H', 'IKER', 'PACHECO BARQUÍN', '2002-10-08', 'SANTANDER', 'CANTABRIA', 'ESPAÑOLA', 'CORCONERAS, 46', 39012, 'SANTANDER', 'ESPAÑA', NULL, 611138388, 'pachecoiker2002@gmail,com', NULL, 'BELLAVISTA', '2º ESO CURSADO', NULL, 0, NULL),
(NULL, NULL, '72186736V', 'CELIA', 'SALAS GOMEZ', '1996-04-21', 'SANTANDER', 'CANTABRIA', 'ESPAÑOLA', 'BARRIO EL RODIL N12 PUERTA 3', 39120, 'MORTERA', 'ESPAÑA', NULL, 664565717, 'celiasalasgomez@hotmail.com', NULL, 'A.G. LINARES', 'PRUEBA DE ACCESO A FP SUPERIOR', NULL, 0, NULL),
(NULL, NULL, '72186887F', 'GONZALO', 'GÓMEZ-HOYAL CAVIA', '1999-12-19', 'SANTANDER', 'CANTABRIA', 'ESPAÑOLA', 'C- RESPUELA, 2A, 2º D', 39100, 'SANTA CRUZ DE BEZANA', 'ESPAÑA', 942058463, 673484770, 'gonzaloghc99@gmail.com', NULL, 'IES LA ALBERICIA', 'BACHILLERATO', NULL, 0, NULL),
(NULL, NULL, '72186927R', 'MARÍA', 'DE ANDRÉS GARCÍA', '1999-03-18', 'SANTANDER', 'CANTABRIA', 'ESPAÑOLA', 'C-EL CAMPIZO 25', 39012, 'SANTANDER', 'ESPAÑA', 942354484, 638376137, 'meryesp16@gmail.com', NULL, 'DECROLY', 'TÉCNICO EN SISTEMAS MICROINFORMÁTICOS Y REDES', NULL, 0, NULL),
(NULL, NULL, '72186964S', 'CRISTINA', 'TAEÑO DOALTO', '1999-01-13', 'SANTANDER', 'CANTABRIA', 'ESPAÑOLA', 'FERNANDO DE LOS RIOS 69. 1º C', 39006, 'SANTANDER', 'ESPAÑA', 942078036, 663931067, 'cristinatd1999@gmail.com', NULL, 'HERNAN CORTES', 'AUXILIAR ENFERMERIA', NULL, 0, NULL),
(NULL, NULL, '72187079S', 'NOEL', 'TERAN MARTINEZ', '2000-12-09', 'SANTANDER', 'CANTABRIA', 'ESPAÑOLA', 'C- RIA SOLIA Nº 12 BAJO F', NULL, 'EL ASTILLERO', 'ESPAÑA', NULL, 644720511, '', NULL, NULL, NULL, NULL, 0, NULL),
(NULL, NULL, '72188219M', 'JESÚS', 'GÁNDARA GARCÍA', '1999-07-16', 'SANTANDER', 'CANTABRIA', 'ESPAÑOLA', 'AVDA. DEL FARO, Nº 1, P 4, 1º C', 39012, 'SANTANDER', 'ESPAÑA', 942393139, 637666707, 'jesus.gandara99@gmail.com', NULL, 'MARÍA INMACULADA', 'TÉCNICO SISTEMAS MICROINFORMÁTICOS Y REDES', NULL, 0, NULL),
(NULL, NULL, '72188392V', 'BORJA', 'ACHUTEGUI GONZÁLEZ', '1999-12-12', 'SANTANDER', 'CANTABRIA', 'ESPAÑOLA', 'SANTA ANA, Bº EL SEDILLO', 39717, 'ENTRAMBASAGUAS', 'ESPAÑA', NULL, 652276947, 'borjamami16@gmail.com', NULL, NULL, NULL, NULL, 0, NULL),
(NULL, NULL, '72188510C', 'DIEGO', 'URIEL SOLORZANO', '1998-08-29', 'SANTANDER', 'CANTABRIA', 'ESPAÑOLA', 'C- DEL MONTE, 59,8º A', 39006, 'SANTANDER', 'CANTABRIA', NULL, 603408889, 'dieurisol@gmail.com', NULL, 'IES SANTA CLARA', 'BACHILLERATO', NULL, 0, NULL),
(NULL, NULL, '72189730K', 'SEBASTIAN', 'GHINAGLIA SÁNCHEZ', '1995-09-11', 'SAN FÉLIX', 'PUERTO ORDAZ', 'VENEZOLANA', 'C- ERNEST LLUCH', 39012, 'SNTANDER', 'VENEZUELA', NULL, 653252209, 'sebastglia@gmail.com', NULL, NULL, NULL, NULL, 0, NULL),
(NULL, NULL, '72190197M', 'JESÚS', 'GONZÁLEZ-ESTEFAN BRAVO', '2000-06-04', 'SANTANDER', 'CANTABRIA', 'ESPAÑOLA', 'PASEO DE CANALEJAS 66 4ºD', 39004, 'SANTANDER', 'ESPAÑA', NULL, 648642409, 'jgestefanib@gmail.com', NULL, 'CFP Mª INMACULADA', 'TÉCNICO EN SISTEMAS MICROINFORMÁTICOS Y REDES', NULL, 0, NULL),
(NULL, NULL, '72191563Z', 'JAVIER', 'BOLADO GUTIERREZ', '2003-08-01', 'SANTANDER', 'CANTABRIA', 'ESPAÑOLA', 'C-FLORANES 4 2º DCHA', 39010, 'SANTANDER', 'ESPAÑA', NULL, NULL, '', NULL, NULL, NULL, NULL, 0, NULL),
(NULL, NULL, '72191879P', 'BARBARA', 'REY POMBAR', '1995-10-23', 'ALCALA DE HENARES', 'MADRID', 'ESPAÑOLA', 'ALBERICO PARDO 58 URB PEÑAVERDE 26', 39011, 'SANTANDER PEÑACASTILLO', 'ESPAÑA', NULL, 673687523, '', NULL, 'CEINMARK', 'CFGM DE FP GESTIÓN ADMINISTRATIVA', NULL, 0, NULL),
(NULL, NULL, '72193117G', 'IGNACIO', 'LAMARCA GONZALEZ', '1997-09-27', 'SANTANDER', 'CANTABRIA', 'ESPAÑOLA', 'AVDA CANTABRIA 3 B 2D', 39400, 'LOS CORRALES DE BUELNA', 'ESPAÑA', NULL, 644379728, 'nacholgf27@gmail.com', NULL, 'A.G LINARES', 'PRUEBAS ACCESO GRADO SUPERIOR', NULL, 0, NULL),
(NULL, NULL, '72193281F', 'ESTEFANÍA', 'COBO GONZÁLEZ', '2000-10-09', 'SANTANDER', 'CANTABRIA', 'ESPAÑOLA', 'URBAN. LOS ROSALES 10, 1º A', 39620, 'SARÓN', 'ESPAÑA', NULL, 609349767, 'estefaniacobomac@gmail.com', NULL, 'IES LOPE DE VEGA', 'ESO', NULL, 0, NULL),
(NULL, NULL, '72193374P', 'DESIREE', 'ZATON MIER', '1996-10-22', 'SANTANDER', 'CANTABRIA', 'ESPAÑOLA', 'C- JAIME DEL AMO 2A PISO 3º B', 39340, 'SUANCES', 'ESPAÑA', NULL, 679607389, 'desireezaton@gmail.com', NULL, NULL, 'BACHILLERATO (ARTES)', NULL, 0, NULL),
(NULL, NULL, '72193658Q', 'ANA', 'POZUETA CASTILLO', '2001-09-03', 'TORRELAVEGA', 'CANTABRIA', 'ESPAÑOLA', 'URBANIZACIÓN PEÑALARA, Nº 14', 39300, 'TANOS', 'ESPAÑA', 942803942, 620020825, 'anapozueta2001@gmail.com', NULL, 'COLEGIO LA PAZ', 'ESO', NULL, 0, NULL),
(NULL, NULL, '72197229E', 'ANDREA', 'SALAS BUENO', '2003-04-03', 'SANTANDER', 'CANTABRIA', 'ESPAÑOLA', 'ALTA DE QUIJAS 58', 39590, 'REOCIN', 'ESPAÑA', NULL, 620333688, '', NULL, 'I.E.S. SIETE VALLES', '2º ESO', NULL, 0, NULL),
(NULL, NULL, '72197952D', 'ÁNGELA', 'MARTÍNEZ COSÍO', '2002-10-04', 'SANTANDER', 'CANTABRIA', 'ESPAÑOLA', 'C-LA MAZA 60', 39590, 'VALLES (REOCÍN)', 'ESPAÑA', NULL, 644421835, 'eduardo_mu55@yahoo.es', NULL, 'IES NUEVE VALLES', '2º ESO', NULL, 0, NULL),
(NULL, NULL, '72198169L', 'VICTORIA', 'DE LA TORRE RODRÍGUEZ', '2000-11-29', 'SANTANDER', 'CANTABRIA', 'ESPAÑOLA', 'C- MATILDE DE LA TORRE, Nº 7, 1ºC', 39500, 'CABEZÓN DE LA SAL', 'ESPAÑA', NULL, 636567636, 'victoria29100@gmail.com', NULL, 'IES AUGUSTO GONZALEZ LINARES', 'TÉCNICA EN CUIDADOS AUXILIARES DE ENFERMERÍA', NULL, 0, NULL),
(NULL, NULL, '72198371Z', 'JENNIFER', 'PALAZUELOS PINTO', '1997-01-29', 'SANTANDER', 'CANTABRIA', 'ESPAÑOLA', 'BARRIO LAS CUARTAS P2 Bajo b', 39470, 'RENEDO DE PIELAGOS', 'ESPAÑA', NULL, 652408874, 'jennyact3renedo@gmail.com', NULL, 'IES BALBANUZ SELAYA', 'AUXILIAR DE ENFERMERIA', NULL, 0, NULL),
(NULL, NULL, '72198928L', 'ETHAN', 'BARREDO DÍAZ', '2001-09-19', 'BEZANA', 'CANTABRIA', 'ESPAÑOLA', 'PASEO DEL NIÑO 8 3º 13', 39300, 'TORRELAVEGA', 'ESPAÑA', 601750795, 664595557, 'dulcinea198@gmail.com', NULL, 'COLEGIO SAGRADOS CORAZONES', '3º ESO', NULL, 0, NULL),
(NULL, NULL, '72199877W', 'DORINEILE CAMILA', 'MOTA DE LIMA', '1978-01-30', 'BRASIL', 'BRASIL', 'BRASILEÑA', 'C- JULIO RUIZ DE SALAZAR, Nº 50, 4C', 39300, 'TORRELAVEGA', 'BRASIL', NULL, 603321203, 'motacamila1978@gmail.com', NULL, NULL, 'ESO (HOMOLOGADO)', NULL, 0, NULL),
(NULL, NULL, '72201404B', 'LUCIA', 'ARECHAGA LORENZO', '2000-02-16', 'SANTANDER', 'CANTABRIA', 'ESPAÑOLA', 'C- LEONARDO TORRES QUEVEDO', 39300, 'TORRELAVEGA', 'ESPAÑA', NULL, 633929904, 'lcuiaarechagaclase@gmail.com', NULL, 'IES MARQUES DE SANTILLANA', 'BACHILLER', NULL, 0, NULL),
(NULL, NULL, '72202749E', 'HEINZ ANTHONY', 'VON LIPPKE NAVARRETE', '1993-10-24', 'SANTO DOMINGO', 'PICHINCHA', 'ECUATORIANA', 'C-ISAAC PERAL 15 5ºE', 39008, 'SANTANDER', 'ECUADOR', NULL, 627170371, 'heinzvonlippke@outlook.com', NULL, 'IES TORRES QUEVEDO', 'BACHILLER', NULL, 0, NULL),
(NULL, NULL, '72203534W', 'CRISTIAN CAMILO', 'ARIAS VÁSQUEZ', '2001-09-08', 'SANTOÑA', 'CANTABRIA', 'ESPAÑOLA', 'AVDA. CAMILO ALONSO VEGA 48 P3 1ºB', 39005, 'SANTOÑA', 'ESPAÑA', NULL, 610397559, 'cristiancamilo201490@gmail.com', NULL, 'CEINMARK', 'CFGM GESIÓN ADMINISTRATIVA', NULL, 0, NULL),
(NULL, NULL, '72204848M', 'SERGIO', 'TEIJIDO CORMENZANA', '1997-10-14', 'SANTANDER', 'CANTABRIA', 'ESPAÑOLA', 'C-FLORANES 71 2ºF', 39010, 'SANTANDER', 'ESPAÑA', NULL, 633064093, 'sergioteijido812@gmail.com', NULL, 'DECROLY', 'SISTEMAS MICROINFORMATICOS EN RED', NULL, 0, NULL),
(NULL, NULL, '72206501W', 'SARA', 'ALLENDE DEL RIO', '2000-03-22', 'SANTANDER', 'CANTABRIA', 'ESPAÑOLA', 'BARRIO REBOLLAR DE LA ESPILLA 43 11', 39608, 'SANTANDER', 'ESPAÑA', NULL, 601369235, 'saraallende13@gmail.com', NULL, NULL, 'CFGM GESTION ADMINISTRATIVA', NULL, 0, NULL),
(NULL, NULL, '72206659E', 'SERGIO', 'VELASCO VALDOR', '2001-03-12', 'SANTANDER', 'CANTABRIA', 'ESPAÑOLA', 'GENERAL MOSCARDÓ, Nº 2, 6º B', 39009, 'SANTANDER', 'ESPAÑA', 942212695, 608757990, '', NULL, 'DIAGRAMA', '3º ESO', NULL, 0, NULL),
(NULL, NULL, '72207346L', 'ANTONIO JOSÉ', 'HERRAN BELLO', '2001-09-25', 'SANTANDER', 'CANTABRIA', 'ESPAÑOLA', 'GENERAL DÁVILA 201, 4ºB', 39006, 'SANTANDER', 'ESPAÑA', NULL, 608258727, 'antonio.herran.bello@gmail.com', NULL, 'COLECIO SALESIANO \"MARIA AUXILIADORA\"', 'BACHILLERATO (HUMANIDADES Y CIENCIAS SOCIALES)', NULL, 0, NULL),
(NULL, NULL, '72207393C', 'BRYAN', 'SÁNCHEZ AFONSO', '1999-08-03', 'SANTANDER', 'CANTABRIA', 'ESPAÑOLA', 'C-JOSE DE ESCANDON 4, 2º D', 39006, 'SANTANDER', 'ESPAÑA', 942035880, 722515690, 'bryansanchezafonso@gmail.com', NULL, 'IES ALISAL', 'TÉCNICO EN SISTEMAS MICROINFORMÁTICOS Y REDES', NULL, 0, '698505532'),
(NULL, NULL, '72207772P', 'ESTHER', 'CRUZ AGUDO', '1998-07-19', 'SANTANDER', 'CANTABRIA', 'ESPAÑOLA', 'LOS ROBLES 3 2ºC', 39620, 'SARÓN', 'ESPAÑA', 622919842, 693266035, 'cruzagudo98@gmail.com', NULL, 'SANTA VIRGEN DE VALVANUZ', 'TÉCNICO CUIDADOS AUXILIARES ENFERMERÍA', NULL, 0, NULL),
(NULL, NULL, '72207868N', 'ALDRIC OLIVIER', 'BAGUENA GÓMEZ', '2002-12-22', 'BRUSELAS', 'BÉLGICA', 'BELGA', 'C- ALTA 58 P6 A', NULL, 'SANTANDER', 'BELGICA', NULL, 618396490, 'tj.gomez@gmail.com', NULL, NULL, NULL, NULL, 0, NULL),
(NULL, NULL, '72207912X', 'PABLO', 'GARCÍA GONZÁLEZ', '1997-09-26', 'SANTANDER', 'CANTABRIA', 'ESPAÑOLA', 'C- TRES DE NOVIEMBRE 27, 3º IZDA', 39010, 'SANTANDER', 'ESPAÑA', NULL, 690190788, '', NULL, 'CEINMARK', 'CFGM GESTIÓN ADMNISTRATIVA', NULL, 0, NULL),
(NULL, NULL, '72209456J', 'Mª BELÉN', 'FUENTES FERNÁNDEZ', '2000-08-06', 'SANTANDER', 'CANTABRIA', 'ESPAÑOLA', 'C- BELLAVISTA, Nº 48, 2º IZ.', 39012, 'SANTANDER', 'ESPAÑA', NULL, 660194900, 'mbffer@gmail.com', NULL, 'IES LAS LLAMAS', 'BACHILLERATO (CIENCIAS SOCIALES)', NULL, 0, NULL),
(NULL, NULL, '72222690E', 'ALBERT ALEXANDER', 'TOYO ESPINOZA', '1993-01-30', 'VENEZUELA', 'VENEZUELA', 'VENEZOLANA', 'C-CAMILO ALONSO VEGA 12 6ºD', 39007, 'SANTANDER', 'VENEZUELA', NULL, 652136639, 'albes_8893@hotmail.com', NULL, 'VENEZUELA', 'BACHILLER', NULL, 0, NULL),
(NULL, NULL, '72224601R', 'ESTEFANIA', 'PEREZ CORDERO', '2001-07-31', 'TORRELAVEGA', 'CANTABRIA', 'ESPAÑOLA', 'LASAGA LARRETA', 39300, 'TORRELAVEGA', 'ESPAÑA', 942895217, 661511161, 'estefaniaperez137@gmail.com', NULL, 'IES MARQUES DE SANTILLANA', 'BACHILLERATO', NULL, 0, NULL),
(NULL, NULL, '72225191Q', 'RAÚL', 'VELARDE GANSEDO', '1999-11-23', 'SANTANDER', 'CANTABRIA', 'ESPAÑOLA', 'C-JOSÉ MARÍA DE PEREDA 22 4ºD', 39300, 'TORRELAVEGA', 'ESPAÑA', NULL, 635134585, 'velarderaul19@gmail.com', NULL, 'COLEGIO LA PAZ', '2º ESO', NULL, 0, NULL),
(NULL, NULL, '72226636N', 'NICOLÁS', 'GARCÍA SALINAS', '2002-06-07', 'TORRELAVEGA', 'CANTABRIA', 'ESPAÑOLA', 'URBANIZACIÓN MIRASIERRA, Nº 8, 1º A', 39317, 'TORRELAVEGA', 'ESPAÑA', 942180550, 601025684, 'garciasalinas86@gmail.com', NULL, NULL, NULL, NULL, 0, NULL),
(NULL, NULL, '72227889T', 'CRISTIAN GUSTAVO', 'DAZA MAGNE', '1995-04-05', 'SANTA CRUZ DE LA SIERRA', 'BOLIVIA', 'BOLIVIANA', 'C- EL PUENTE Nº 68 PORTAL 6 3º IZDA', 39584, 'CILLORIGO DE LIEBANA', 'BOLIVIA', NULL, 633701698, '', NULL, NULL, NULL, NULL, 0, NULL),
(NULL, NULL, '72229452E', 'MARÍA', 'QUIJANO POLO', '1997-02-09', 'SANTANDER', 'CANTABRIA', 'ESPAÑOLA', 'LAS CUEVAS Nº15-PUERTA 58', 39690, 'LA CONCHA- VILLAESCUSA', 'ESPAÑA', 661424412, 648722040, 'mquijanopolo@gmail.com', NULL, 'IES SANTA CLARA', 'BACHILLER', NULL, 0, NULL),
(NULL, NULL, '72230109N', 'BELÉN', 'SÁEZ GONZÁLEZ', '1999-12-17', 'SANTANDER', 'CANTABRIA', 'ESPAÑOLA', 'C-LOS ABEDULES 9 3D', 39011, 'SANTANDER', 'ESPAÑA', NULL, 660882077, 'belen.saez53@gmail.com', NULL, 'CEINMARK', 'GESTIÓN ADMINISTRATIVA', NULL, 0, NULL),
(NULL, NULL, '72230344V', 'AGUSTÍN', 'PÉREZ GERRÚ', '2002-09-08', 'SANTANDER', 'CANTABRIA', 'ESPAÑOLA', 'C- MÁLAGA, 8, BAJO', 39007, 'SANTANDER', 'ESPAÑA', NULL, 633541575, 'agusito.santander2002@gmail.com', NULL, 'COMPAÑÍA DE MARÍA', '2º ESO', NULL, 0, NULL),
(NULL, NULL, '72231012H', 'JUAN', 'GOMEZ CARDO', '1999-02-28', 'SANTANDER', 'CANTABRUA', 'ESPAÑOLA', 'BARRIO ALTO SAN PANTALEON 215 F', 39618, 'MARINA DE CUDEYO', 'ESPAÑA', NULL, 646326303, '', NULL, 'CENTRO PRIVADO FP MARIA INMACULADA', 'CFGM SIST. MICROINFORMATICOS Y REDES', NULL, 0, NULL),
(NULL, NULL, '72231142X', 'DIEGO', 'GONZÁLEZ BAÑUELOS', '2000-11-13', 'SANTANDER', 'CANTABRIA', 'ESPAÑOLA', 'C- FLORANES, Nº 27, 2º D', 39010, 'SANTANDER', 'ESPAÑA', NULL, 676418764, 'xnero13@gmail,com', NULL, 'CEPA DE SANTANDER', 'ESO', NULL, 0, NULL),
(NULL, NULL, '72231544K', 'MANUEL ANDRÉS', 'MARTÍN MAZORRA', '1995-01-29', 'LEIDEN (PAISES BAJOS)', 'ZUID HOLLAND', 'HOLANDESA', 'CALLE HERNAN CORTES 30 4A', 39003, 'SANTANDER', 'HOLANDA', NULL, 638819536, 'man.ual@hotmail.com', NULL, NULL, 'TECNICO O EQUIVALENTE', NULL, 0, NULL),
(NULL, NULL, '72231578D', 'HUGO', 'PÉREZ HORNERO', '1998-11-26', 'PIÉLAGOS', 'CANTABRIA', 'ESPAÑOLA', 'C-PRADO SAN ROQUE 34 4ºC', 39001, 'SANTANDER', 'ESPAÑA', NULL, 633365815, 'hugoperezhornero@gmail.com', NULL, 'CENTRO Mª INMACULADA', 'TÉCNICO EN SISTEMAS MICROINFORMÁTICOS Y REDES', NULL, 0, NULL),
(NULL, NULL, '72232297S', 'SAMUEL', 'CEBALLOS GONZÁLEZ', '2000-02-07', 'SANTANDER', 'CANTABRIA', 'ESPAÑOLA', 'C- LA ROCA, Nº 6, 3º D', 39001, 'SANTANDER', 'ESPAÑA', NULL, NULL, 'PHAMTOMS12@HOTMAIL.COM', NULL, 'IES JOSE MARÍA PEREDA', '2º ESO', NULL, 0, NULL),
(NULL, NULL, '72232839M', 'PABLO', 'COBO SAIZ', '2000-10-31', 'SANTANDER', 'CANTABRIA', 'ESPAÑOLA', 'CALLE LOS CALDERONES 4A', 39110, 'SANTA CRUZ DE BEZANA', 'ESPAÑA', NULL, 665195846, 'pablocobo61@gmail.com', NULL, 'DECROLY', 'CFGM SIST. MICROINFORMATICOS Y REDES', NULL, 0, NULL),
(NULL, NULL, '72233907S', 'SANTIAGO', 'MIRONES CALLEJO', '2002-10-24', 'SANTANDER', 'CANTABRIA', 'ESPAÑOLA', 'BARRIO SANTA BÁRBARA 307', 39540, 'PUENTE SAN MIGUEL', 'ESPAÑA', 942820866, 686453044, 'santimadrid10@hotmail.com', NULL, 'COLEGIO LA PAZ', '3º ESO', NULL, 0, NULL),
(NULL, NULL, '72258069G', 'YAIZA', 'ARROYO GUTIERREZ', '1997-09-28', 'SANTANDER', 'CANTABRIA', 'ESPAÑOLA', 'C-MALLORCA Nº29-4ºDCHA', 39200, 'REINOSA', 'ESPAÑA', 942216565, 609242283, 'yarrogu@hotmail.com', NULL, 'CENTRO SAN JOSE-NIÑO JESÚS', 'BACHILLER', NULL, 0, NULL),
(NULL, NULL, '72258331J', 'ANTONIO', 'ROBLES JIMÉNEZ', '1996-12-19', 'SANTANDER', 'CANTABRIA', 'ESPAÑOLA', 'C- LA TEJERA, 142', 39478, 'BOO DE PIÉLAGOS', 'ESPAÑA', 942586234, 666970087, 'antoniorobles1389@outlook.es', NULL, 'IES LA MARINA', 'ESO', NULL, 0, NULL),
(NULL, NULL, '72258524E', 'LISANDRA', 'SALAZAR GARCÍA', '1975-07-19', NULL, 'LIMA', 'PERUANA', 'C-SEGOVIA Nº16-3ºDCHA', 39007, 'SANTANDER', 'PERU', NULL, 676696454, 'aleliz024@hotmail.com', NULL, 'PERU', 'HOMOLOGACIÓN BACHILLER', NULL, 0, NULL),
(NULL, NULL, '72259635Y', 'GISELLA ESTEFANI', 'SANTANA BULGARIN', '1992-10-07', 'ECUADOR', 'GUAYAQUIL', 'ECUATORIANA', 'C- LA LIBERTAD 17, 3º I', 39811, 'MOMPÍA', 'ECUADOR', NULL, 648643518, 'gisellasantana92@hotmail.com', NULL, 'CEINMARK', 'CFGM GESTIÓN ADMINISTRATIVA', NULL, 0, NULL),
(NULL, NULL, '72260748S', 'DANIEL', 'RIAÑO CANALEJO', '2003-12-05', 'CAMARGO', 'CANTABRIA', '', 'C-JUAN PALENCIA 4A Nº7', 39600, 'MURIEDAS', 'ESPAÑA', NULL, 628169756, '', NULL, 'IES VALLE DE CAMARGO', NULL, NULL, 0, NULL),
(NULL, NULL, '72260932S', 'JOSE ANTONIO', 'MACHO FERNANDEZ', '2003-03-12', 'SANTANDER', 'CANTABRIA', 'ESPAÑOLA', 'C- GUTIERREZ SOLANA', 39011, 'SANTANDER', 'ESPAÑA', 601042261, 646903390, '', NULL, 'IES AG LINARES', 'FPB BÁSICA INFORMATICA Y COMUNICACIONES', NULL, 0, NULL);
INSERT INTO `alumnos` (`id_escolar`, `expe_centro`, `dni`, `nombre`, `apellidos`, `f_nac`, `loc_nac`, `prov_nac`, `nacionalidad`, `domicilio`, `cp`, `localidad`, `provincia`, `tel_fijo`, `movil`, `email`, `discapacidad`, `centro_ant`, `tit_acceso`, `foto`, `f_proteccion`, `observaciones`) VALUES
(NULL, NULL, '72261287W', 'VÍCTOR', 'CANAL ARROYO', '2003-10-31', 'SANTANDER', 'CANTABRIA', 'ESPAÑOLA', 'C-JUAN JOSÉ PÉREZ DEL MOLINO 12 4ºD', 39006, 'SANTANDER', 'ESPAÑA', NULL, 616732364, 'mapyarroyo10@yahoo.es', NULL, 'COLEGIO TORREVELO', '2º ESO', NULL, 0, NULL),
(NULL, NULL, '72261318X', 'ISABEL', 'TORRE CARBONELL', '1995-08-26', 'SANTANDER', 'CANTABRIA', 'ESPAÑOLA', 'CALLE LABARO 9 2D', 39007, 'SANTANDER', 'ESPAÑA', 942375630, 618457091, 'isabeltc21@gmail.com', NULL, 'SANTA CLARA', 'GRADUADO EN ESO', NULL, 0, NULL),
(NULL, NULL, '72261653T', 'LINA JULIETH', 'FERNÁNDEZ LÓPEZ', '1992-11-19', 'CALI', 'EL VALLE DEL CAUCA', 'COLOMBIANA', 'C- CONCEPCIÓN ARENAL', 39002, 'SANTANDER', 'COLOMBIA', NULL, 660455482, 'linafernandez19@hotmail.com', NULL, 'CEINMARK', 'TCO. ADMINISTRATIVO', NULL, 0, NULL),
(NULL, NULL, '72261917B', 'SILVIA', 'DIEDRICH GARCÍA', '1999-07-13', 'VIGO', 'PONTEVEDRA', 'ESPAÑOLA', 'C- VAZQUEZ DE MELLA Nº 5 3º IZDA', 39007, 'SANTANDER', 'ESPAÑA', NULL, 633053595, 'silviagssp99@gmail.com', NULL, 'IES JOSÉ MARÍA PEREDA', 'BACHILLERATO (HUMANIDADES Y CIENCIAS SOCIALES)', NULL, 0, NULL),
(NULL, NULL, '72262979S', 'PAULA', 'BUSTAMANTE RIOS', '2000-08-25', 'SANTANDER', 'CANTABRIA', 'ESPAÑOLA', 'FRANCISCO TOMAS Y VALIENTE 23', 39011, 'SANTANDER', 'ESPAÑA', 942352084, 649786518, 'colegiopaulabustamenterios@gmail.com', NULL, 'IES PEÑACASTILLO', 'BACHILLER', NULL, 0, NULL),
(NULL, NULL, '72262998B', 'ÁNGELA', 'JIMÉNEZ LARRALDE', '2001-05-18', 'SANTANDER', 'CANTABRIA', 'ESPAÑOLA', 'URB LA ROCA 19', 39110, 'SAN CIBRIÁN', 'ESPAÑA', NULL, 667306004, 'ajimenez.l.2001@gmail.com', NULL, 'COLEGIO SAN JOSÉ', 'ESO', NULL, 0, NULL),
(NULL, NULL, '72265589A', 'FRANCISCO JAVIER', 'CARRILES ALBERDI', '1998-06-21', 'SANTANDER', 'CANTABRIA', 'ESPAÑOLA', 'C- CUATRO CAMINOS 1, 3º O', 39130, 'PEDREÑA', 'ESPAÑA', 627231563, 622550736, 'javixqfriki_98@hotmail.com', NULL, 'TORREANAZ', 'BACHILLERATO - HUMANIDADES Y CIENCIAS SOCIALES', NULL, 0, NULL),
(NULL, NULL, '72266265N', 'MARÍA', 'ANTONIO GARCÍA', '2001-07-22', 'SANTANDER', 'CANTABRIA', 'ESPAÑOLA', 'AVDA. DE LA CONSTITUCIÓN, 6, 5ºB', 39600, 'MALIAÑO', 'ESPAÑA', 942250240, 655837053, 'meerigarcia22@gmail.com', NULL, 'SAGRADA FAMILIA', 'ESO', NULL, 0, NULL),
(NULL, NULL, '72266701B', 'JONNATHAN', 'HERRERA MARTINEZ', '2004-03-15', 'RIBAMONTAN AL MAR', 'CANTABRIA', 'ESPAÑOLA', 'C- PADRE RÁBAGO', 39008, 'SANTANDER', 'ESPAÑA', 622051997, NULL, '', NULL, 'IES AG LINARES', 'FP BASICA INFORMATICA Y COMUNICACIONES', NULL, 0, NULL),
(NULL, NULL, '72267642D', 'MARÍA FERNANDA', 'CARBALLIDO SIERRA', '1991-11-20', 'BUCARAMANGA', 'BUCARAMANGA', 'COLOMBIANA', 'C- ISAAC PERAL, 26, PORTAL 11 6º I', 39008, 'SANTANDERº', 'COLOMBIA', NULL, 618376339, 'mariafernandacs@hotmail.es', NULL, 'CEINMARK', 'CFGM GESTIÓN ADMINISTRATIVA', NULL, 0, NULL),
(NULL, NULL, '72268370R', 'JAVIER', 'SAN MARTIN GOMEZ', '1996-04-18', 'SANTANDER', 'CANTABRIA', 'ESPAÑOLA', 'C- HERNÁN CORTÉS 55, 2º IZDA, ESC B', 39003, 'SANTANDER', 'ESPAÑA', 942216828, 600006479, 'javisanmarting9@gmail.com', NULL, 'LOS ANGELES CUSTODIOS', 'TECNICO EN FARMACIA Y PARAFARMACIA', NULL, 0, NULL),
(NULL, NULL, '72269663Y', 'RENZO FERNANDO J', 'LAURIA MARTINEZ', '2001-10-16', 'MENDOZA', 'MENDOZA', 'ARGENTINA', 'BJDA. SAN JUAN 22 P03 DR', 39012, 'SANTANDER', 'ARGENTINA', NULL, 665021985, '', NULL, 'CENTRO PUENTE', 'ESO', NULL, 0, NULL),
(NULL, NULL, '72270116E', 'KARLA ALEXANDRA', 'RAMÍREZ CUSTALS', '2001-09-26', 'REPÚBLICA DOMINICANA', NULL, 'DOMINICANA', 'C- ALTA, 46 A ESCALERA B 2º A', 39008, 'SANTANDER', 'REPUBLICA DOMINICANA', NULL, 625247397, 'karla__a@hotmail.com', NULL, 'SANTA MARÍA MICAELA', 'ESO', NULL, 0, NULL),
(NULL, NULL, '72270162E', 'PEDRO FRANCISCO', 'GAVELA MARTINEZ', '2001-09-14', 'SANTANDER', 'CANTABRIA', 'ESPAÑOLA', 'C-ALONSO 15, 1º B', 39010, 'SANTANDER', 'ESPAÑA', NULL, 645268680, 'lanadelreyxd27@gmail.com', NULL, 'IES LEORNARDO TORRES QUEVEDO', 'BACHILLERATO (ARTES)', NULL, 0, NULL),
(NULL, NULL, '72270390C', 'ELENA', 'CAMPOS URTIAGA', '1998-02-24', 'NICARAGUA', NULL, 'NICARAGUENSE', 'C- TENIENTE FUENTES PILA, 18, 2º K', 39005, 'SANTANDER', 'NICARAGUA', NULL, 605408200, 'e.caur@hotmail.com', NULL, NULL, 'ESO', NULL, 0, NULL),
(NULL, NULL, '72270745F', 'BRITTANNY', 'ANDRADE GONZÁLEZ', '1999-11-01', 'ECUADOR', NULL, 'ECUATORIANA', 'Bº LA CAGIGA, 10 B, CASA 7', 39478, 'PIÉLAGOS', 'ECUADOR', NULL, 637678368, 'andradegonzalezbrittanny@gmail.com', NULL, 'HERNÁN CORTÉS', 'TÉCNICO EN COMERCIO Y MARKETING', NULL, 0, NULL),
(NULL, NULL, '72272615Z', 'ENRIQUE', 'FLORENCIO GIL', '2001-12-11', 'SANTANDER', 'CANTABRIA', 'ESPAÑOLA', 'BARRIO SUMIGEDO 25', 39197, 'ARGOÑOS', 'ESPAÑA', NULL, 689653121, 'enflogil@gmail.com', NULL, 'IES MARQUES DE MANZANEDO', 'BACHILLER', NULL, 0, NULL),
(NULL, NULL, '72272850L', 'JOSÉ ANTONIO', 'DIEGO VILLANUEVA', '1999-01-08', 'SANTANDER', 'CANTABRIA', 'ESPAÑOLA', 'CALLE GENERAL MOSCARDÓ 5 7D', 39009, 'SANTANDER', 'ESPAÑA', NULL, 623173470, 'jadiegovillanueva@gmail.com', NULL, 'DECROLY', 'CFGM SIST. MICROINFORMATICOS Y REDES', NULL, 0, NULL),
(NULL, NULL, '72275147Q', 'ALEXANDRA', 'CRESPO BRINGAS', '2001-08-14', 'SANTANDER', 'CANTABRIA', 'ESPAÑOLA', 'C- ALTA, 109 A, 3º DRCHA.', 39008, 'SANTANDER', 'ESPAÑA', 942351514, 601423672, 'alexandracrespobringas@gmail.com', NULL, 'IES ALBERTO PICO', '3º ESO', NULL, 0, NULL),
(NULL, NULL, '72275347D', 'ERICKA MARIUXI', 'PALACIOS ALCIVAR', '1988-07-29', 'GUAYAQUIL', 'ECUADOR', 'ECUATORIANA', 'C- LA LUZ', 39008, 'SANTANDER', 'ECUADOR', NULL, 640832157, 'mariuxi29.epa@gmail.com', NULL, NULL, 'TÉCNICA EN CUIDADOS AUXILIARES DE ENFERMERÍA', NULL, 0, NULL),
(NULL, NULL, '72276689V', 'MARIA DEL ROSARI', 'ZELA OYARDO', '1971-11-06', 'MIRAFLORES', 'LIMA (PERU)', 'PERUANA', 'CALLE COLOMBIA 12 4IZ', 39008, 'SANTANDER', 'PERU', NULL, 691156413, 'rosariozela@hotmail.com', NULL, NULL, 'CFGM CUIDADOS AUXILIARES DE ENFERMERIA', NULL, 0, NULL),
(NULL, NULL, '72278181Z', 'NANCY SILVINA', 'VERASTEGUI ISIDRO', '1973-05-23', 'PASCO PERÚ', 'PASCO', 'PERUANA', 'C-LOS INDIANOS 2 4º DCHA', 39010, 'SANTANDER', 'PERU', NULL, 625064175, 'nancynvi1234@gmail.com', NULL, 'IES SANTA CLARA', 'ATENCIÓN A PERSONAS EN SITUACIÓN DE DEPENDENCIA', NULL, 0, NULL),
(NULL, NULL, '72278219Y', 'ERIKA MODESTA', 'COBOS ENCARNACIÓN', '2000-04-06', 'SANTANDER', 'CANTABRIA', 'DOMINICANA', 'MARQUÉS DE LA HERMIDA, 36, 1º, P 13', 39009, 'SANTANDER', 'REPUBLICA DOMINICANA', NULL, 677888665, 'erikacobos35@gmail.com', NULL, 'MIGUEL BRAVO', 'ESO', NULL, 0, NULL),
(NULL, NULL, '72278579K', 'FRANCISCO', 'ZURITA TABORGA', '1998-10-19', 'BOLIVIA', NULL, 'ESPAÑOLA', 'CALLE ALTA, 1, 4º IZ', 39008, 'SANTANDER', 'ESPAÑA', NULL, 637367978, 'fran48zurita84@gmail.com', NULL, 'IES JOSE MARÍA PEREDA', 'BACHILLERATO', NULL, 0, NULL),
(NULL, NULL, '72279229G', 'DESIREE', 'SILVA JIMÉNEZ', '1999-02-18', 'SANTANDER', 'CANTABRIA', 'ESPAÑOLA', 'CUESTA DEL HOSPITAL, Nº 18, 2º', 39008, 'SANTANDER', 'ESPAÑA', NULL, 722511781, '', NULL, 'IES ALISAL', '2º ESO', NULL, 0, NULL),
(NULL, NULL, '72279404H', 'MILADY SHANEL', 'VILLEGAS DAVAS', '1999-05-13', 'BAHIA DE CARAQUEZ', 'MANABI', 'ECUATORIANA', 'C- JOSE BARROS Nº1 -4º B', 39600, 'MALIAÑO', 'ECUADOR', 942762169, 601258130, 'lizzdavas@gmail.com', NULL, 'IES MURIEDAS', 'BACHILLER', NULL, 0, NULL),
(NULL, NULL, '72279491J', 'DAVID', 'SANCHEZ CUESTA', '2002-08-24', 'MOMPIA', 'CANTABRIA', 'ESPAÑOLA', 'C SAN MARTÍN DEL PINO 23-P2-BAJO de', 39011, 'SANTANDER', 'ESPAÑA', 696829010, 676240587, 'rogodamar1@gmail.com', NULL, 'SAN ANTONIO', 'ESO', NULL, 0, NULL),
(NULL, NULL, '72280625C', 'CRISTIAN DAVID', 'JIMÉNEZ ARENAS', '1998-04-09', 'CALI', 'VALLE DEL CAUCA', 'COLOMBIANA', 'C- SANTA LUCIA 8', 39003, 'SANTANDER', 'COLOMBIA', NULL, 651099960, 'cjimenezagad@ceinmark.net', NULL, 'CEINMARK', 'CFGM de FM GESTIÓN ADMINISTRATIVA', NULL, 0, NULL),
(NULL, NULL, '72281993P', 'MAYERLY GENITH', 'BARCIA RODRÍGUEZ', '2002-01-10', 'ECUADOR', NULL, 'ECUATORIANA', 'CAMILO ALONSO VEGA, Nº 20, 1º F', 39007, 'SANTANDER', 'ECUADOR', NULL, 722290387, '', NULL, 'MERCEDARIAS', 'CURSÓ 4º DE LA ESO', NULL, 0, NULL),
(NULL, NULL, '72289600W', 'JAIRO', 'PEREZ MADARZO', '2004-02-18', 'SANTANDER', 'CANTABRIA', 'ESPAÑOLA', 'C-GENERAL DAVILA 91 (CAIF)', 39006, 'SANTANDER', 'ESPAÑA', 942231463, NULL, 'jairomadrazo5@gmail.com', NULL, 'IES BESAYA', 'FPB C0CINA', NULL, 0, NULL),
(NULL, NULL, '72291462R', 'JORAL DANI', 'CÉSPEDES RAMÍREZ', '1999-10-06', 'AZUA', 'AZUA', 'DOMINICANA', 'GENERAL DÁVILA, 278,  5º IZQ.', 39006, 'SANTANDER', 'REPUBLICA DOMINICANA', NULL, 693559738, 'jarolramirez10@gmail.com', NULL, 'ESCUELA DE ADULTOS', 'ESO', NULL, 0, NULL),
(NULL, NULL, '723050648P', 'Adriana', 'Martínez Guillén', '1995-03-07', 'Santander', 'Cantabria', 'ESPAÑOLA', 'C- Jose María de Cossío 11, 2d', 39011, 'SANTANDER', 'ESPAÑA', NULL, 654010688, 'amguillen17@hotmail.es', NULL, 'IES El Alisal', 'Bachiller', NULL, 0, NULL),
(NULL, NULL, '72305774F', 'IVONNE KATHERINE', 'GUILLÉN SEVERINO', '1999-05-17', 'LIMA', NULL, 'PERUANA', 'C- SAN LUIS Nº10-1º DCHA', 39010, 'SANTANDER', 'PERU', NULL, 685401237, 'luuuciags17@gmail.com', NULL, 'IES ALBERTO PICO', 'ESO', NULL, 0, NULL),
(NULL, NULL, '72306199H', 'ALEX', 'JIMÉNEZ JIMÉNEZ', '2003-08-26', 'SANTANDER', 'CANTABRIA', 'ESPAÑOLA', 'C-CARMEN BRAVO VILLASANTE, 8, 4º A', 39011, 'SANTANDER', 'ESPAÑA', NULL, 662495184, '', NULL, 'IES AUGUSTO GONZÁLEZ LINARES', '2º ESO', NULL, 0, NULL),
(NULL, NULL, '72350942A', 'MIGUEL ÁNGEL', 'PRIETO ENRÍQUEZ', '2000-09-28', 'SANTANDER', 'CANTABRIA', 'ESPAÑOLA', 'C- LOS ENCINARES Nº 3 2º D', 39011, 'SANTANDER', 'ESPAÑA', 942054055, 608495623, 'mikelean12@gmail.com', NULL, 'IES AUGUSTO LINARES', 'PRUEBA DE ACCESO A CFGS. OPCIÓN B', NULL, 0, NULL),
(NULL, NULL, '72350951N', 'MARTA', 'ARCE VÍA', '1997-07-09', 'SANTANDER', 'CANTABRIA', 'ESPAÑOLA', 'BARRIO ARENAS Nº17', 39609, 'ESCOBEDO DE CAMARGO', 'ESPAÑA', 942258150, 675941318, 'martaarce9797@gmail.com', NULL, 'IES RIA DEL CARMEN', 'BACHILLER', NULL, 0, NULL),
(NULL, NULL, '72351144K', 'ÁLVARO', 'OREÑA GÓMEZ', '1998-11-17', 'SANTANDER', 'CANTABRIA', 'ESPAÑOLA', 'AVDA. MARQUES DE VALDECILLA 44D', 39110, 'SANTA CRUZ DE BEZANA', 'ESPAÑA', NULL, 689737242, 'alvarore_98@hotmail.com', NULL, 'IES AUGUSTO GONZALEZ DE LINARES', 'PRUEBA DE ACCESO A CFGS', NULL, 0, NULL),
(NULL, NULL, '72351255V', 'PAULA', 'HERRERO OLAVARRI', '1996-09-13', 'SANTANDER', 'CANTABRIA', 'ESPAÑOLA', 'RIA DE SOLÍA, Nº 14, 4º T', 39610, 'EL ASTILLERO', 'ESPAÑA', NULL, 644148046, 'pherrero.olavarri@gmail.com', NULL, 'UNIVERSIDAD DE CANTABRIA', 'GRADO EN ADMINISTRACIÓN Y DIRECCIÓN DE EMPRESAS', NULL, 0, NULL),
(NULL, NULL, '72351271X', 'OLIVER', 'LÓPEZ FERNÁNDEZ', '1999-10-25', 'SANTANDER', 'CANTABRIA', 'ESPAÑOLA', 'C- GERARDO DE ALVEAR, 13 C, 2 D', 39011, 'SANTANDER', 'ESPAÑA', 942034776, 677778887, 'KOMPLOT11@GMAIL.COM', NULL, NULL, NULL, NULL, 0, NULL),
(NULL, NULL, '72351389J', 'RUBÉN', 'GARAÑA RODRIGUEZ', '2000-04-08', 'SANTANDER', 'CANTABRIA', 'ESPAÑOLA', 'CALLE CAMILO ALONSO VEGA 22 1D', 39007, 'SANTANDER', 'ESPAÑA', NULL, 644371163, 'rubengaraña2000@gmail.com', NULL, 'IES JOSE MARIA PEREDA', 'BACHILLERATO', NULL, 0, NULL),
(NULL, NULL, '72351517A', 'SERGIO', 'CEA GOMEZ', '2000-10-12', 'SANTANDER', 'CANTABRIA', 'ESPAÑOLA', 'CALLE LA GLORIA 178B', 39012, 'SANTANDER', 'ESPAÑA', NULL, 692270815, '', NULL, 'DECROLY', 'CICLO GRADO MEDIO SIST. MICROINFORMÁTICOS REDES', NULL, 0, NULL),
(NULL, NULL, '72351650K', 'CRISTINA', 'JIMENEZ GARCIA', '1993-06-04', 'SANTANDER', 'CANTABRIA', 'ESPAÑOLA', 'C- CARDENAL HERRERA ORIA 55 1ºD', 39011, 'SANTANDER', 'ESPAÑA', NULL, 643719368, '', NULL, NULL, NULL, NULL, 0, NULL),
(NULL, NULL, '72352478K', 'OSCAR', 'CELADOR MADRAZO', '2000-05-20', 'SANTANDER', 'CANTABRIA', 'ESPAÑOLA', 'AVDA. LA LIBERTAD 23B 2 P02 DR', 39600, 'MURIEDAS', 'ESPAÑA', NULL, 601409346, 'oscarceladormadrazo@gmail.com', NULL, 'IES MURIEDAS', 'BACHILLER', NULL, 0, NULL),
(NULL, NULL, '72352700J', 'ANDRÉS', 'PADÍN NORIEGA', '2000-08-03', 'SANTANDER', 'CANTABRIA', 'ESPAÑOLA', 'C-PRONILLO 21 P3B', 39012, 'SANTANDER', 'ESPAÑA', NULL, 601353825, '6andresplay@gmail.com', NULL, NULL, 'ESO', NULL, 0, NULL),
(NULL, NULL, '72353847X', 'ALEXANDRA', 'ÁLVAREZ VALLE', '1997-05-05', 'SANTANDER', 'CANTABRIA', 'ESPAÑOLA', 'AVDA. NUEVA MONTAÑA Nº 18, 1º B', 39011, 'SANTANDER', 'ESPAÑA', NULL, 682378536, 'alexandralvarez@gmail.com', NULL, NULL, 'TÉCNICO EN GRADO MEDIO GESTIÓN ADMINISTRATIVA', NULL, 0, NULL),
(NULL, NULL, '72353880C', 'CRISTINA', 'BORJA JIMÉNEZ', '2001-12-24', 'SANTANDER', 'CANTABRIA', 'ESPAÑOLA', 'AVDA. CARDENAL HERRERA ORIA 61P10C', NULL, 'SANTANDER', 'ESPAÑA', NULL, 675465054, 'criisborjajimenez@gmail.com', NULL, NULL, 'ESO', NULL, 0, NULL),
(NULL, NULL, '72353882E', 'JESICA', 'BORJA JIMÉNEZ', '2001-12-24', 'SANTANDER', 'CANTABRIA', 'ESPAÑOLA', 'AVDA CARDENAL HERRERA ORIA 61P10C', NULL, 'SANTANDER', 'ESPAÑA', NULL, 600611214, '', NULL, NULL, 'PRUEBA DE ACCESO A CICLOS FORMATIVOS', NULL, 0, NULL),
(NULL, NULL, '72353883T', 'RAQUEL', 'BORJA JIMÉNEZ', '2001-12-24', 'SANTANDER', 'CANTABRIA', 'ESPAÑOLA', 'AVDA. CARDENAL HERRERA ORIA 61 P10C', 39011, 'SANTANDER', 'ESPAÑA', NULL, 674993352, 'antoniobarrulete@gmail.com', NULL, 'IES CANTABRIA', 'ESO', NULL, 0, NULL),
(NULL, NULL, '72353961D', 'LEIRE', 'TERÁN FLORES', '1994-09-09', 'BILBAO', 'VIZCAYA', 'ESPAÑOLA', 'Bº LA MADRID, Nº 39 B', 39790, 'GAMA', 'ESPAÑA', NULL, 692527990, 'teranflores leyre@gmail.com', NULL, NULL, NULL, NULL, 0, NULL),
(NULL, NULL, '72354043E', 'PABLO', 'ORTA ALONSO', '1999-02-17', 'MOMPÍA', 'CANTABRIA', 'ESPAÑOLA', 'URBANIZACIÓN BEZANA BELLA, Nº 44', 39100, 'BEZANA', 'ESPAÑA', NULL, 601285921, 'info@albergueelportalon.com', NULL, NULL, 'CICLO DE GRADO MEDIO', NULL, 0, NULL),
(NULL, NULL, '72354608N', 'MARTA', 'BARCENA SOTA', '1998-09-02', 'SANTANDER', 'CANTABRIA', 'ESPAÑOLA', 'CALLE LOS CIRUELOS 27 1B', 39011, 'SANTANDER', 'ESPAÑA', NULL, 633743210, 'martabarcenasota@gmail.com', NULL, 'COLEGIO MARIA AUXILIADORA (SANTANDER)', 'BACHILLER', NULL, 0, NULL),
(NULL, NULL, '72355361Y', 'OLGA', 'FERNÁNDEZ ÁLVAREZ', '2001-07-15', 'SANTA CRUZ DE BEZANA', 'CANTABRIA', 'ESPAÑOLA', 'URB EL PARQUE II Nº25', 39100, 'SANTA CRUZ DE BEZANA', 'ESPAÑA', 942585761, 687485493, 'alfylour@yahoo.es', NULL, 'IES CASTROVERDE', '3º ESO', NULL, 0, NULL),
(NULL, NULL, '72356517N', 'ETHAN', 'PÉREZ LEAL', '1998-01-25', 'SANTANDER', 'CANTABRIA', 'ESPAÑOLA', 'ISAAC ALBÉNIZ, 2, 3º A', 39011, 'SANTANDER', 'ESPAÑA', NULL, 651560244, 'ethanperezleal98@gmail.com', NULL, NULL, NULL, NULL, 0, NULL),
(NULL, NULL, '72356799H', 'CRISTIAN ANDERSO', 'CAMPOS RAMOS', '2001-02-07', 'PERÚ', NULL, 'ESPAÑOLA', 'C- CUESTA GARMENDIA, 12, 1º DRCHA.', 39008, 'SANTANDER', 'ESPAÑA', NULL, 685323110, 'cristianj020916@gmail.com', NULL, NULL, NULL, NULL, 0, NULL),
(NULL, NULL, '72357187S', 'ÁNGELA', 'GARCÍA ALONSO', '1998-01-12', 'SANTANDER', 'CANTABRIA', 'ESPAÑOLA', 'Bª LAS ESCUELAS, 71 D, CHALET 11', 39719, 'MARINA DE CUDEYO (SETIÉN)', 'ESPAÑA', NULL, 675731858, 'angelaagarciaalonso@gmail.com', NULL, NULL, 'ESO', NULL, 0, NULL),
(NULL, NULL, '72357302S', 'ADRIAN', 'ITURBE ALVARADO', '1998-08-23', 'SANTANDER', 'CANTABRIA', 'ESPAÑOLA', 'CAMILO ALONSO VEGA 54 5D', 39005, 'SANTANDER', 'ESPAÑA', NULL, 601052886, 'acrozback@gmail.com', NULL, 'CEINMARK', 'GSFP DESARROLLO DE APLICACIONES MULTIPLATAFORMA', NULL, 0, NULL),
(NULL, NULL, '72358863N', 'KEVIN', 'BALAGUER SERRANO', '2000-07-17', 'SANTANDER', 'CANTABRIA', 'ESPAÑOLA', 'BARRIO EL CUADRO 181B Nº12', 39692, 'LIAÑO', 'ESPAÑA', NULL, 606575943, 'kevinbalaguerserrano@gmail.com', NULL, 'IES AUGUSTO GONZÁLEZ LINARES', '2º ESO', NULL, 0, NULL),
(NULL, NULL, '72361466Q', 'SUSANA', 'HERNÁNDEZ BORJA', '2002-07-12', 'SANTANDER', 'CANTABRIA', 'ESPAÑOLA', 'C- CARDENAL HERRERA ORIA', 39011, 'SANTANDER', 'ESPAÑA', NULL, 603040407, 'susanamrzoz@gmail.com', NULL, NULL, NULL, NULL, 0, NULL),
(NULL, NULL, '72364332F', 'LLARIS', 'GONZÁLEZ GRACIA', '2004-12-13', 'SANTANDER', 'CANTABRIA', 'ESPAÑOLA', 'C- LOS MOZOS 28A', 39611, 'GUARNIZO', 'ESPAÑA', 635352416, 662485995, 'anbrella90@gmail.com', NULL, 'LOS REMEDIOS', '2º ESO', NULL, 0, NULL),
(NULL, NULL, '73047470E', 'SUSANA BEATRIZ', 'DELVALLE BELOSO', '1972-12-12', 'ASUNCIÓN', 'ASUNCIÓN', 'PARAGUAYA', 'C- FLORANES, 48 1º C', 39010, 'SANTANDER', 'PARAGUAY', NULL, 642325185, 'susanadelvallebeloso@hotmail.com', NULL, NULL, 'HOMOLOGACIÓN TÍTULO BACHILLER', NULL, 0, NULL),
(NULL, NULL, '76061908B', 'LOIDA', 'GARCÍA ALDAMA', '2000-03-23', 'SANTANDER', 'CANTABRIA', 'ESPAÑA', 'AVDA DE LOS CONDES, 1', 39108, 'SANTA CRUZ DE BEZANA', 'ESPAÑA', NULL, 696362923, 'loigaral00@gmail.com', NULL, 'ACADEMIA DIDÁCTICA', 'GRADO MEDIO ADMINISTRACIÓN Y GESTIÓN', NULL, 0, NULL),
(NULL, NULL, '77099583H', 'EZQUIEL DAVID', 'SANCHEZ ALONSO', '1989-12-12', 'MARACAY', 'ARAGUA', 'VENEZOLANA', 'GENERAL DAVILA 208 9C', 39006, 'SANTANDER', 'VENEZUELA', NULL, 625904895, 'giselamendezcisneros@hotmail.com', NULL, 'VENEZUELA', 'BACHILLER', NULL, 0, NULL),
(NULL, NULL, '95795841J', 'JOSE MANUEL', 'ZAMBRAZO PINZON', '1997-09-10', 'SANTANDER', 'CANTABRIA', 'VENEZOLANA', 'AVENIDA DE VALDECILLA 27', 39011, 'SANTANDER', 'VENEZUELA', NULL, 604182279, 'zjosemanuel2012@gmail.com', NULL, NULL, 'GESTION ADMINISTRATIVA', NULL, 0, NULL),
(NULL, NULL, 'AR426022', 'HERNANDO', 'ARRUNATEGUI ARROYAVE', '1995-05-17', 'COLOMBIA', 'COLOMBIA', 'COLOMBIANA', 'FRANCISCO TOMAS Y VALIENTE 23E 4A', 39011, 'SANTANDER', 'COLOMBIA', NULL, 643416547, 'ARRUNATEGUI1995@GMAIL.COM', NULL, 'COLOMBIA', 'BACHILLERATO', NULL, 0, NULL),
(NULL, NULL, 'AV614640', 'DARWIN ESTIVEN', 'RICO NIÑO', '2001-10-15', 'COLOMBIA', NULL, 'COLOMBIANA', 'C-ISLA DE CUBA, 17, 4º CENTRO', 39008, 'SANTANDER', 'COLOMBIA', 648976228, 643002132, 'darwinrico.77@gmail.com', NULL, NULL, 'FORMACIÓN EN COLOMBIA', NULL, 0, NULL),
(NULL, NULL, 'GA061895', 'GUSTAVO', 'PEDRONI DA FONSECA', '1995-11-07', 'BRASIL', NULL, 'BRASILEÑA', 'C-FERNANDO DE LOS RÍOS, 64, 6º A', 39006, 'SANTANDER', 'BRASIL', NULL, 643921699, '', NULL, NULL, 'BACHILLERATO HOMOLOGADO (PEDIENTE)', NULL, 0, NULL),
(NULL, NULL, 'L325356', 'ESTEBAN EMILIANO', 'PORTILLO OLMEDO', '1995-07-19', 'ASUNCION', 'CENTRAL', 'PARAGUAYA', 'LEALTAD Nº 8 2 IZQUIERDA', 39002, 'SANTANDER', 'PARAGUAY', NULL, 647310845, 'estebanmax19@gmail.com', NULL, 'PARAGUAY', 'BACHILLER HOMOLOGADO', NULL, 0, NULL),
(NULL, NULL, 'V1617708', 'ANGELINA', 'DURÁN JIMÉNEZ', '1976-10-17', 'CORDOBA', 'VERACRUZ', 'MEXICANA', 'CUESTA ATALAYA 1 P02', 39001, 'SANTANDER', 'MEXICO', NULL, 627719355, 'angelydur@hotmail.com', NULL, NULL, 'ESO', NULL, 0, NULL),
(NULL, NULL, 'X2988619E', 'JUANA MARÍA', 'PRECIADOS RODRÍGUEZ', NULL, NULL, NULL, 'ECUATORIANA', NULL, NULL, 'SANTANDER', 'ECUADOR', NULL, 642169314, '', NULL, NULL, 'PENDIENTE DE HOMOLOGACIÓN TÍTULO BACHILLERATO', NULL, 0, NULL),
(NULL, NULL, 'X5144372P', 'LISSET VICTORIA', 'SUÁREZ MORENO', '1990-05-05', 'HOLGUÍN', 'HOLGUÍN', 'CUBANA', 'C- LA LLAMA Nº9-2ºF', 39300, 'TORRELAVEGA', 'CUBA', NULL, 695029791, 'liss.smj25@gmail.com', NULL, 'MARQUES DE SANTILLANA', 'ESO', NULL, 0, NULL),
(NULL, NULL, 'X5478329M', 'ALIONA', NULL, '1979-09-05', 'MONDAVIA', NULL, 'MOLDAVA', 'C- HERMANOS GÓMEZ PEREDO, 17 A', 39600, 'MURIEDAS (CAMARGO)', 'MOLDAVIA', NULL, 664722204, 'alionaciaica@hotmail.com', NULL, NULL, 'ESO', NULL, 0, NULL),
(NULL, NULL, 'X5786345M', 'PETRONA', 'INSAURRALDE MOREL', '1975-06-29', 'CRUCE BELLAVISTA', 'PARAGUAY', 'PARAGUAYA', 'ISLA DE CUBA', 39008, 'SANTANDER', 'PARAGUAY', NULL, 603434505, '', NULL, NULL, NULL, NULL, 0, NULL),
(NULL, NULL, 'X606171S', 'ANETTE DAPHNE', 'CRUZ MONDRAGON', '2001-01-13', 'LIMA', 'PERÚ', 'PERUANA', 'AVDA. CAMILO ALONSO VEGA 20 P4 F', NULL, 'SANTANDER', 'PERU', NULL, 640139150, 'anetdel01@gmail.com', NULL, NULL, 'ESO', NULL, 0, NULL),
(NULL, NULL, 'X6156742X', 'SANDRA', 'CORTÉS LUNA', '1988-05-24', 'COLOMBIA', 'COLOMBIA', 'COLOMBIANA', 'C-LUCIANO MALUMBRES 3C PISO 3B', 39011, 'SANTANDER', 'COLOMBIA', NULL, 622172133, 'sandracortes2405@gmail.com', NULL, 'IES AUGUSTO LINARES', 'TÉCNICO EN CUIDADOS AUXILIARES DE ENFERMERÍA', NULL, 0, NULL),
(NULL, NULL, 'X6215395J', 'ALINA', NULL, '1997-08-26', 'HINCESTI', 'HINCESTI', 'MOLDAVA', 'URBANIZACIÓN PORTOBELO N3 BAJO A', 39110, 'SOTO DE LA MARINA', 'MOLDAVIA', NULL, 611025272, 'alinafloreanu4@gmail.com', NULL, 'HERNAN CORTES', 'ADMINISTRACION Y FINANZAS', NULL, 0, NULL),
(NULL, NULL, 'X7196542A', 'JEAN PIERRE', 'GUILLEN SEVERINO', '1997-11-17', 'PERÚ', 'LIMA', 'PERUANA', 'C- CASTILLA 59-A 1º C', 39009, 'SANTANDER', 'PERU', NULL, 657286399, 'cascatelive282@gmail.com', NULL, NULL, NULL, NULL, 0, NULL),
(NULL, NULL, 'X7428203P', 'ANASS', NULL, '2001-07-03', 'LARACHE', NULL, 'MARROQUÍ', 'JUAN JOSÉ PÉREZ DEL MOLINO', 39006, 'SANTANDER', 'MARRUECOS', NULL, 605767775, 'anassyahyaoui01@gamail.com', NULL, 'IES SANTA CLARA', '3º ESO', NULL, 0, NULL),
(NULL, NULL, 'X7866064H', 'RAINGEL', NULL, '2002-11-17', 'SAN JUAN DE LA MAGUANA', 'SAN JUAN', 'DOMINICANA', 'CALLE CAMPOGIRO 10, 3º', 39011, 'santander', 'REPUBLICA DOMINICANA', 664706717, 651742106, 'ANGELA.DRS79@GMAIL.COM', NULL, 'SANTA MARIA MICAELA', '3º ESO', NULL, 0, NULL),
(NULL, NULL, 'X7876807C', 'AGUSTINA', 'PISANI MORA', '1999-01-15', 'BUENOS AIRES', 'ARGENTINA', 'ARGENTINA', 'C- LA AVENIDA 7, 2º D', 39500, 'CABEZÓN DE LA SAL', 'ARGENTINA', NULL, 622183663, 'aguspm234@gmail.com', NULL, 'IES VALLE DEL SAJA', 'BACHILLERATO (CIENCIAS)', NULL, 0, NULL),
(NULL, NULL, 'X8350363Y', 'PETER ANDREW', 'HERNÁNDEZ CUAMO', '2003-12-28', 'NUEVA ESPARTA', 'NUEVA ESPARTA', 'VENEZOLANA', 'LLOSA CAMPO 31 2ºG', 39470, 'RENEDO DE PIÉLAGOS', 'VENEZUELA', NULL, 603494882, 'elisabethcuamo@hotmail.com', NULL, 'COLEGIO TORREANAZ', '2º ESO', NULL, 0, NULL),
(NULL, NULL, 'X8393838B', 'IONELA', NULL, '1981-01-25', 'RUMANÍA', 'RUMANÍA', 'RUMANA', 'C- RUIZ DE ALDA, 11, 4º K', 39009, 'SANTANDER', 'RUMANIA', NULL, 642898190, 'yo_elapop@hotmail.com', NULL, 'RUMANÍA', 'HOMOLOGACIÓN DE BACHILLER', NULL, 0, NULL),
(NULL, NULL, 'X9160582G', 'RENZO RAÚL', 'CAMAYO VARGAS', '1994-09-29', 'LIMA', 'LIMA', 'PERUANA', 'C- PRONILLO, 2, BLOQ. 4, BAJO C', 39012, 'SANTANDER', 'PERU', 942096827, 658752724, 'renzo_tk_5@hotmail.com', NULL, 'ÁNGELES CUSTODIOS', 'TEC. AUXILIAR DE ENFERMERÍA', NULL, 0, NULL),
(NULL, NULL, 'X9319359N', 'CRISTINA JOSEPH', 'ALOMÍA MEDINA', '1996-11-25', 'MOQUEGUA', 'PERU', 'PERUANA', 'C- FRANCISCO RIVERO GIL 1 P3 C', NULL, 'SANTANDER', 'PERU', NULL, 649857153, 'cealomia@gmail.com', NULL, NULL, 'ESO', NULL, 0, NULL),
(NULL, NULL, 'Y0409366A', 'JORDAN', 'VIEGAS SILVA', '1995-01-07', 'BRASIL', 'BRASIL', 'BRASILEÑA', 'C- ALDAY Nº 17 1º B', 39600, 'MALIAÑO (CAMARGO)', 'BRASIL', NULL, 661175402, 'jordanviegassilva@gmail.com', NULL, 'IES TRINIDAD ARROYO (PALENCIA)', 'ESO', NULL, 0, NULL),
(NULL, NULL, 'Y1192487C', 'OTMAN', NULL, '1981-07-01', 'TETUÁN', 'TETUÁN', 'MARROQUÍ', 'C-JOSÉ MARÍA DE COSSÍO', 39011, 'SANTANDER', 'MARRUECOS', NULL, 674534775, 'ssoulaimaniotman@gmail.com', NULL, NULL, 'BACHILLER', NULL, 0, NULL),
(NULL, NULL, 'Y1424018X', 'CATHERINE LILIAN', 'QUIROZ MENDIVEL', '1993-03-31', 'CHIMBOTE', 'ASCASH', 'PERUANA', 'C- CAJO 1 PORTAL 17 1 DCHA', 39011, 'SANTANDER', 'PERU', NULL, 653792939, 'lunna_36@hotmail.com', NULL, NULL, 'BACHILLER ARTES (HOMOLOGADO)', NULL, 0, NULL),
(NULL, NULL, 'Y1424470W', 'SUSANA ESTEFANÍA', NULL, '1991-06-19', 'SAN PEDRO SULA', NULL, 'HONDUREÑA', 'PROFESOR JIMÉNEZ DÍAZ, 7, 2º IZ.', 39007, 'SANTANDER', 'HONDURAS', NULL, 674222096, 'fanniguichu@gmail.com', NULL, 'LA SALLE', '3º ESO', NULL, 0, NULL),
(NULL, NULL, 'Y1968751B', 'FRANCOIS CLAUDE', 'YETNA TAM', '1982-03-18', 'DUALA', NULL, 'CAMERUNENSE', 'AVDA. MENDENDEZ PELAYO 10 5º E2', 39600, 'MALIAÑO', 'CAMERUN', NULL, 673746116, '', NULL, NULL, NULL, NULL, 0, NULL),
(NULL, NULL, 'Y2281731F', 'MARIUZ', NULL, '2002-04-21', 'RUMANIA', NULL, 'RUMANA', 'C- SAN CELEDONIO, 4, 1º IZ. BAJO', 39001, 'SANTANDER', 'RUMANIA', NULL, 642508078, '', NULL, 'COLEGIO SAN JOSÉ', '3º ESO', NULL, 0, NULL),
(NULL, NULL, 'Y2339514Z', 'MORONI DAVID', 'COLLAZOS FIESTAS', '1995-09-14', 'PERU', 'PERU', 'PERUANA', 'CALLE LA GLORIA 94 BAJO A', 39012, 'SANTANDER', 'PERU', NULL, 602332354, 'moronicf@gmail.com', NULL, 'PERU', 'BACHILLER', NULL, 0, NULL),
(NULL, NULL, 'Y3353397X', 'CATALIN', NULL, '2001-03-12', 'HINCESTI', 'MOLDAVIA', 'MOLDAVA', 'C- VICENTE ALEIXANDRE, 10, P 4, 8', 39012, 'SANTANDER', 'MOLDAVIA', 942377846, 669985731, '', NULL, 'COLEGIO MERCEDARIAS', '3º ESO', NULL, 0, NULL),
(NULL, NULL, 'Y3603020S', 'POUTER', NULL, '1999-02-02', 'CAMERUN', 'CAMERUN', 'CAMERUNENSE', 'C- MASQUES DE LA HERMINDA Nº 2', NULL, 'SANTANDER', 'CAMERUN', NULL, 632558666, '', NULL, NULL, NULL, NULL, 0, NULL),
(NULL, NULL, 'Y3648359K', 'ANAMARIA FLORINA', NULL, '1988-12-17', 'BUCAREST', 'BUCAREST', 'RUMANA', 'C-VARGAS 51 7ºD', 39010, 'SANTANDER', 'RUMANIA', NULL, 654886579, 'anamariacafelute2@gmail.com', NULL, NULL, 'HOMOLOGACIÓN DE BACHILLER', NULL, 0, NULL),
(NULL, NULL, 'Y4040881W', 'CHERIFA', NULL, '1986-04-12', 'ARGELIA', 'MOSTAGANEM', 'ARGELINA', 'BARRIO CAJO 15D P01 DR', NULL, 'SANTANDER', 'ARGELIA', NULL, 631154060, 'cherifa.1saddok@gmail.com', NULL, NULL, 'CERTIFICADO EXTRANJERO EUIVALENTE A GRADO O MASTER', NULL, 0, NULL),
(NULL, NULL, 'Y4210253W', 'RUTH MERY', 'AMARO GUTIÉRREZ', '2002-12-04', 'VENEZUELA', NULL, 'VENEZOLANA', 'BARRIO EL FERIAL, 136 A, P1, BAJO A', 39719, 'OREJO', 'VENEZUELA', 942522300, 663221353, 'ruthmerys04@gmail.com', NULL, 'IES LA GRANJA DE HERAS', '2º ESO', NULL, 0, NULL),
(NULL, NULL, 'Y4447731M', 'RICHARD', 'SORIA FLORES', '1995-06-16', 'IQUITOS', 'LORETO', 'PERUANA', 'CAMPOGIRO N 22 PUERTA 16', 39011, 'SANTANDER', 'PERU', NULL, 698815649, 'richuards@gmail.com', NULL, 'CURSADO EN PERÚ', 'BACHILLER', NULL, 0, NULL),
(NULL, NULL, 'Y4454886F', 'FABRIZZIO SANT.', 'BIANCOTTI SOTO', '1999-11-17', 'ASUNCION', 'PARAGUAY', 'PARAGUAYA', 'C-POETA MIGUEL HERNANDEZ, 6, 6B', 39610, 'EL ASTILLERO', 'PARAGUAY', NULL, 671308488, 'fabribianc1117@gmail.com', NULL, 'IES EL ASTILLERO', 'BACHILLERATO', NULL, 0, NULL),
(NULL, NULL, 'Y4548708N', 'FLAVIELE CRISTIN', 'OLIVEIRA DO ROSARIO', '2002-08-02', 'BRASIL', NULL, 'BRASILEÑA', 'AVDA. DE OVIEDO, Nº 9, 2º C', 39710, 'SOLARES', 'BRASIL', NULL, NULL, '', NULL, 'TORREANAZ', '2ºESO', NULL, 0, NULL),
(NULL, NULL, 'Y4574924P', 'PAULA ANDREA', 'ÁVILA NOVOA', '1997-04-22', 'BOGOTÁ', 'Cundinamarca', 'COLOMBIANA', 'C-LEONARDO TORRES QUEVEDO 15 3B', 39011, 'SANTANDER', 'COLOMBIA', 625788131, 663640547, 'paula.avila2297@gmail.com', NULL, 'COLOMBIA', 'BACHILLER', NULL, 0, NULL),
(NULL, NULL, 'Y4697772J', 'JENNYFER', 'JARAMILLO SANCHEZ', '1984-05-01', 'MEDELLIN', 'ANTIOQUIA', 'COLOMBIANA', 'C- EDUARDO OBREGON BARREDA 8, 2ºB', 39012, 'SANTANDER', 'COLOMBIA', NULL, 648294334, 'jennyjorsa0679@gmail.com', NULL, NULL, 'SOLICITUD DE HOMOLOGACIÓN', NULL, 0, NULL),
(NULL, NULL, 'Y4917346Y', 'MÓNICA SAYDA', 'SANTISTEBAN DOMINGUEZ', '1985-08-09', 'LIMA', 'LIMA', 'PERUANA', 'C- MONTEJURRA 16 P84', 39010, 'SANTANDER', 'PERU', NULL, 689022015, 'mssantisteban@gmail.com', NULL, NULL, 'ESO HOMOLOGADO', NULL, 0, NULL),
(NULL, NULL, 'Y4984385T', 'ORENCIA GINNETH', 'RODRIGUEZ SOLÓRZANO', '1996-10-28', 'ESMERALDAS', 'ESMERALDAS', 'ECUATORIANA', 'Pº GENERAL DÁVILA 121, 2B', 39007, 'SANTANDER', 'ECUADOR', NULL, 680320745, 'ginethsolorzano@gmail.com', NULL, NULL, 'BACHILLER HOMOLOGADO', NULL, 0, NULL),
(NULL, NULL, 'Y5032904N', 'CHRISTOPHER', 'QUIROZ MENDIVEL', '1989-04-01', 'CHIMBOTE', 'PERU', 'ESPAÑOLA', 'C- CAJO Nº 1 1º DCHA', 39011, 'SANTANDER', 'ESPAÑA', NULL, 692553265, 'cquirozmendivel@gmail.com', NULL, NULL, 'HOMOLOGACIÓN TÍTULO ESO', NULL, 0, NULL),
(NULL, NULL, 'Y5104162Q', 'VERENA', 'MERELES GONZÁLEZ', '1998-09-25', 'ASUNCION', 'ASUNCION', 'PARAGUAYA', 'C- DEL MONTE, 51, 1º DHCHA.', 39006, 'SANTANDER', 'PARAGUAY', NULL, 627361188, 'vg.mereles@gmail.com', NULL, 'IES CANTABRIA', 'TÉCNICO DE LABORATORIO', NULL, 0, NULL),
(NULL, NULL, 'Y5223508S', 'ADAMA', NULL, '1992-05-01', 'BAMAKO', NULL, 'MALIENSE', 'C- LA GLORIA, 50 3º C', 39012, 'SANTANDER', 'MALI', NULL, 674406190, 'foreverdamson01@gmail.com', NULL, 'MALI', 'HOMOLOGACIÓN DE BACHILLER', NULL, 0, NULL),
(NULL, NULL, 'Y5227485J', 'MAMADOU', NULL, '1992-02-23', NULL, 'BAMAKO', 'MALIENSE', 'C- LAREDO Nº12-4ºDCH', 39001, 'SANTANDER', 'MALI', NULL, 631104604, 'traorebaba842@gmail.com', NULL, NULL, 'HOMOLOGACIÓN BACHILLER', NULL, 0, NULL),
(NULL, NULL, 'Y5662488V', 'OLGA', NULL, '1989-07-14', 'REPÚBLICA DE MOLDAVIA', NULL, 'RUMANA', 'Bº LA RAÑADA, Nº 10 F, 1º A', 39716, 'ENTRAMBASAGUAS', 'RUMANIA', NULL, 642852664, 'olgazamosteanu1@gmail.com', NULL, NULL, 'BACHILLERATO PENDIENTE DE HOMOLOGACIÓN', NULL, 0, NULL),
(NULL, NULL, 'Y6626924V', 'JOSÉ LEONEL', 'CÓRDOVA VALDIVIA', '1997-03-14', 'CAJAMARCA (PERÚ)', NULL, 'PERUANA', 'AVDA. VICENTE TRUEBA, Nº 4, 1º C', 39011, 'SANTANDER', 'PERU', NULL, 660534236, 'leonneld10@outlook.es', NULL, NULL, 'BACHILLERATO (PENDIENTE HOMOLOGACIÓN) VOLANTE PROV', NULL, 0, NULL),
(NULL, NULL, 'Y66779538F', 'EZQUIEL DAVID', 'SANCHEZ ALONSO', '1989-12-12', 'MARACAY', 'ARAGUA', 'VENEZOLANA', 'GENERAL DAVILA 208 9C', 39006, 'SANTANDER', 'VENEZUELA', NULL, 633894828, 'esanchezalonso@ceinmark.net', NULL, 'VENEZUELA', 'BACHILLER', NULL, 0, NULL),
(NULL, NULL, 'Y6772672Z', 'ÁLVARO MAURICIO', 'CASTRO BONILLA', '2000-11-21', 'SAN SALVADOR', 'EL SALVADOR', 'SALVADOREÑA', 'BAJADA RUMAYOR, 20 F, PL. BAJA P. D', 39006, 'SANTANDER', 'EL SALVADOR', NULL, 643754640, 'alvarito.castro13@gmail.com', NULL, NULL, 'PENDIENTE DE HOMOLOGACIÓN ESO', NULL, 0, NULL),
(NULL, NULL, 'Y6900032T', 'ANNA', NULL, '2001-03-03', 'PYATIGORSK', 'REGIÓN DE STAVROPOL', 'RUSA', 'C- ALTA 46 A P2 PISO 2 C', 39008, 'SANTANDER', 'RUSIA', NULL, 651437683, 'annpak35@gmail.com', NULL, NULL, 'BACHILLER HOMOLOGADO', NULL, 0, NULL),
(NULL, NULL, 'Y7217939R', 'JESSICA DANDARA', 'SILVA DE LIMA', '2001-11-06', 'BRASIL', NULL, 'BRASILEÑA', 'Bº CAMPORROBLE, 66', 39010, 'SANTIBAÑEZ (VILLACARRIEDO)', 'BRASIL', NULL, NULL, '', NULL, NULL, 'ESO HOMOLOGADA', NULL, 0, NULL),
(NULL, NULL, 'Y7598539C', 'HERNANDO', 'ARRUNATEGUI ARROYAVE', '1995-05-17', 'COLOMBIA', 'COLOMBIA', 'COLOMBIANA', 'FRANCISCO TOMAS Y VALIENTE 23E 4A', 39011, 'SANTANDER', 'COLOMBIA', NULL, 643416547, 'ARRUNATEGUI1995@GMAIL.COM', NULL, 'COLOMBIA', 'BACHILLERATO', NULL, 0, NULL);

-- --------------------------------------------------------

--
-- Estructura de tabla para la tabla `alumnos_1`
--

CREATE TABLE `alumnos_1` (
  `id_escolar` varchar(255) COLLATE utf8_spanish2_ci DEFAULT 'NULL',
  `expe_centro` varchar(255) COLLATE utf8_spanish2_ci DEFAULT 'NULL',
  `DNI` varchar(255) COLLATE utf8_spanish2_ci DEFAULT 'NULL',
  `Nombre` varchar(255) COLLATE utf8_spanish2_ci DEFAULT 'NULL',
  `Apellidos` varchar(255) COLLATE utf8_spanish2_ci DEFAULT 'NULL',
  `f_nac` date DEFAULT NULL,
  `loc_nac` varchar(255) COLLATE utf8_spanish2_ci DEFAULT 'NULL',
  `prov_nac` varchar(255) COLLATE utf8_spanish2_ci DEFAULT 'NULL',
  `Nacionalidad` varchar(255) COLLATE utf8_spanish2_ci DEFAULT 'NULL',
  `Domicilio` varchar(255) COLLATE utf8_spanish2_ci DEFAULT 'NULL',
  `cp` varchar(255) COLLATE utf8_spanish2_ci DEFAULT 'NULL',
  `localidad` varchar(255) COLLATE utf8_spanish2_ci DEFAULT 'NULL',
  `provincia` varchar(255) COLLATE utf8_spanish2_ci DEFAULT 'NULL',
  `tel_fijo` varchar(255) COLLATE utf8_spanish2_ci DEFAULT 'NULL',
  `Movil` varchar(255) COLLATE utf8_spanish2_ci DEFAULT 'NULL',
  `email` varchar(255) COLLATE utf8_spanish2_ci DEFAULT 'NULL',
  `discapacidad` varchar(255) COLLATE utf8_spanish2_ci DEFAULT 'NULL',
  `centro_ant` varchar(255) COLLATE utf8_spanish2_ci DEFAULT 'NULL',
  `tit_acceso` varchar(255) COLLATE utf8_spanish2_ci DEFAULT 'NULL',
  `foto` varchar(255) COLLATE utf8_spanish2_ci DEFAULT 'NULL',
  `Observaciones` varchar(255) COLLATE utf8_spanish2_ci DEFAULT 'NULL'
) ENGINE=InnoDB AVG_ROW_LENGTH=334 DEFAULT CHARSET=utf8 COLLATE=utf8_spanish2_ci ROW_FORMAT=DYNAMIC;

--
-- Volcado de datos para la tabla `alumnos_1`
--

INSERT INTO `alumnos_1` (`id_escolar`, `expe_centro`, `DNI`, `Nombre`, `Apellidos`, `f_nac`, `loc_nac`, `prov_nac`, `Nacionalidad`, `Domicilio`, `cp`, `localidad`, `provincia`, `tel_fijo`, `Movil`, `email`, `discapacidad`, `centro_ant`, `tit_acceso`, `foto`, `Observaciones`) VALUES
(NULL, NULL, '72089654H', 'MIGUEL', 'FERNANDEZ ALGORRI', '1990-12-13', 'SANTANDER', 'CANTABRIA', 'ESPAÑOLA', 'CALLE SAN LUIS 6, 1º DERECHA', '39010', 'SANTANDER', 'ESPAÑA', NULL, '696806231', 'MIGUELFDEZALGORRI@MAIL.COM', NULL, 'AUGUSTO LINARES', 'FPGS DISEÑO APLICACIONES WEB', NULL, NULL),
(NULL, NULL, '77099583H', 'EZQUIEL DAVID', 'SANCHEZ ALONSO', '1989-12-12', 'MARACAY', 'ARAGUA', 'VENEZOLANA', 'GENERAL DAVILA 208 9C', '39006', 'SANTANDER', 'VENEZUELA', NULL, '625904895', 'giselamendezcisneros@hotmail.com', NULL, 'VENEZUELA', 'BACHILLER', NULL, NULL),
(NULL, NULL, '95795841J', 'JOSE MANUEL', 'ZAMBRAZO PINZON', '1997-09-10', 'SANTANDER', 'CANTABRIA', 'VENEZOLANA', 'AVENIDA DE VALDECILLA 27', '39011', 'SANTANDER', 'VENEZUELA', NULL, '604182279', 'zjosemanuel2012@gmail.com', NULL, NULL, 'GESTION ADMINISTRATIVA', NULL, NULL),
(NULL, NULL, '10087612L', 'ANA BELEN', 'YGON ABELLA', '1973-05-20', 'FONTORIA DEL BIERZO', 'CANTABRIA', 'ESPAÑOLA', 'C- LUIS QUINTANILLA ISASI 66 1º E', '39011', 'SANTANDER', 'ESPAÑA', NULL, '626816199', NULL, NULL, NULL, 'CFGM DE FP GESTIÓN ADMINISTRATIVA', NULL, NULL),
(NULL, NULL, '1166243836', 'MAURO RODRIGO', 'PALMA CARO', '2000-10-15', 'LIMA', 'PERÚ', 'PERUANA', 'AVDA,NUEVA MONTAÑA, 12, 2º A', '39011', 'SANTANDER', 'PERU', NULL, '600655096', 'maurorodrigopc@hotmail.com', NULL, 'PERU', 'PENDIENTE HOMOLOGACIÓN BACHILLERATO', NULL, NULL),
(NULL, NULL, '12418964E', 'EDUARDO', 'ARGUESO SANCHEZ', '1991-04-23', 'VALLADOLID', 'VALLADOLID', 'ESPAÑOLA', 'C- MIES DE PALACIO 302', '39300', 'TORRELAVEGA', 'ESPAÑA', NULL, '646826770', 'eduardo.a.s@hotmail.es', NULL, 'IES ANTONIO TOVAR', 'ESO', NULL, NULL),
(NULL, NULL, '12782657Q', 'MARCO', 'CARULLA RUIZ', '2000-12-05', 'SANTANDER', 'CANTABRIA', 'ESPAÑOLA', 'C-VALDENOJA Nº14-3ºC', '39012', 'SANTANDER', 'ESPAÑA', '617955608', '697603363', 'marcocarullaruiz12@hotmail.com', NULL, NULL, NULL, NULL, NULL),
(NULL, NULL, '13757455M', 'INMACULADA', 'SANTAMARÍA FLEITAS', '1966-09-25', 'GIJÓN', 'ASTURIAS', 'ESPAÑOLA', 'C- MIES DEL VALLE 5, 7º I', '39010', 'SANTANDER', 'ESPAÑA', NULL, '607852211', 'insafle455@hotmail.com', NULL, 'UNED', 'LICENCIADA EN PSICOLOGÍA', NULL, NULL),
(NULL, NULL, '13771937C', 'GERMÁN', 'BAYON SANZ', '1967-05-26', 'SANTANDER', 'CANTABRIA', 'ESPAÑOLA', 'Bº EL JURRIO, 23 C, PORTAL 2 BAJO I', '39612', 'PARBAYÓN', 'ESPAÑA', NULL, '647689913', 'germanbs@outlook.com', NULL, 'UNIVERSIDAD DE CANTABRIA', 'LICENCIADO EN CIENCIAS ECONOMICAS Y EMPRESARIALES', NULL, NULL),
(NULL, NULL, '13775963K', 'MARIA JESÚS', 'TRUEBA BLANCO', '1968-09-17', 'SANTANDER', 'CANTABRIA', 'ESPAÑOLA', 'RAMON RAMIREZ, 2 3ºC', '39100', 'BEZANA', 'ESPAÑA', NULL, '676237168', NULL, NULL, 'IES LA ALBERICIA', 'BACHILLERATO', NULL, NULL),
(NULL, NULL, '13776984F', 'JOSÉ ANTONIO', 'JIMÉNEZ JIMÉNEZ', '1966-04-14', 'VIGO', 'PONTEVEDRA', 'ESPAÑOLA', 'FRANCISO ITURRINO 28 2ºIZDA', '39011', 'SANTANDER', 'ESPAÑA', NULL, '639711030', NULL, NULL, NULL, NULL, NULL, NULL),
(NULL, NULL, '13780879S', 'CARIDAD MATILDE', 'LAVÍN MONET', '1969-09-01', 'SANTANDER', 'CANTABRIA', 'ESPAÑOLA', 'C- TRASNOVAL, S-N', '39722', 'LIÉRGANES', 'ESPAÑA', NULL, '626012031', 'lavinmat@gmail.com', NULL, 'UNIVERSIDAD DE VALLADOLID', 'LDA. CIENCIAS ECONÓMICAS Y EMPRESARIALES', NULL, NULL),
(NULL, NULL, '13794392G', 'MATILDE', 'BUENA SANCHEZ', '1970-03-14', 'SANTANDER', 'CANTABRIA', 'ESPAÑOLA', 'C- TRES DE NOVIEMBRE 1D- ESC B-2ºA', '39008', 'SANTANDER', 'ESPAÑA', NULL, '633729509', 'matibusan@gmail.com.', NULL, 'IES TORRES QUEVEDO', 'BACHILLER', NULL, NULL),
(NULL, NULL, '13919165W', 'ESMERALDA', 'MARTÍN VELARDE', '1965-08-03', 'TORRELAVEGA', 'CANTABRIA', 'ESPAÑOLA', 'BARRIO SEVILLA Nº 60', '39409', 'SAN FELICES DE BUELNA', 'ESPAÑA', NULL, '601433461', 'martin.esmeralda@gmail.com', NULL, NULL, 'F.P. SEGUNDO GRADO RAMA ADMINISTRATIVA Y COMERCIAL', NULL, NULL),
(NULL, NULL, '13931007E', 'MARÍA DEL PILAR', 'MARTINEZ VELARDE', '1970-05-23', 'FRANKFURT', 'ALEMANIA', 'ALEMANA', 'BARRIO RADILLO Nº 119 A', '39315', 'VIERNOLES', 'ALEMANIA', NULL, '677029213', 'pilarmartinezvelarde@hotmail.com', NULL, 'IES FORAMONTANOS', 'TÉCNICA SUPERIOR EN ADMINISTRACIÓN Y FINANZAS', NULL, NULL),
(NULL, NULL, '13941964P', 'CONSTANTINO', 'MARTINEZ PALACIOS', '1974-04-12', 'TORRELAVEGA', 'CANTABRIA', 'ESPAÑOLA', 'BARRIO EL PONTON 177A 10', NULL, 'PONTEJOS. MARINA DE CUDEYO', 'ESPAÑA', NULL, '649446073', NULL, NULL, NULL, 'DIPLOMADO EN CIENCIAS EMPRESARIALES', NULL, NULL),
(NULL, NULL, '20190667W', 'OSCAR', 'VALDES GARAY', '1972-05-02', 'SANTANDER', 'CANTABRIA', 'ESPAÑOLA', 'CALLE CAMILO ALONSO VEGA 25 1DCHA', '39007', 'SANTANDER', 'ESPAÑA', NULL, '625595541', 'o.v.g.1972@hotmail.com', NULL, NULL, 'PRUEBA DE ACCESO MAYORES DE 25 AÑOS', NULL, NULL),
(NULL, NULL, '20193571P', 'ANA ISABEL', 'GARCÍA GARCÍA', '1973-01-09', 'SANTANDER', 'CANTABRIA', 'ESPAÑOLA', 'BAJADA DE SAN JUAN 20 4ºC', '39005', 'SANTANDER', 'ESPAÑA', NULL, '687837588', 'anagargar@yahoo.es', NULL, 'COLEGIO SAN JOSE', 'BACHILLER', NULL, NULL),
(NULL, NULL, '20196563X', 'MARIA ISABEL', 'LAVÍN FERNÁNDEZ', '1967-02-15', 'SAN ROQUE DE RIOMIERA', 'CANTABRIA', 'ESPAÑOLA', 'C-MONTE 22 1DCHA', '39006', 'SANTANDER', 'ESPAÑA', '684324772', '630788483', 'isabellavin12@gmail.com', NULL, 'CENTRO EDUCACIÓN PERSONAS ADULTAS', 'ESO', NULL, NULL),
(NULL, NULL, '20197157Y', 'JOSÉ LUIS', 'RIVERO MERINO', '1974-06-21', 'SANTANDER', 'CANTABRIA', 'ESPAÑOLA', 'C- FRANCISCO RIVAS MORENO 2, 3º C', '39011', 'SANTANDER', 'ESPAÑA', NULL, '633076825', NULL, NULL, NULL, 'CFGM CUIDADOS AUXILIARES DE ENFERMERIA', NULL, NULL),
(NULL, NULL, '20197478M', 'LAURA', 'GARRIDO CEA GARCIA', '1976-03-03', 'SANTANDER', 'CANTABRIA', 'ESPAÑOLA', 'POMALUENGO 110 11', '39660', 'CASTAÑEDA', 'ESPAÑA', NULL, '606895529', NULL, NULL, 'UNIVERSIDAD CANTABRIA', 'LICENCIADA ADE', NULL, NULL),
(NULL, NULL, '20198259G', 'ANA MARTA', 'FERNÁNDEZ FERNÁNDEZ', '1969-05-27', 'SANTANDER', 'CANTABRIA', 'ESPAÑOLA', 'C- AUGUSTO GONZÁLEZ LINARES, 9, 3º', '39006', 'SANTANDER', 'ESPAÑA', NULL, '675015804', 'anff1969@yahoo.es', NULL, 'IES ALISAL', 'TS ESTÉTICA Y BIENESTAR PERSONAL', NULL, NULL),
(NULL, NULL, '20204640Z', 'OLGA ENRIQUETA', 'VELASCO SOTO', '1974-01-08', 'SANTANDER', 'CANTABRIA', 'ESPAÑOLA', 'Bª BOLADO, 2 B, CASA 5', '39608', 'HERRERA DE CAMARGO', 'ESPAÑA', NULL, '687883527', 'olgavsv@hotmail.com', NULL, 'IES ALISAL', 'FP II TEC, ESP. INFORMATICA DE GESTIÓN', NULL, NULL),
(NULL, NULL, '20210691Q', 'CRISTINA', 'BEZANILLA BOLADO', '1975-11-13', 'SANTANDER', 'CANTABRIA', 'ESPAÑOLA', 'C- FLORANES 23, 1º B', '39010', 'SANTANDER', 'ESPAÑA', NULL, '606084236', NULL, NULL, 'UC', 'DIPLOMADA EN CIENCIAS EMPRESARIALES', NULL, NULL),
(NULL, NULL, '20214265W', 'SONIA', 'COBO SÁNCHEZ', '1976-04-30', 'SANTANDER', 'CANTABRIA', 'ESPAÑOLA', 'C- GENERAL MOSCARDÓ, 4, 3º A', '39009', 'SANTANDER', 'ESPAÑA', '942311995', '679409918', 's.cobosanchez@gmail.com', NULL, NULL, 'OFERTA MODULAR', NULL, NULL),
(NULL, NULL, '20219017Q', 'Mª DEL CARMEN', 'MENDIGUREN PELAYO', '1975-03-26', 'SANTANDER', 'CANTABRIA', 'ESPAÑOLA', 'C- GUTIERREZ SOLANA Nº 7-5ºD', '39011', 'SANTANDER', 'ESPAÑA', '942140461', '635343128', 'maicamendi@hotmail.com', NULL, 'UNED', 'ACCESO A MAYORES DE 25 AÑOS', NULL, NULL),
(NULL, NULL, '23501452N', 'PAULA ANDREA', NULL, '1973-11-15', 'ROSARIO (ARGENTINA)', NULL, 'ARGENTINA', 'CARDENAL CISNEROS, 95, 5º IZ.', '39009', 'SANTANDER', 'ARGENTINA', NULL, '634871997', 'paularolon9@hotmail.com', NULL, NULL, 'PENDIENTE DE HOMOLOGACIÓN DE BACHILLERATO', NULL, NULL),
(NULL, NULL, '29212622T', 'MARIANA', 'SINOBAS FERNÁNDEZ', '1976-10-15', 'CARACAS', 'VENEZUELA', 'VENEZOLANA', 'CALLE ANTONIO MENDOZA 58 P1 DR', '39007', 'SANTANDER', 'VENEZUELA', NULL, '657612676', 'msf15101976@gmail.com', NULL, 'I.E.S JOSE MARIA PEREDA', 'ESO', NULL, NULL),
(NULL, NULL, '30605552G', 'MARIA DEL MAR', 'FERNÁNDEZ FERNÁNDEZ', '1964-09-09', 'MOGROVEJO', 'CANTABRIA', 'ESPAÑOLA', 'BARRIO LAREDO 21', '39609', 'CAMARGO', 'ESPAÑA', NULL, '658560264', NULL, NULL, 'IES SANTA CLARA', 'TÉCNICO EN ATENCIÓN SOCIOSANITARIA', NULL, NULL),
(NULL, NULL, '42259097R', 'CHRISTIAN', 'JIMÉNEZ ALONSO', '1999-10-08', 'LAS PALMAS DE GRAN CANARIA', 'LAS PALMAS', 'ESPAÑOLA', 'BARRIO LA GESA 123A Nº3', '39626', 'SAN ROMÁN DE CAYÓN', 'ESPAÑA', NULL, '608679227', 'chrisjial5@gmail.com', NULL, 'ACADEMIA CRESPO', 'TÉCNICO SISTEMAS MICROINFORMÁTICOS Y REDES', NULL, NULL),
(NULL, NULL, '49074440F', 'MARTA', 'RIO RODRÍGUEZ', '1991-08-08', 'SANTANDER', 'CANTABRIA', 'ESPAÑOLA', 'C- COLOMBIA 7, 2º IZ', '39008', 'SANTANDER', 'ESPAÑA', NULL, '605468550', 'martario447@gmail.com', NULL, 'INSTITUTO JORGE JUÁN (CÁDIZ)', 'BACHILLER - HUMANIDADES Y CIENCIAS SOCIALES', NULL, NULL),
(NULL, NULL, '49115061X', 'PEDRO', 'JURADO BELLIDO', '1999-10-06', 'HUELVA', 'HUELVA', 'ESPAÑOLA', 'VICENTE ALEIXANDRE Nº1 3ºB', '39012', 'SANTANDER', 'ESPAÑA', NULL, '722327540', 'mjose-bellido@hotmail.es', NULL, 'IES SAN SEBASTIÁN', 'TÉCNICO EN SISTEMAS MICROINFORMÁTICOS Y REDES', NULL, NULL),
(NULL, NULL, '49129221W', 'CRISTHIAN DAVID', 'ORTEGA GALLEGO', '2001-10-16', 'SEVILLA', 'SEVILLA', 'ESPAÑOLA', 'C-SANTIAGO EL MAYOR, Nº 70, BAJO DH', '39010', 'SANTANDER (NUEVA MONTAÑA)', 'ESPAÑA', NULL, '638030157', NULL, NULL, 'JESÚS DEL GRAN PODER (SEVILLA)', '2º ESO', NULL, NULL),
(NULL, NULL, '53703047W', 'GABRIELA', 'TEJA ÁLVAREZ', '1999-12-06', 'SANTANDER', 'CANTABRIA', 'ESPAÑOLA', 'C- RUALASAL, 6, 7º IZQ.', '39001', 'SANTANDER', 'ESPAÑA', NULL, '626845882', 'aditagabi@gmail.com', NULL, 'IES SANTA CLARA', 'BACHILLERATO', NULL, NULL),
(NULL, NULL, '54482150A', 'STEVENSON FELIPE', 'DE LA CRUZ MUÑOZ', '2000-06-26', 'REPUBLICA DOMINICANA', 'REPUBLICA DOMINICANA', 'DOMINICANA', 'CALLE MAESTRO LUCIO MEDIAVILLA 1 1C', '39300', 'TORRELAVEGA', 'REPUBLICA DOMINICANA', NULL, '698717531', 'iamstevensonf@gmail.com', NULL, NULL, 'HOMOLOGACION BALLICHER (PENDIENTE)', NULL, NULL),
(NULL, NULL, '71743869S', 'XUAN', 'GÓMEZ CREGO', '2000-08-07', 'CANGAS DEL NARCEA', 'ASTURIAS', 'ESPAÑOLA', 'LIMES 101', '33817', 'CANGAS DEL NARCEA', 'ESPAÑA', NULL, '618096892', 'xuan.123123123@gmail.com', NULL, 'IES CANGAS DEL NARCEA', 'BACHILLER', NULL, NULL),
(NULL, NULL, '71814645C', 'GARIS ESTHEFANNY', 'AGUIÑO VILLAREAL', '1989-10-26', 'BUENAVENTURA VALLE DEL CAUCA', 'COLOMBIA', 'COLOMBIANA', 'CALLE HERMANOS CALDERON 22 1DCHA', '39011', 'SANTANDER', 'COLOMBIA', NULL, '636828793', 'garis_col@hotmail.com', NULL, NULL, 'CFGM GESTION ADMINISTRATIVA', NULL, NULL),
(NULL, NULL, '71898170D', 'LETICIA', 'LÓPEZ GARCÍA', '1988-12-21', 'AVILÉS', 'ASTURIAS', 'ESPAÑOLA', 'C- CUESTA DEL HOSPITAL, Nº 2, 2º D', '39008', 'SANTANDER', 'ESPAÑA', NULL, '626750583', 'leticialg@hotmail.es', NULL, 'COLEGIO PAULA FRASSINETTI', 'BACHILLERATO', NULL, NULL),
(NULL, NULL, '720170930N', 'LAURA', 'PÉREZ FERNÁNDEZ', '1988-12-18', 'SANTANDER', 'CANTABRIA', 'ESPAÑOLA', 'AVDA. MARQUÉS DE VALDECILLA, 149,', '39110', 'SOTO DE LA MARINA', 'ESPAÑA', NULL, '628164796', 'laurapf18@hotmail.com', NULL, 'IES LA ALBERICIA', 'GRADO SUPERIOR EN DISEÑO Y PRODUCCIÓN EDITORIAL', NULL, NULL),
(NULL, NULL, '72036567S', 'MARINA', 'SUÁREZ CRUZ', '1982-05-10', 'SANTANDER', 'CANTABRIA', 'ESPAÑOLA', 'CALLE ALTA 14 P1 IZ', '39008', 'SANTANDER', 'ESPAÑA', NULL, '652145619', 'mscruz_82@hotmail.com', NULL, NULL, 'CFGM CUIDADOS AUXILIARES DE ENFERMERIA', NULL, NULL),
(NULL, NULL, '72038406Z', 'STELA', 'LAHERA FELIPE', '1978-10-20', 'SANTANDER', 'CANTABRIA', 'ESPAÑOLA', NULL, '39600', 'MALIAÑO', 'ESPAÑA', NULL, '600309717', 'ego@ono.com', NULL, 'IES SANTA CLARA', 'BACHILLER', NULL, NULL),
(NULL, NULL, '72039711P', 'RUTH MARÍA', 'SALAS YLLERA', '1977-07-24', 'SANTANDER', 'CANTABRIA', 'ESPAÑOLA', 'C- GERARDO DIEGO, Nº 2, 4º IZ.', '39750', 'COLINDRES', 'ESPAÑA', NULL, '645698609', 'ruthyllera@gamil.com', NULL, 'IES FUENTE FRESNEDO', 'TÉCNICO EN GESTIÓN ADMINISTRATIVA', NULL, NULL),
(NULL, NULL, '72044729N', 'CELIA MARIA', 'VAS DELGADO', '1982-02-09', 'SANTANDER', 'CAMTABRIA', 'ESPAÑOLA', 'Bº SAN ROQUE 28-A', '39608', 'HERRERA DE CAMARGO', 'ESPAÑA', NULL, '662217524', 'celiam.vasd@gmail.com', NULL, NULL, 'BACHILLERATO (HUMANIDADES Y CIENCIAS SOCIALES)', NULL, NULL),
(NULL, NULL, '72046540Y', 'RICARDO', 'BILBAO CANO', '1979-09-11', 'SANTANDER', 'CANTABRIA', 'ESPAÑOLA', 'CALLE LA LLANILLA 26 BAJO A', '39012', 'SANTANDER', 'ESPAÑA', NULL, '622789338', 'rbilbao@pm.me', NULL, 'IES RIA DEL CARMEN (CAMARGO)', 'COU', NULL, NULL),
(NULL, NULL, '72048871Z', 'RAÚL', 'JORRÍN BOLÍVAR', '1981-08-04', 'SANTANDER', 'CANTABRIA', 'ESPAÑOLA', 'C-DUQUE DE AHUMADA 1 2ºD', '39008', 'SANTANDER', 'ESPAÑA', NULL, '642974888', 'raul.jorrin@gmail.com', NULL, 'IES VILLAJUNCO', '3º ESO', NULL, NULL),
(NULL, NULL, '72054108F', 'FRANCISCO', 'GONZALEZ SOTRES', '1981-07-21', 'SANTANDER', 'CANTABRIA', 'ESPAÑOLA', 'C- GALICIA Nº 2, 1º I', '39007', 'SANTANDER', 'ESPAÑA', NULL, '655929190', 'drum2552@gmail.com', NULL, NULL, NULL, NULL, NULL),
(NULL, NULL, '72058346J', 'ANTONIO ISAAC', 'MORENO IGON', '1981-03-11', 'TOLEDO', NULL, 'ESPAÑOLA', 'C- LOS CIRUELOS Nº 28 4A', '39011', 'SANTANDER', 'ESPAÑA', NULL, '691493023', 'sak2121@hotmail.com', NULL, NULL, 'TÉCNICO SUPERIOR EN INTEGRACIÓN SOCIAL', NULL, NULL),
(NULL, NULL, '72061364H', 'MONTSERRAT', 'ARENYS GONZALEZ', '1982-04-10', 'HUELVA', 'HUELVA', 'ESPAÑOLA', 'CALLE 3 NOVIEMBRE 1BIS 3C', '39010', 'SANTANDER', 'ESPAÑA', NULL, '602249810', 'MGARENYS@HOTMAIL.COM', NULL, 'UNED', 'ACCESO UNIVERSIDAD MAYORES 25 AÑOS', NULL, NULL),
(NULL, NULL, '72063408S', 'LAURA', 'LEIVA CAMPO', '1986-05-21', 'SANTANDER', 'CANTABRIA', 'ESPAÑOLA', NULL, NULL, 'SANTANDER', 'ESPAÑA', NULL, '659177051', 'lauraleivacampo@gmail.com', NULL, NULL, 'ESO', NULL, NULL),
(NULL, NULL, '72064914A', 'RAQUEL', 'MATEO BUSTARA', '1982-06-23', 'SANTANDER', 'CANTABRIA', 'ESPAÑOLA', 'URB. LA CANAL Nº11-1ºA', '39111', 'SOTO DE LA MARINA', 'ESPAÑA', '679987987', '667914489', 'raquelmateobustara@gmail.com', NULL, 'IES LAS LLAMAS', 'BACHILLER', NULL, NULL),
(NULL, NULL, '72065401F', 'CRISTINA', 'FERNÁNDEZ DE LA RIVA', '1984-11-05', 'SANTANDER', 'CANTABRIA', 'ESPAÑOLA', 'C-ISAAC PERAL 3 1A', '39008', 'SANTANDER', 'ESPAÑA', NULL, '666987223', 'crisferriva84@gmail.com', NULL, NULL, 'ESO', NULL, NULL),
(NULL, NULL, '72065411V', 'MANUEL', 'GÓMEZ SUÁREZ', '1983-07-17', 'SANTANDER', 'CANTABRIA', 'ESPAÑOLA', 'AVDA. MARQUÉS DE VALDECILLA 18 1ºC', '39110', 'SOTO DE LA MARINA', 'ESPAÑA', NULL, '655967541', NULL, NULL, 'I.E.S. SANTA CLARA', 'BACHILLER', NULL, NULL),
(NULL, NULL, '72065706J', 'NOEMI', 'GARCIA CERRO', '1983-12-11', 'SANTANDER', 'CANTABRIA', 'ESPAÑOLA', NULL, NULL, NULL, 'ESPAÑA', NULL, '620329092', NULL, NULL, NULL, NULL, NULL, NULL),
(NULL, NULL, '72068137Y', 'DANIEL', 'LOZANO MAYOR', '1984-01-16', 'MADRID', 'MADRID', 'ESPAÑOLA', 'CALLE 1º MAYO Nº 58, PORTAL 6 1ºB', '39011', 'SANTANDER', 'ESPAÑA', NULL, '615070583', 'danilm784@hotmail.com', NULL, 'CEINMARK', '1º AYF', NULL, NULL),
(NULL, NULL, '72068938W', 'MARIA', 'MISAS PEÑA', '1986-05-07', 'SANTANDER', 'CANTABRIA', 'ESPAÑOLA', 'C-FCO TOMAS Y VALIENTE 25B 1C', '39011', 'PEÑACASTILLO (SANTANDER)', 'ESPAÑA', NULL, '676159776', 'airammisas@gmail.com', NULL, NULL, 'ESO', NULL, NULL),
(NULL, NULL, '72069535R', 'SARA', 'BRAVO LAVID', '1983-12-25', 'SANTANDER', 'CANTABRIA', 'ESPAÑOLA', 'C-LUIS QUINTANILLA ISASI 10B 4ºA', '39011', 'SANTANDER', 'ESPAÑA', NULL, '671870355', 'sarabravolavid@gmail.com', NULL, 'CFP CIENCIAS RADIOLÓGICAS', 'TÉCNICO SUPERIOR IMAGEN PARA EL DIAGNÓSTICO', NULL, NULL),
(NULL, NULL, '72070254F', 'RAQUEL', 'RUIZ CIFRIÁN', '1986-04-20', 'SANTANDER', 'CANTABRIA', 'ESPAÑOLA', 'Bº EL CERRRO, Nº 2', '30720', 'LA CAVADA', 'ESPAÑA', NULL, '667061336', 'raquelrc86@hotmail.com', NULL, 'UNIVERSIDAD DE CANTABRIA', 'INGENIERA DE OBRAS PÚBLICAS', NULL, NULL),
(NULL, NULL, '72071071L', 'VICTOR', 'HERNANDEZ CASAL', '1993-03-11', 'SANTANDER', 'CANTABRIA', 'ESPAÑOLA', 'CALLE RAMON MENENDEZ PIDAL 4 3A', '39006', 'SANTANDER', 'ESPAÑA', NULL, '690797552', 'victh93@gmail.com', NULL, 'DECROLY', 'CFGS ADMINISTRACION DE SISTEMAS INFORMATICOS EN RE', NULL, NULL),
(NULL, NULL, '72072084C', 'ANABEL', 'GONZÁLEZ BLANCO', '1998-02-07', 'SANTANDER', 'CANTABRIA', 'ESPAÑOLA', 'C- CASTILLA, 33 6º E', '39009', 'SANTANDER', 'ESPAÑA', '942210779', '603688842', 'anabel19.144@gmail.com', NULL, 'IES SANTA CLARA', 'BACHILLER', NULL, NULL),
(NULL, NULL, '72075440H', 'ALEXANDRA', 'SIERRA VELEZ', '1985-09-04', 'SANTANDER', 'CANTABRIA', 'ESPAÑOLA', 'CALLE GUTIERREZ SOLANA 11 7A', '39008', 'SANTANDER', 'ESPAÑA', NULL, '675823361', 'sandry_1104@hotmail.com', NULL, 'CEINMARK', 'CFGM DE TECNICA EN GESTIÓN ADMINISTRATIVA', NULL, NULL),
(NULL, NULL, '72075842Y', 'FRANCISCO', 'GÓMEZ SUÁREZ', '1985-03-21', 'SANTANDER', 'CANTABRIA', 'ESPAÑOLA', 'URB PORTOBELO 5J', '39110', 'SOTO DE LA MARINA', 'ESPAÑA', NULL, '630792424', 'fragosu@gmail.com', NULL, 'IES SANTA CLARA', 'BACHILLER', NULL, NULL),
(NULL, NULL, '72078274T', 'PABLO', 'GALDO ALONSO', '1988-03-19', 'SANTANDER', 'CANTABRIA', 'ESPAÑOLA', 'BARRIO LA ESPRILLA 13 1C', '39608', 'IGOLLO DE CAMARGO', 'ESPAÑA', NULL, '610938649', 'pablogaldoalonso@gmail.com', NULL, 'IES SANTA CLARA', 'CFGM ATENCION A PERSONAS EN SITUACION DE DEPENDENC', NULL, NULL),
(NULL, NULL, '72080402N', 'VICTOR', 'SECADAS DIAZ', '1988-04-25', 'SANTANDER', 'CANTABRIA', 'ESPAÑOLA', 'AVDA CANTABRIA Nº22 A- 2B', '39600', 'MALIAÑO', 'ESPAÑA', '942793552', '691752803', 'sekdas88@gmail.com', NULL, 'IES CANTABRIA', 'TECNICO SUPERIOR DE ANATOMÍA PATOLÓGICA', NULL, NULL),
(NULL, NULL, '72080998X', 'RODRIGO', 'GUTIERREZ GONZÁLEZ', '1992-03-20', 'SANTANDER', 'CANTABRIA', 'ESPAÑOLA', 'FLORANES, 10E 1ºB', '39010', 'SANTANDER', 'ESPAÑA', NULL, '678188743', 'RODRIGUTGON@GMAIL.COM', NULL, 'IES SANTA CLARA', 'BACHILLERATO', NULL, NULL),
(NULL, NULL, '72081196R', 'JESUS LARO', 'LÓPEZ IGLESIAS', '1996-12-18', 'SAN CRISTÓBAL DE LA LAGUNA', 'SANTA CRUZ DE TENERIFE', 'ESPAÑOLA', 'LA CANTÁBRICA 23', '39610', 'EL ASTILLERO', 'ESPAÑA', NULL, '636801858', NULL, NULL, NULL, 'PRUEBA DE ACCESO A CICLO FORMATIVO (CANTABRIA)', NULL, NULL),
(NULL, NULL, '72081548P', 'Mª ESTEFANIA', 'GUTIERREZ ARTECHE', '1986-09-15', 'SANTANDER', 'CANTABRIA', 'ESPAÑOLA', 'C-CASTILLA Nº 54-1ª PLANTA. PUERTA1', '39009', 'SANTANDER', 'ESPAÑA', '942286028', '680523236', 'mgarteche@gmail.com', NULL, 'ANGELES CUSTODIOS', 'GESTIÓN ADMINISTRATIVA', NULL, NULL),
(NULL, NULL, '72082809G', 'ASIER', 'GORDO CARRION', '1992-04-29', 'SANTANDER', 'CANTABRIA', 'ESPAÑOLA', 'BARRIO EL CRUCE 12 2H', '39715', 'EMTRAMBASAGUAS', 'ESPAÑA', NULL, '670962871', 'asierbaloncesto33@gmail.com', NULL, 'IES MURIEDAS', 'BACHILLER', NULL, NULL),
(NULL, NULL, '72083861K', 'DYLAN', 'ISBELL RODRÍGUEZ', '2000-10-06', 'SANTANDER', 'CANTABRIA', 'ESPAÑOLA', 'C- ALTA, 46 A, 7º C ESCALERA C', '39008', 'SANTANDER', 'ESPAÑA', NULL, '601118244', 'xtro32@yahoo.co.uk', NULL, 'COLEGIO SAN JOSÉ', 'BACHILLERATO', NULL, NULL),
(NULL, NULL, '72084709H', 'MARTA', 'PINEDA PÉREZ', '1989-09-01', 'SANTANDER', 'CANTABRIA', 'ESPAÑOLA', 'C- SARGENTOS PROVISIONALES 2 1º P8', '39009', 'SANTANDER', 'ESPAÑA', NULL, '627348611', 'vangora1989@gmail.com', NULL, 'DECROLY', 'CFGM DE FP DE EXPLOTACIÓN DE SISTEMAS INFORMÁTICOS', NULL, NULL),
(NULL, NULL, '72087772E', 'JOAQUÍN', 'RUIZ MORÍN', '1992-10-06', 'SANTANDER', 'CANTANBRIA', 'ESPAÑOLA', 'AVDA. HILARIO TRUEBA BEDIA, 26 B, 1', '39130', 'PEDREÑA (MARINA DE CUDEYO)', 'ESPAÑA', NULL, '644172927', 'jorumo7@gmail.com', NULL, NULL, 'PRUEBA DE ACCESO A CICLOS DE GRADO MEDIO', NULL, NULL),
(NULL, NULL, '72088799Z', 'ALFREDO MANUEL', 'VALERO RODRIGUEZ', '1995-06-22', 'CARACAS', 'VENEZUELA', 'VENEZOLANA', 'AV. CHICLANA 5C', '39610', 'ASTILLERO', 'VENEZUELA', NULL, '653590572', 'alfredovaleror@hotmail.com', NULL, NULL, 'CFGS ADMINISTRACION Y FINANZAS', NULL, NULL),
(NULL, NULL, '72093276Y', 'VANESA', 'SANTIBÁÑEZ TRAMULLAS', '1980-04-28', 'LAREDO', 'CANTABRIA', 'ESPAÑOLA', 'C- LA GLORIETA 1, BLOQUE 2, 4º F', '39760', 'ADAL TRETO', 'ESPAÑA', '942682103', '646268038', 'vanessatreto@hotmail.com', NULL, 'IES FUENTE FRESNEDO', 'BACHILLER EN HUMANIDADES Y CIENCIAS SOCIALES', NULL, NULL),
(NULL, NULL, '72101800C', 'FRANCISCO ANTONI', 'FERNÁNDEZ PEÑA', '1999-02-05', 'LAREDO', 'CANTABRIA', 'ESPAÑOLA', 'PLAZA LA CONCORDIA 2 2ºA', '39740', 'SANTOÑA', 'ESPAÑA', '942671028', '634439659', 'franciscop.pca@gmail.com', NULL, 'DECROLY', 'TÉCNICO EN SISTEMAS MICROINFORMÁTICOS Y REDES', NULL, NULL),
(NULL, NULL, '72103988T', 'JAVIER', 'IRULEGUI PARRA', '1998-10-25', 'SANTANDER', 'CANTABRIA', 'ESPAÑOLA', 'CALE POETA GERARDO DIEGO 22 P1 DR', '39011', 'SANTANDER', 'ESPAÑA', NULL, '699852714', NULL, NULL, 'IES LEONARDO TORRES QUEVEDO', 'BACHILLER', NULL, NULL),
(NULL, NULL, '72104261C', 'MARTÍN', 'BENAJES QUINTANA', '1998-04-07', 'SANTANDER', 'CANTABRIA', 'ESPAÑOLA', 'Pº GENERAL DÁVILA Nº 127, P 3, 2º D', '39007', 'SANTANDER', 'ESPAÑA', '626177462', '660501040', 'martinmistery.com@gmail.com', NULL, 'IES SANTA CLARA', 'BACHILLERATO (HUMANIDADES Y CIENCIAS SOCIALES)', NULL, NULL),
(NULL, NULL, '72104860K', 'DAVID', 'SAIZ SAUQUILLO', '1999-12-15', 'SANTANDER', 'CANTABRIA', 'ESPAÑOLA', 'C- CASTOR AGRA GARCÍA Nº 6, 2º D', '39012', 'SANTANDER', 'ESPAÑA', NULL, '620908991', 'anasauki@hormail.com', NULL, 'CEIMARK', 'CFGM DE FP GESTIÓN ADMINISTRATIVA', NULL, NULL),
(NULL, NULL, '72105194X', 'PABLO', 'SALCEDA DEL CUETO', '2002-07-23', 'SANTANDER', 'CANTABRIA', 'ESPAÑOLA', 'CALLE LA PEREDA 11C P4A', '39012', 'SANTANDER', 'ESPAÑA', NULL, NULL, NULL, NULL, NULL, 'ESO', NULL, NULL),
(NULL, NULL, '72106001N', 'ANTONIO', 'GARCIA MARTINEZ', '1998-04-20', 'SANTANDER', 'CANTABRIA', 'ESPAÑOLA', 'AVD LA ESTACION 20 PORTAL 1 1E', '39710', 'SOLARES', 'ESPAÑA', '633239997', '637052485', 'antonio_casillas98@hotmail.com', NULL, 'CEPA SANTANDER', '2 CURSO ESO', NULL, NULL),
(NULL, NULL, '72125837E', 'CÉSAR', 'BUENO GRANDA', '1973-02-12', 'SANTANDER', 'CANTABRIA', 'ESPAÑOLA', 'C-FERNANDEZ DE ISLA, Nº 11, 5º I', '39008', 'SANTANDER', 'ESPAÑA', '942131656', '665439486', 'cesarbuenogranda@gmail.com', NULL, NULL, 'TÉCNICO AUXILIAR', NULL, NULL),
(NULL, NULL, '72132106N', 'BELÉN', 'DÍAZ-TERÁN GONZÁLEZ', '1979-03-21', 'SALAMANCA', 'SALAMANCA', 'ESPAÑOLA', 'C-FERNANDO ARCE 2 4ºB', '39300', 'TORRELAVEGA', 'ESPAÑA', NULL, '649102009', 'belendiazteran@gmail.com', NULL, 'FACULTAD DE PSICOLOGÍA', 'LICENCIADA EN PSICOLOGÍA', NULL, NULL),
(NULL, NULL, '72134275L', 'FRANCISCO', 'GRUBER PÉREZ', '1980-11-18', 'TORRELAVEGA', 'CANTABRIA', 'ESPAÑOLA', 'C-MAESTRO MEDIAVILLA 7 3B', '39300', 'TORRELAVEGA', 'ESPAÑA', NULL, '697392571', 'chikonerd@hotmail.com', NULL, 'IES MANUEL GUTIÉRREZ ARAGON', 'BACHILLER', NULL, NULL),
(NULL, NULL, '72134844J', 'ALBERTO', 'PALOMERA PÉREZ', '1981-10-14', 'TORRELAVEGA', 'CANTABRIA', 'ESPAÑOLA', 'C-FERNANDO ARCE 2 4B', '39300', 'TORRELAVEGA', 'ESPAÑA', NULL, '615114742', 'aplomera41@hotmail.com', NULL, 'FACULTAD DE MEDICINA', 'DIPLOMADO EN FISIOTERAPIA', NULL, NULL),
(NULL, NULL, '72137112G', 'MARÍA', 'GALVÁN ARBEIZA', '1982-01-29', 'TORRELAVEGA', 'CANTABRIA', 'ESPAÑOLA', 'C-LASAGA LARRETA 25 3ºC', '39300', 'TORRELAVEGA', 'ESPAÑA', NULL, '680467548', 'maria.galvan.arbeiza@gmail.com', NULL, 'FACULTAD C. ECONOMICAS Y EMPRESARIALES', 'DIPLOMADA EN CIENCIAS EMPRESARIALES', NULL, NULL),
(NULL, NULL, '72137467Z', 'PABLO', 'GALLO ERQUICIA', '1982-04-19', 'SANTANDER', 'CANTABRIA', 'ESPAÑOLA', 'Bº ARGUDIN 77 F, 2º D', NULL, 'PUENTE SAN MIGUEL', 'ESPAÑA', NULL, NULL, NULL, NULL, NULL, 'TÉCNICO SUPERIOR EN MANTENIMIENTO EQUIPO INDUSTRIA', NULL, NULL),
(NULL, NULL, '72139679H', 'ANDREA', 'ACEBAL ARGUMOSA', '1984-08-29', 'SANTANDER', 'CANTABRIA', 'ESPAÑOLA', 'SAN MARTÍN 312', '39310', 'MOGRO', 'ESPAÑA', NULL, '637449832', NULL, NULL, 'IES MARQUÉS DE SANTILLANA', 'BACHILLER', NULL, NULL),
(NULL, NULL, '72139849G', 'MARIA ESTHER', 'GONZÁLEZ GONZÁLEZ', '1983-06-12', 'ZAMORA', 'ZAMORA', 'ESPAÑOLA', 'CONDE TORREANAZ, 1,  1º B', '39300', 'TORRELAVEGA', 'ESPAÑA', NULL, '669176720', 'ster_@hotmail.com', NULL, 'U.C', 'INGENIERIA TECNICA DE OBRAS', NULL, NULL),
(NULL, NULL, '72140306R', 'JORGE', 'URTIAGA AMÉZQUETA', '1989-12-05', 'SANTANDER', 'CANTABRIA', 'ESPAÑOLA', 'MAESTRO MEDIAVILLA, 5,  2ºM', '39300', 'TORRELAVEGA', 'ESPAÑA', NULL, '644497757', NULL, NULL, 'IES BESAYA', 'BACHILLER', NULL, NULL),
(NULL, NULL, '72142427Y', 'LUCÍA', 'DÍAZ GONZÁLEZ', '1985-08-04', 'TORRELAVEGA', 'CANTABRIA', 'ESPAÑOLA', 'C- MIES DE ARGUDIN 77K 2ºD', '39530', 'PUENTE SAN MIGUEL', 'ESPAÑA', NULL, '615869472', NULL, NULL, 'IES GARCILASO DE LA VEGA, TORRELAVEGA', 'BACHILLERATO (HUMANIDADES Y CIENCIAS SOCIALES)', NULL, NULL),
(NULL, NULL, '72145125J', 'CRISTINA', 'RUIZ GALINDO', '1985-06-25', 'SANTANDER', 'CANTABRIA', 'ESPAÑOLA', 'C-MIGUEL DELIBES Nº2', '39340', 'SUANCES', 'ESPAÑA', NULL, '610896045', 'cristinaruizgal@gmail.com', NULL, 'IES JOSE MARIA PEREDA', 'BACHILLER', NULL, NULL),
(NULL, NULL, '72145236D', 'RAQUEL', 'MARTÍN GONZÁLEZ', '1985-06-26', 'SANTANDER', 'CANTABRIA', 'ESPAÑOLA', 'C-VARGAS 57D 1ºD', '39010', 'SANTANDER', 'ESPAÑA', '942374687', '646360521', 'rakmargo@gmail.com', NULL, 'HERNÁN CORTÉS', 'TÉCNICA EN CUIDADOS AUXILIARES ENFERMERÍA', NULL, NULL),
(NULL, NULL, '72145482W', 'ÁLVARO', 'RUIZ SALAS', '1987-06-02', 'SANTANDER', 'CANTABRIA', 'ESPAÑOLA', 'Bº EL COTERO, 14, PUERTA 8', '39478', 'PUENTE ARCE', 'ESPAÑA', NULL, '615355274', 'alvaro_runico@hotmail.com', NULL, 'IES MIGUEL HERRERO', 'TÉCNICO EN EXPLOTACIÓN SISTS, INFORM', NULL, NULL),
(NULL, NULL, '72145599G', 'MARIA ISABEL', 'FERNÁNDEZ SÁNCHEZ', '1986-08-05', 'TORRELAVEGA', 'CANTABRIA', 'ESPAÑOLA', 'BARRIO PICÓN 8', NULL, 'PUENTE SAN MIGUEL', 'ESPAÑA', NULL, '660404540', 'isafs8@hotmail.com', NULL, 'NUESTRA SEÑORA DE LA PAZ', 'BACHILLER', NULL, NULL),
(NULL, NULL, '72145847E', 'AIDA', 'DÍAZ FERNÁNDEZ', '1986-11-09', 'TORRELAVEGA', 'CANTABRIA', 'ESPAÑOLA', 'PLAZA PIQUÉ Y VARELA, 2, 4º M', '39300', 'TORRELAVEGA', 'ESPAÑA', NULL, '651805856', 'aida_difer@hotmail.com', NULL, 'ACADEMIA CRESPO', 'TÉCNICO EN GESTIÓN ADMINISTRATIVA', NULL, NULL),
(NULL, NULL, '72147170B', 'ÁLVARO', 'ECHEVARRÍA GONZALEZ', '1987-04-18', 'SANTANDER', 'CANTABRIA', 'ESPAÑOLA', NULL, '39300', 'TORRELAVEGA', 'ESPAÑA', NULL, '660914322', 'echeve87_@hotmail.com', NULL, NULL, 'ESO', NULL, NULL),
(NULL, NULL, '72150437N', 'GALIA', 'PLA PÉREZ', '1991-04-27', 'SANTANDER', 'CANTABRIA', 'ESPAÑOLA', 'URB. VERDEMAR BLO 2 P6 2A', '39790', 'GAMA', 'ESPAÑA', NULL, '690900591', 'gpla274@gmail.com', NULL, NULL, 'TÉCNICO EN ATENCIÓN SOCIOSANITARIA', NULL, NULL),
(NULL, NULL, '72154943X', 'LETICIA', 'SIMÓN RUIZ', '1999-03-15', 'TORRELAVEGA', 'CANTABRIA', 'ESPAÑOLA', 'C- LA GAROFA, 4, BLOQ. 2 BAJO F', '39311', 'SANTIAGO DE CARTES', 'ESPAÑA', '942084282', '622226667', 'leticiasimonruiz90@gmail.com', NULL, 'IES MANUEL GUTIÉRREZ ARAGÓN', 'BACHILLERATO HUMANIDADES', NULL, NULL),
(NULL, NULL, '72155276K', 'IZAN', 'PARDO AGUADO', '1997-11-12', 'SANTANDER', 'CANTABRIA', 'ESPAÑOLA', 'URB. PACO GENTO, CHALET 32', '39611', 'GUARNIZO. EL ASTILLERO', 'ESPAÑA', NULL, '661251770', 'izanpardoaguado@gmail.com', NULL, 'IES NUESTRA SEÑORA DE LOS REMEDIOS', 'BACHILLERATO (HUMANIDADES Y CIENCIAS SOCIALES)', NULL, NULL),
(NULL, NULL, '72157837Y', 'PABLO', 'CUESTA DE LA RIVA', '1993-10-02', 'SANTANDER', 'CANTABRIA', 'ESPAÑOLA', 'AVDA. LUIS DE LA CONCHA', '39470', 'RENEDO DE PIÉLAGOS', 'ESPAÑA', NULL, '622137870', 'pablocuestadelariva@gmail.com', NULL, 'ACADEMIA CRESPO', 'TECNICO EN SISTEMAS MICROINFORMÁTICOS Y REDES', NULL, NULL),
(NULL, NULL, '72171832V', 'DANIEL', 'DE LA GRANJA GARCIA', '1993-09-06', 'SANTANDER', 'CANTABRIA', 'ESPAÑOLA', 'BAJADA SAN JUAN 17 1G', '39012', 'SANTANDER', 'ESPAÑA', NULL, '633201963', 'daniel_delagranja@hotmail.com', NULL, 'COLEGIO MERCEDES', 'GRADUADO EN ESO', NULL, NULL),
(NULL, NULL, '72172088C', 'ANDREA', 'LLATA MARTIN', '1993-04-24', 'SANTANDER', 'CANTABRIA', 'ESPAÑOLA', 'FLORANES 23 2B', '39010', 'SANTANDER', 'ESPAÑA', '942372723', '676851647', 'andreallata@hotmail.es', NULL, 'ALISAL', 'GRADO MEDIO ADMINISTRATIVO', NULL, NULL),
(NULL, NULL, '72173358W', 'ADRIÁN', 'HERMANA FERNÁNDEZ', '1997-01-31', 'SANTANDER', 'CANTABRIA', 'ESPAÑOLA', 'MENÉNDEZ PELAYO, 2', '39600', 'MALIAÑO', 'ESPAÑA', NULL, '615784855', 'ADRIANHF97BASKET@HOTMAIL.COM', NULL, 'DECROLY', 'CFGMEDIO SISTEMAS MICROINFORMÁTICOS Y REDES', NULL, NULL),
(NULL, NULL, '72173704A', 'GEMA', 'SETIEN ROZADILLA', '1989-10-09', 'SANTANDER', 'CANTABRIA', 'ESPAÑOLA', 'C- FRANCISCO TOMÁS Y VALIENTE 27F 3', '39011', 'SANTANDER', 'ESPAÑA', NULL, '649252165', 'gsetien3@gmail.com', NULL, NULL, 'BACHILLERATO (CIENCIAS)', NULL, NULL),
(NULL, NULL, '72173989N', 'CÉSAR ALEJANDRO', 'GALLARDO MORENO', '2002-10-31', 'SANTANDER', 'CANTABRIA', 'ESPAÑOLA', 'MARQUÉS DE LA HERMIDA, 72, P 1, 8ºD', '39009', 'SANTANDER', 'ESPAÑA', '942353678', '617874478', 'oyrlima@gmail.com', NULL, 'IES SANTA CLARA', 'CURSADO HASTA SEGUNDO DE LA ESO', NULL, NULL),
(NULL, NULL, '72174061S', 'JOHN', 'SAINZ BEZANILLA', '1995-10-16', 'SANTANDER', 'CANTABRIA', 'ESPAÑOLA', 'CALLE GREGORIO CUESTA 11 2 IZQ', '39008', 'SANTANDER', 'ESPAÑA', NULL, '677100904', 'johnsainzbeza@gmail.com', NULL, 'IES PEREDA', 'BACHILLER', NULL, NULL),
(NULL, NULL, '72174580M', 'JOSÉ MANUEL', 'SÁNCHEZ GÜEMES', '1997-07-18', 'SANTANDER', 'CANTABRIA', 'ESPAÑOLA', 'C- LA CANTÁBRICA, 14, 1º E', '39610', 'ASTILLERO', 'ESPAÑA', '942546144', '679083243', 'jmsg222013@gmail.com', NULL, 'IES ASTILLERO', 'BACHILLERATO CIENCIAS Y TECNOLOGÍA', NULL, NULL),
(NULL, NULL, '72174722D', 'MIKEL JOSHUA', 'DE LA TORRE SARASIG', '2000-11-16', 'SANTANDER', 'CANTABRIA', 'ESPAÑOLA', 'C- MACÍAS PICAVEA, 1, 2ºC', '39003', 'SANTANDER', 'ESPAÑA', NULL, '631595251', 'mikelrap16@hotmail.com', NULL, 'IES VILLAJUNCO', '3º ESO', NULL, NULL),
(NULL, NULL, '72175150T', 'PABLO', 'GARCÍA COBO', '1993-02-23', 'SANTANDER', 'CANTABRIA', 'ESPAÑOLA', 'C-SAN ROQUE 3 4ºA', '39100', 'SANTANDER', 'ESPAÑA', NULL, '634625932', 'pablogarciacobo@yahoo.es', NULL, 'IES EL ALISAL', 'TÉCNICO EN SISTEMAS MICROINFORMÁTICOS Y REDES', NULL, NULL),
(NULL, NULL, '72175323N', 'SAMANTA', 'SANCHEZ DIAZ', '1989-08-23', 'SEVILLA', 'SEVILLA', 'ESPAÑOLA', 'VARGAS 47 ESC IZQ 6 PUERTA 1', '39010', 'SANTANDER', 'ESPAÑA', NULL, '633749249', 'samanthasan.diaz@gmail.com', NULL, 'TORREANAZ', 'ESO', NULL, NULL),
(NULL, NULL, '72175932T', 'ISMAEL', 'SAENZ RODRIGUEZ', '1994-07-28', 'SANTOÑA', 'CANTABRIA', 'ESPAÑOLA', 'C- RENTERÍA REYES Nº 9 3º DCHA', '39740', 'SANTOÑA', 'ESPAÑA', NULL, '697267426', 'ismaelsaenzrodriguez94@gmail.com', NULL, 'IES MARQUÉS DE MANZANEDO', 'BACHILLERATO (CIENCIAS)', NULL, NULL),
(NULL, NULL, '72176361S', 'CRISTIAN', 'GUTIÉRREZ GONZÁLEZ', '1990-02-19', 'SANTANDER', 'CANTABRIA', 'ESPAÑOLA', 'Bº SAN VICENTE Nº 15, CHALET 21', '39479', 'VIOÑO DE PIÉLAGOS', 'ESPAÑA', NULL, '658433870', 'tiano222@gmail.com', NULL, 'IES AUGUSTO GONZALEZ LINARES', 'FPGM FARMACIA Y PARAFARMACIA', NULL, NULL),
(NULL, NULL, '72177188Z', 'SERGIO', 'QUIJANO MARTIN', '1996-12-09', 'SANTANDER', 'CANTABRIA', 'ESPAÑOLA', 'CALLE EULOGIO FERNANDEZ BARROS 14 2', '39600', 'MURIEDAS', 'ESPAÑA', '942261755', '638379164', 's.quijano.martin@gmail.com', NULL, NULL, 'bachiller', NULL, NULL),
(NULL, NULL, '72177684G', 'SONIA', 'VILLEGAS SANTOS', '1991-12-20', 'SANTANDER', 'CANTABRIA', 'ESPAÑOLA', 'AVDA- EL DEPORTE 3, 11 2º C', '39011', 'SANTANDER', 'ESPAÑA', '677130281', '676864206', 'soniavs91@gmail.com', NULL, 'ESCLAVAS', 'BACHILLER - HUMANIDADES Y CIENCIAS SOCIALES', NULL, NULL),
(NULL, NULL, '72177934R', 'NATANAEL', 'POLONIO DEL BAÑO', '1990-07-21', 'SANTANDER', 'CANTABRIA', 'ESPAÑOLA', 'C- INDUSTRIA, Nº 8, 2º B', '39610', 'EL ASTILLERO', 'ESPAÑA', '942558577', '658341384', 'natanaelpolonio@gmail.com', NULL, 'COLEGIO ALTAMIRA', '3º ESO', NULL, NULL),
(NULL, NULL, '72179193H', 'ELIA', 'VILLEGAS OLEA', '2003-12-03', 'SANTANDER', 'CANTABRIA', 'ESPAÑOLA', 'C- CAMILO ALONSO VEGA, 48, P1, 2ºB', '39007', 'SANTANDER', 'ESPAÑA', '942320765', '635981551', 'artesorto@gmx.es', NULL, NULL, NULL, NULL, NULL),
(NULL, NULL, '72179485B', 'SARA', 'ONTAVILLA PÉREZ', '2000-04-18', 'SANTANDER', 'CANTABRIA', 'ESPAÑOLA', 'C-MONTEJURRA 12 2ºIZDA', '39010', 'SANTANDER', 'ESPAÑA', NULL, '664052545', 'saraonta@hotmail.com', NULL, 'CEINMARK', 'FPB INFORMÁTICA Y COMUNICACIONES', NULL, NULL),
(NULL, NULL, '72180118T', 'RAQUEL', 'ABASCAL CEBALLOS', '2003-11-29', 'CAMARGO', 'CANTABRIA', 'ESPAÑOLA', 'C- SAN FERNANDO, 22, 7º E', '39010', 'SANTANDER', 'ESPAÑA', '942552434', '610262618', NULL, NULL, 'COLEGIO ATALAYA', '3º ESO', NULL, NULL),
(NULL, NULL, '72180436L', 'MARTÍN', 'GUELBENZU VALVERDE', '1996-09-24', 'SANTANDER', 'CANTABRIA', 'ESPAÑOLA', 'Bº SOMAVILLA, 35, CHALET 1', '39609', 'CAMARGO', 'ESPAÑA', NULL, '645196688', 'guelbenzumv@gmail.com', NULL, 'IES ALBERICIA', 'BACHILLERATO', NULL, NULL),
(NULL, NULL, '72180933X', 'ENRIQUE', 'BADIOLA BENGOECHEA', '1996-11-08', 'SANTANDER', 'CANTABRIA', 'ESPAÑOLA', 'C- ALTA, 56, 3º A', '39008', 'SANTANDER', 'ESPAÑA', NULL, '630153079', 'rikibadi@hotmail.com', NULL, 'PURÍSIMA CONCEPCIÓN', 'ESO', NULL, NULL),
(NULL, NULL, '72181075 Z', 'JONATAN', 'DIEGO COBO', '1994-06-29', 'SANTANDER', 'CANTABRIA', 'ESPAÑOLA', 'C- LA UNIÓN, Nº 12, 2º B', '39004', 'SANTANDER', 'ESPAÑA', '942274282', '649894604', 'jonatandc@me.com', NULL, NULL, 'Prueba de Acceso', NULL, NULL),
(NULL, NULL, '72182709S', 'HUGO', 'SOLANA CAGIGAS', '1998-09-22', 'SANTANDER', 'CANTABRIA', 'ESPAÑOLA', 'BARRIO LA VEGA 9', '39793', 'VILLAVERDE DE PONTONES', 'ESPAÑA', NULL, '608218389', 'hugo.solana@hotmail.com', NULL, NULL, 'BACHILLER', NULL, NULL),
(NULL, NULL, '72182783C', 'DANIEL', 'CASCAJO ARCE', '2000-06-08', 'SANTANDER', 'CANTABRIA', 'ESPAÑOLA', 'C- ISAAC PERAL 36, 2º C', '39008', 'SANTANDER', 'ESPAÑA', '942376519', '680156089', NULL, NULL, 'COLEGIO SAN JOSÉ', 'BACHILLER', NULL, NULL),
(NULL, NULL, '72182895V', 'LUCÍA', 'FERNÁNDEZ COLORET', '1999-08-17', 'SANTANDER', 'CANTABRIA', 'ESPAÑOLA', 'C-VENTURA HONTAÑÓN CASTANEDO, 287', '39130', 'PEDREÑA', 'ESPAÑA', NULL, '606265312', 'luciacoloret@gmail.com', NULL, 'DECROLY', 'TÉCNICO EN SISTEMAS MICROINFORMATICOS Y REDES', NULL, NULL),
(NULL, NULL, '72183689Y', 'SERGIO', 'CAMPO TORRE', '2001-05-12', 'POLANCO', 'CANTABRIA', 'ESPAÑOLA', 'BARRIO MENOCAL 31, Nº1', '39313', 'POLANCO', 'ESPAÑA', NULL, '666216182', 'soyelcampo01@gmail.com', NULL, NULL, 'BACHILLERATO (CIENCIAS)', NULL, NULL),
(NULL, NULL, '72183835Z', 'LAURA', 'GARCÍA VÍA', '2001-12-10', 'SANTANDER', 'CANTABRIA', 'ESPAÑOLA', 'C- VARGAS, 55 B, 5º A', '39010', 'SANTANDER', 'ESPAÑA', '942239068', '617358973', 'lauragvia@gmail.com', NULL, 'LA SALLE', 'BACHILLERATO', NULL, NULL),
(NULL, NULL, '72184795P', 'MARJORIE', 'VON LIPPKE NAVARRETE', '1975-10-21', 'SANTO DOMINGO DE LOS COLORADOS', 'PICHINCHA', 'ECUATORIANA', 'C-ISAAC PERAL 15 5E', '39008', 'SANTANDER', 'ECUADOR', NULL, '674839826', 'mvonlippke@hotmail.com', NULL, NULL, 'BACHILLER', NULL, NULL),
(NULL, NULL, '72185011V', 'JAVIER', 'SIERRA ARRANZ', '1992-04-15', 'SANTANDER', 'CANTABRIA', 'ESPAÑOLA', 'C-DAOIZ Y VELARDE 17 2ºCENTRO', '39003', 'SANTANDER', 'ESPAÑA', NULL, '646318767', 'javilan17@gmail.com', NULL, 'HERNÁN CORTES', 'TÉCNICO SUPERIOR EN INTEGRACIÓN SOCIAL', NULL, NULL),
(NULL, NULL, '72186001H', 'ANDREA', 'RIVAS RUIZ', '1997-05-11', 'SANTANDER', 'CANTABRIA', 'ESPAÑOLA', 'AVDA BILBAO 64-4ºD', '39600', 'MURIEDAS', 'ESPAÑA', NULL, '601134004', 'andrearivasruiz97@gmail.com', NULL, 'IES JOSE Mª PEREDA', '1º BACHILLER', NULL, NULL),
(NULL, NULL, '72186392H', 'IKER', 'PACHECO BARQUÍN', '2002-10-08', 'SANTANDER', 'CANTABRIA', 'ESPAÑOLA', 'CORCONERAS, 46', '39012', 'SANTANDER', 'ESPAÑA', NULL, '611138388', 'pachecoiker2002@gmail,com', NULL, 'BELLAVISTA', '2º ESO CURSADO', NULL, NULL),
(NULL, NULL, '72186736V', 'CELIA', 'SALAS GOMEZ', '1996-04-21', 'SANTANDER', 'CANTABRIA', 'ESPAÑOLA', 'BARRIO EL RODIL N12 PUERTA 3', '39120', 'MORTERA', 'ESPAÑA', NULL, '664565717', 'celiasalasgomez@hotmail.com', NULL, 'A.G. LINARES', 'PRUEBA DE ACCESO A FP SUPERIOR', NULL, NULL),
(NULL, NULL, '72186887F', 'GONZALO', 'GÓMEZ-HOYAL CAVIA', '1999-12-19', 'SANTANDER', 'CANTABRIA', 'ESPAÑOLA', 'C- RESPUELA, 2A, 2º D', '39100', 'SANTA CRUZ DE BEZANA', 'ESPAÑA', '942058463', '673484770', 'gonzaloghc99@gmail.com', NULL, 'IES LA ALBERICIA', 'BACHILLERATO', NULL, NULL),
(NULL, NULL, '72186927R', 'MARÍA', 'DE ANDRÉS GARCÍA', '1999-03-18', 'SANTANDER', 'CANTABRIA', 'ESPAÑOLA', 'C-EL CAMPIZO 25', '39012', 'SANTANDER', 'ESPAÑA', '942354484', '638376137', 'meryesp16@gmail.com', NULL, 'DECROLY', 'TÉCNICO EN SISTEMAS MICROINFORMÁTICOS Y REDES', NULL, NULL),
(NULL, NULL, '72186964S', 'CRISTINA', 'TAEÑO DOALTO', '1999-01-13', 'SANTANDER', 'CANTABRIA', 'ESPAÑOLA', 'FERNANDO DE LOS RIOS 69. 1º C', '39006', 'SANTANDER', 'ESPAÑA', '942078036', '663931067', 'cristinatd1999@gmail.com', NULL, 'HERNAN CORTES', 'AUXILIAR ENFERMERIA', NULL, NULL),
(NULL, NULL, '72187079S', 'NOEL', 'TERAN MARTINEZ', '2000-12-09', 'SANTANDER', 'CANTABRIA', 'ESPAÑOLA', 'C- RIA SOLIA Nº 12 BAJO F', NULL, 'EL ASTILLERO', 'ESPAÑA', NULL, '644720511', NULL, NULL, NULL, NULL, NULL, NULL),
(NULL, NULL, '72188219M', 'JESÚS', 'GÁNDARA GARCÍA', '1999-07-16', 'SANTANDER', 'CANTABRIA', 'ESPAÑOLA', 'AVDA. DEL FARO, Nº 1, P 4, 1º C', '39012', 'SANTANDER', 'ESPAÑA', '942393139', '637666707', 'jesus.gandara99@gmail.com', NULL, 'MARÍA INMACULADA', 'TÉCNICO SISTEMAS MICROINFORMÁTICOS Y REDES', NULL, NULL),
(NULL, NULL, '72188392V', 'BORJA', 'ACHUTEGUI GONZÁLEZ', '1999-12-12', 'SANTANDER', 'CANTABRIA', 'ESPAÑOLA', 'SANTA ANA, Bº EL SEDILLO', '39717', 'ENTRAMBASAGUAS', 'ESPAÑA', NULL, '652276947', 'borjamami16@gmail.com', NULL, NULL, NULL, NULL, NULL),
(NULL, NULL, '72188510C', 'DIEGO', 'URIEL SOLORZANO', '1998-08-29', 'SANTANDER', 'CANTABRIA', 'ESPAÑOLA', 'C- DEL MONTE, 59,8º A', '39006', 'SANTANDER', 'CANTABRIA', NULL, '603408889', 'dieurisol@gmail.com', NULL, 'IES SANTA CLARA', 'BACHILLERATO', NULL, NULL),
(NULL, NULL, '72189730K', 'SEBASTIAN', 'GHINAGLIA SÁNCHEZ', '1995-09-11', 'SAN FÉLIX', 'PUERTO ORDAZ', 'VENEZOLANA', 'C- ERNEST LLUCH', '39012', 'SNTANDER', 'VENEZUELA', NULL, '653252209', 'sebastglia@gmail.com', NULL, NULL, NULL, NULL, NULL),
(NULL, NULL, '72190197M', 'JESÚS', 'GONZÁLEZ-ESTEFAN BRAVO', '2000-06-04', 'SANTANDER', 'CANTABRIA', 'ESPAÑOLA', 'PASEO DE CANALEJAS 66 4ºD', '39004', 'SANTANDER', 'ESPAÑA', NULL, '648642409', 'jgestefanib@gmail.com', NULL, 'CFP Mª INMACULADA', 'TÉCNICO EN SISTEMAS MICROINFORMÁTICOS Y REDES', NULL, NULL),
(NULL, NULL, '72191563Z', 'JAVIER', 'BOLADO GUTIERREZ', '2003-08-01', 'SANTANDER', 'CANTABRIA', 'ESPAÑOLA', 'C-FLORANES 4 2º DCHA', '39010', 'SANTANDER', 'ESPAÑA', NULL, NULL, NULL, NULL, NULL, NULL, NULL, NULL),
(NULL, NULL, '72191879P', 'BARBARA', 'REY POMBAR', '1995-10-23', 'ALCALA DE HENARES', 'MADRID', 'ESPAÑOLA', 'ALBERICO PARDO 58 URB PEÑAVERDE 26', '39011', 'SANTANDER PEÑACASTILLO', 'ESPAÑA', NULL, '673687523', NULL, NULL, 'CEINMARK', 'CFGM DE FP GESTIÓN ADMINISTRATIVA', NULL, NULL),
(NULL, NULL, '72193117G', 'IGNACIO', 'LAMARCA GONZALEZ', '1997-09-27', 'SANTANDER', 'CANTABRIA', 'ESPAÑOLA', 'AVDA CANTABRIA 3 B 2D', '39400', 'LOS CORRALES DE BUELNA', 'ESPAÑA', NULL, '644379728', 'nacholgf27@gmail.com', NULL, 'A.G LINARES', 'PRUEBAS ACCESO GRADO SUPERIOR', NULL, NULL),
(NULL, NULL, '72193281F', 'ESTEFANÍA', 'COBO GONZÁLEZ', '2000-10-09', 'SANTANDER', 'CANTABRIA', 'ESPAÑOLA', 'URBAN. LOS ROSALES 10, 1º A', '39620', 'SARÓN', 'ESPAÑA', NULL, '609349767', 'estefaniacobomac@gmail.com', NULL, 'IES LOPE DE VEGA', 'ESO', NULL, NULL),
(NULL, NULL, '72193374P', 'DESIREE', 'ZATON MIER', '1996-10-22', 'SANTANDER', 'CANTABRIA', 'ESPAÑOLA', 'C- JAIME DEL AMO 2A PISO 3º B', '39340', 'SUANCES', 'ESPAÑA', NULL, '679607389', 'desireezaton@gmail.com', NULL, NULL, 'BACHILLERATO (ARTES)', NULL, NULL),
(NULL, NULL, '72193658Q', 'ANA', 'POZUETA CASTILLO', '2001-09-03', 'TORRELAVEGA', 'CANTABRIA', 'ESPAÑOLA', 'URBANIZACIÓN PEÑALARA, Nº 14', '39300', 'TANOS', 'ESPAÑA', '942803942', '620020825', 'anapozueta2001@gmail.com', NULL, 'COLEGIO LA PAZ', 'ESO', NULL, NULL),
(NULL, NULL, '72197229E', 'ANDREA', 'SALAS BUENO', '2003-04-03', 'SANTANDER', 'CANTABRIA', 'ESPAÑOLA', 'ALTA DE QUIJAS 58', '39590', 'REOCIN', 'ESPAÑA', NULL, '620333688', NULL, NULL, 'I.E.S. SIETE VALLES', '2º ESO', NULL, NULL),
(NULL, NULL, '72197952D', 'ÁNGELA', 'MARTÍNEZ COSÍO', '2002-10-04', 'SANTANDER', 'CANTABRIA', 'ESPAÑOLA', 'C-LA MAZA 60', '39590', 'VALLES (REOCÍN)', 'ESPAÑA', NULL, '644421835', 'eduardo_mu55@yahoo.es', NULL, 'IES NUEVE VALLES', '2º ESO', NULL, NULL),
(NULL, NULL, '72198169L', 'VICTORIA', 'DE LA TORRE RODRÍGUEZ', '2000-11-29', 'SANTANDER', 'CANTABRIA', 'ESPAÑOLA', 'C- MATILDE DE LA TORRE, Nº 7, 1ºC', '39500', 'CABEZÓN DE LA SAL', 'ESPAÑA', NULL, '636567636', 'victoria29100@gmail.com', NULL, 'IES AUGUSTO GONZALEZ LINARES', 'TÉCNICA EN CUIDADOS AUXILIARES DE ENFERMERÍA', NULL, NULL),
(NULL, NULL, '72198371Z', 'JENNIFER', 'PALAZUELOS PINTO', '1997-01-29', 'SANTANDER', 'CANTABRIA', 'ESPAÑOLA', 'BARRIO LAS CUARTAS P2 Bajo b', '39470', 'RENEDO DE PIELAGOS', 'ESPAÑA', NULL, '652408874', 'jennyact3renedo@gmail.com', NULL, 'IES BALBANUZ SELAYA', 'AUXILIAR DE ENFERMERIA', NULL, NULL),
(NULL, NULL, '72198928L', 'ETHAN', 'BARREDO DÍAZ', '2001-09-19', 'BEZANA', 'CANTABRIA', 'ESPAÑOLA', 'PASEO DEL NIÑO 8 3º 13', '39300', 'TORRELAVEGA', 'ESPAÑA', '601750795', '664595557', 'dulcinea198@gmail.com', NULL, 'COLEGIO SAGRADOS CORAZONES', '3º ESO', NULL, NULL),
(NULL, NULL, '72199877W', 'DORINEILE CAMILA', 'MOTA DE LIMA', '1978-01-30', 'BRASIL', 'BRASIL', 'BRASILEÑA', 'C- JULIO RUIZ DE SALAZAR, Nº 50, 4C', '39300', 'TORRELAVEGA', 'BRASIL', NULL, '603321203', 'motacamila1978@gmail.com', NULL, NULL, 'ESO (HOMOLOGADO)', NULL, NULL),
(NULL, NULL, '72201404B', 'LUCIA', 'ARECHAGA LORENZO', '2000-02-16', 'SANTANDER', 'CANTABRIA', 'ESPAÑOLA', 'C- LEONARDO TORRES QUEVEDO', '39300', 'TORRELAVEGA', 'ESPAÑA', NULL, '633929904', 'lcuiaarechagaclase@gmail.com', NULL, 'IES MARQUES DE SANTILLANA', 'BACHILLER', NULL, NULL),
(NULL, NULL, '72202749E', 'HEINZ ANTHONY', 'VON LIPPKE NAVARRETE', '1993-10-24', 'SANTO DOMINGO', 'PICHINCHA', 'ECUATORIANA', 'C-ISAAC PERAL 15 5ºE', '39008', 'SANTANDER', 'ECUADOR', NULL, '627170371', 'heinzvonlippke@outlook.com', NULL, 'IES TORRES QUEVEDO', 'BACHILLER', NULL, NULL),
(NULL, NULL, '72203534W', 'CRISTIAN CAMILO', 'ARIAS VÁSQUEZ', '2001-09-08', 'SANTOÑA', 'CANTABRIA', 'ESPAÑOLA', 'AVDA. CAMILO ALONSO VEGA 48 P3 1ºB', '39005', 'SANTOÑA', 'ESPAÑA', NULL, '610397559', 'cristiancamilo201490@gmail.com', NULL, 'CEINMARK', 'CFGM GESIÓN ADMINISTRATIVA', NULL, NULL),
(NULL, NULL, '72204848M', 'SERGIO', 'TEIJIDO CORMENZANA', '1997-10-14', 'SANTANDER', 'CANTABRIA', 'ESPAÑOLA', 'C-FLORANES 71 2ºF', '39010', 'SANTANDER', 'ESPAÑA', NULL, '633064093', 'sergioteijido812@gmail.com', NULL, 'DECROLY', 'SISTEMAS MICROINFORMATICOS EN RED', NULL, NULL),
(NULL, NULL, '72206501W', 'SARA', 'ALLENDE DEL RIO', '2000-03-22', 'SANTANDER', 'CANTABRIA', 'ESPAÑOLA', 'BARRIO REBOLLAR DE LA ESPILLA 43 11', '39608', 'SANTANDER', 'ESPAÑA', NULL, '601369235', 'saraallende13@gmail.com', NULL, NULL, 'CFGM GESTION ADMINISTRATIVA', NULL, NULL),
(NULL, NULL, '72206659E', 'SERGIO', 'VELASCO VALDOR', '2001-03-12', 'SANTANDER', 'CANTABRIA', 'ESPAÑOLA', 'GENERAL MOSCARDÓ, Nº 2, 6º B', '39009', 'SANTANDER', 'ESPAÑA', '942212695', '608757990', NULL, NULL, 'DIAGRAMA', '3º ESO', NULL, NULL),
(NULL, NULL, '72207346L', 'ANTONIO JOSÉ', 'HERRAN BELLO', '2001-09-25', 'SANTANDER', 'CANTABRIA', 'ESPAÑOLA', 'GENERAL DÁVILA 201, 4ºB', '39006', 'SANTANDER', 'ESPAÑA', NULL, '608258727', 'antonio.herran.bello@gmail.com', NULL, 'COLECIO SALESIANO \"MARIA AUXILIADORA\"', 'BACHILLERATO (HUMANIDADES Y CIENCIAS SOCIALES)', NULL, NULL),
(NULL, NULL, '72207393C', 'BRYAN', 'SÁNCHEZ AFONSO', '1999-08-03', 'SANTANDER', 'CANTABRIA', 'ESPAÑOLA', 'C-JOSE DE ESCANDON 4, 2º D', '39006', 'SANTANDER', 'ESPAÑA', '942035880', '722515690', 'bryansanchezafonso@gmail.com', NULL, 'IES ALISAL', 'TÉCNICO EN SISTEMAS MICROINFORMÁTICOS Y REDES', NULL, '698505532'),
(NULL, NULL, '72207772P', 'ESTHER', 'CRUZ AGUDO', '1998-07-19', 'SANTANDER', 'CANTABRIA', 'ESPAÑOLA', 'LOS ROBLES 3 2ºC', '39620', 'SARÓN', 'ESPAÑA', '622919842', '693266035', 'cruzagudo98@gmail.com', NULL, 'SANTA VIRGEN DE VALVANUZ', 'TÉCNICO CUIDADOS AUXILIARES ENFERMERÍA', NULL, NULL),
(NULL, NULL, '72207868N', 'ALDRIC OLIVIER', 'BAGUENA GÓMEZ', '2002-12-22', 'BRUSELAS', 'BÉLGICA', 'BELGA', 'C- ALTA 58 P6 A', NULL, 'SANTANDER', 'BELGICA', NULL, '618396490', 'tj.gomez@gmail.com', NULL, NULL, NULL, NULL, NULL),
(NULL, NULL, '72207912X', 'PABLO', 'GARCÍA GONZÁLEZ', '1997-09-26', 'SANTANDER', 'CANTABRIA', 'ESPAÑOLA', 'C- TRES DE NOVIEMBRE 27, 3º IZDA', '39010', 'SANTANDER', 'ESPAÑA', NULL, '690190788', NULL, NULL, 'CEINMARK', 'CFGM GESTIÓN ADMNISTRATIVA', NULL, NULL),
(NULL, NULL, '72209456J', 'Mª BELÉN', 'FUENTES FERNÁNDEZ', '2000-08-06', 'SANTANDER', 'CANTABRIA', 'ESPAÑOLA', 'C- BELLAVISTA, Nº 48, 2º IZ.', '39012', 'SANTANDER', 'ESPAÑA', NULL, '660194900', 'mbffer@gmail.com', NULL, 'IES LAS LLAMAS', 'BACHILLERATO (CIENCIAS SOCIALES)', NULL, NULL),
(NULL, NULL, '72222690E', 'ALBERT ALEXANDER', 'TOYO ESPINOZA', '1993-01-30', 'VENEZUELA', 'VENEZUELA', 'VENEZOLANA', 'C-CAMILO ALONSO VEGA 12 6ºD', '39007', 'SANTANDER', 'VENEZUELA', NULL, '652136639', 'albes_8893@hotmail.com', NULL, 'VENEZUELA', 'BACHILLER', NULL, NULL),
(NULL, NULL, '72224601R', 'ESTEFANIA', 'PEREZ CORDERO', '2001-07-31', 'TORRELAVEGA', 'CANTABRIA', 'ESPAÑOLA', 'LASAGA LARRETA', '39300', 'TORRELAVEGA', 'ESPAÑA', '942895217', '661511161', 'estefaniaperez137@gmail.com', NULL, 'IES MARQUES DE SANTILLANA', 'BACHILLERATO', NULL, NULL),
(NULL, NULL, '72225191Q', 'RAÚL', 'VELARDE GANSEDO', '1999-11-23', 'SANTANDER', 'CANTABRIA', 'ESPAÑOLA', 'C-JOSÉ MARÍA DE PEREDA 22 4ºD', '39300', 'TORRELAVEGA', 'ESPAÑA', NULL, '635134585', 'velarderaul19@gmail.com', NULL, 'COLEGIO LA PAZ', '2º ESO', NULL, NULL),
(NULL, NULL, '72226636N', 'NICOLÁS', 'GARCÍA SALINAS', '2002-06-07', 'TORRELAVEGA', 'CANTABRIA', 'ESPAÑOLA', 'URBANIZACIÓN MIRASIERRA, Nº 8, 1º A', '39317', 'TORRELAVEGA', 'ESPAÑA', '942180550', '601025684', 'garciasalinas86@gmail.com', NULL, NULL, NULL, NULL, NULL),
(NULL, NULL, '72227889T', 'CRISTIAN GUSTAVO', 'DAZA MAGNE', '1995-04-05', 'SANTA CRUZ DE LA SIERRA', 'BOLIVIA', 'BOLIVIANA', 'C- EL PUENTE Nº 68 PORTAL 6 3º IZDA', '39584', 'CILLORIGO DE LIEBANA', 'BOLIVIA', NULL, '633701698', NULL, NULL, NULL, NULL, NULL, NULL),
(NULL, NULL, '72229452E', 'MARÍA', 'QUIJANO POLO', '1997-02-09', 'SANTANDER', 'CANTABRIA', 'ESPAÑOLA', 'LAS CUEVAS Nº15-PUERTA 58', '39690', 'LA CONCHA- VILLAESCUSA', 'ESPAÑA', '661424412', '648722040', 'mquijanopolo@gmail.com', NULL, 'IES SANTA CLARA', 'BACHILLER', NULL, NULL),
(NULL, NULL, '72230109N', 'BELÉN', 'SÁEZ GONZÁLEZ', '1999-12-17', 'SANTANDER', 'CANTABRIA', 'ESPAÑOLA', 'C-LOS ABEDULES 9 3D', '39011', 'SANTANDER', 'ESPAÑA', NULL, '660882077', 'belen.saez53@gmail.com', NULL, 'CEINMARK', 'GESTIÓN ADMINISTRATIVA', NULL, NULL),
(NULL, NULL, '72230344V', 'AGUSTÍN', 'PÉREZ GERRÚ', '2002-09-08', 'SANTANDER', 'CANTABRIA', 'ESPAÑOLA', 'C- MÁLAGA, 8, BAJO', '39007', 'SANTANDER', 'ESPAÑA', NULL, '633541575', 'agusito.santander2002@gmail.com', NULL, 'COMPAÑÍA DE MARÍA', '2º ESO', NULL, NULL),
(NULL, NULL, '72231012H', 'JUAN', 'GOMEZ CARDO', '1999-02-28', 'SANTANDER', 'CANTABRUA', 'ESPAÑOLA', 'BARRIO ALTO SAN PANTALEON 215 F', '39618', 'MARINA DE CUDEYO', 'ESPAÑA', NULL, '646326303', NULL, NULL, 'CENTRO PRIVADO FP MARIA INMACULADA', 'CFGM SIST. MICROINFORMATICOS Y REDES', NULL, NULL),
(NULL, NULL, '72231142X', 'DIEGO', 'GONZÁLEZ BAÑUELOS', '2000-11-13', 'SANTANDER', 'CANTABRIA', 'ESPAÑOLA', 'C- FLORANES, Nº 27, 2º D', '39010', 'SANTANDER', 'ESPAÑA', NULL, '676418764', 'xnero13@gmail,com', NULL, 'CEPA DE SANTANDER', 'ESO', NULL, NULL),
(NULL, NULL, '72231544K', 'MANUEL ANDRÉS', 'MARTÍN MAZORRA', '1995-01-29', 'LEIDEN (PAISES BAJOS)', 'ZUID HOLLAND', 'HOLANDESA', 'CALLE HERNAN CORTES 30 4A', '39003', 'SANTANDER', 'HOLANDA', NULL, '638819536', 'man.ual@hotmail.com', NULL, NULL, 'TECNICO O EQUIVALENTE', NULL, NULL),
(NULL, NULL, '72231578D', 'HUGO', 'PÉREZ HORNERO', '1998-11-26', 'PIÉLAGOS', 'CANTABRIA', 'ESPAÑOLA', 'C-PRADO SAN ROQUE 34 4ºC', '39001', 'SANTANDER', 'ESPAÑA', NULL, '633365815', 'hugoperezhornero@gmail.com', NULL, 'CENTRO Mª INMACULADA', 'TÉCNICO EN SISTEMAS MICROINFORMÁTICOS Y REDES', NULL, NULL),
(NULL, NULL, '72232297S', 'SAMUEL', 'CEBALLOS GONZÁLEZ', '2000-02-07', 'SANTANDER', 'CANTABRIA', 'ESPAÑOLA', 'C- LA ROCA, Nº 6, 3º D', '39001', 'SANTANDER', 'ESPAÑA', NULL, NULL, 'PHAMTOMS12@HOTMAIL.COM', NULL, 'IES JOSE MARÍA PEREDA', '2º ESO', NULL, NULL),
(NULL, NULL, '72232839M', 'PABLO', 'COBO SAIZ', '2000-10-31', 'SANTANDER', 'CANTABRIA', 'ESPAÑOLA', 'CALLE LOS CALDERONES 4A', '39110', 'SANTA CRUZ DE BEZANA', 'ESPAÑA', NULL, '665195846', 'pablocobo61@gmail.com', NULL, 'DECROLY', 'CFGM SIST. MICROINFORMATICOS Y REDES', NULL, NULL),
(NULL, NULL, '72233907S', 'SANTIAGO', 'MIRONES CALLEJO', '2002-10-24', 'SANTANDER', 'CANTABRIA', 'ESPAÑOLA', 'BARRIO SANTA BÁRBARA 307', '39540', 'PUENTE SAN MIGUEL', 'ESPAÑA', '942820866', '686453044', 'santimadrid10@hotmail.com', NULL, 'COLEGIO LA PAZ', '3º ESO', NULL, NULL),
(NULL, NULL, '72258069G', 'YAIZA', 'ARROYO GUTIERREZ', '1997-09-28', 'SANTANDER', 'CANTABRIA', 'ESPAÑOLA', 'C-MALLORCA Nº29-4ºDCHA', '39200', 'REINOSA', 'ESPAÑA', '942216565', '609242283', 'yarrogu@hotmail.com', NULL, 'CENTRO SAN JOSE-NIÑO JESÚS', 'BACHILLER', NULL, NULL),
(NULL, NULL, '72258331J', 'ANTONIO', 'ROBLES JIMÉNEZ', '1996-12-19', 'SANTANDER', 'CANTABRIA', 'ESPAÑOLA', 'C- LA TEJERA, 142', '39478', 'BOO DE PIÉLAGOS', 'ESPAÑA', '942586234', '666970087', 'antoniorobles1389@outlook.es', NULL, 'IES LA MARINA', 'ESO', NULL, NULL),
(NULL, NULL, '72258524E', 'LISANDRA', 'SALAZAR GARCÍA', '1975-07-19', NULL, 'LIMA', 'PERUANA', 'C-SEGOVIA Nº16-3ºDCHA', '39007', 'SANTANDER', 'PERU', NULL, '676696454', 'aleliz024@hotmail.com', NULL, 'PERU', 'HOMOLOGACIÓN BACHILLER', NULL, NULL),
(NULL, NULL, '72259635Y', 'GISELLA ESTEFANI', 'SANTANA BULGARIN', '1992-10-07', 'ECUADOR', 'GUAYAQUIL', 'ECUATORIANA', 'C- LA LIBERTAD 17, 3º I', '39811', 'MOMPÍA', 'ECUADOR', NULL, '648643518', 'gisellasantana92@hotmail.com', NULL, 'CEINMARK', 'CFGM GESTIÓN ADMINISTRATIVA', NULL, NULL);
INSERT INTO `alumnos_1` (`id_escolar`, `expe_centro`, `DNI`, `Nombre`, `Apellidos`, `f_nac`, `loc_nac`, `prov_nac`, `Nacionalidad`, `Domicilio`, `cp`, `localidad`, `provincia`, `tel_fijo`, `Movil`, `email`, `discapacidad`, `centro_ant`, `tit_acceso`, `foto`, `Observaciones`) VALUES
(NULL, NULL, '72260748S', 'DANIEL', 'RIAÑO CANALEJO', '2003-12-05', 'CAMARGO', 'CANTABRIA', NULL, 'C-JUAN PALENCIA 4A Nº7', '39600', 'MURIEDAS', 'ESPAÑA', NULL, '628169756', NULL, NULL, 'IES VALLE DE CAMARGO', NULL, NULL, NULL),
(NULL, NULL, '72260932S', 'JOSE ANTONIO', 'MACHO FERNANDEZ', '2003-03-12', 'SANTANDER', 'CANTABRIA', 'ESPAÑOLA', 'C- GUTIERREZ SOLANA', '39011', 'SANTANDER', 'ESPAÑA', '601042261', '646903390', NULL, NULL, 'IES AG LINARES', 'FPB BÁSICA INFORMATICA Y COMUNICACIONES', NULL, NULL),
(NULL, NULL, '72261287W', 'VÍCTOR', 'CANAL ARROYO', '2003-10-31', 'SANTANDER', 'CANTABRIA', 'ESPAÑOLA', 'C-JUAN JOSÉ PÉREZ DEL MOLINO 12 4ºD', '39006', 'SANTANDER', 'ESPAÑA', NULL, '616732364', 'mapyarroyo10@yahoo.es', NULL, 'COLEGIO TORREVELO', '2º ESO', NULL, NULL),
(NULL, NULL, '72261318X', 'ISABEL', 'TORRE CARBONELL', '1995-08-26', 'SANTANDER', 'CANTABRIA', 'ESPAÑOLA', 'CALLE LABARO 9 2D', '39007', 'SANTANDER', 'ESPAÑA', '942375630', '618457091', 'isabeltc21@gmail.com', NULL, 'SANTA CLARA', 'GRADUADO EN ESO', NULL, NULL),
(NULL, NULL, '72261653T', 'LINA JULIETH', 'FERNÁNDEZ LÓPEZ', '1992-11-19', 'CALI', 'EL VALLE DEL CAUCA', 'COLOMBIANA', 'C- CONCEPCIÓN ARENAL', '39002', 'SANTANDER', 'COLOMBIA', NULL, '660455482', 'linafernandez19@hotmail.com', NULL, 'CEINMARK', 'TCO. ADMINISTRATIVO', NULL, NULL),
(NULL, NULL, '72261917B', 'SILVIA', 'DIEDRICH GARCÍA', '1999-07-13', 'VIGO', 'PONTEVEDRA', 'ESPAÑOLA', 'C- VAZQUEZ DE MELLA Nº 5 3º IZDA', '39007', 'SANTANDER', 'ESPAÑA', NULL, '633053595', 'silviagssp99@gmail.com', NULL, 'IES JOSÉ MARÍA PEREDA', 'BACHILLERATO (HUMANIDADES Y CIENCIAS SOCIALES)', NULL, NULL),
(NULL, NULL, '72262979S', 'PAULA', 'BUSTAMANTE RIOS', '2000-08-25', 'SANTANDER', 'CANTABRIA', 'ESPAÑOLA', 'FRANCISCO TOMAS Y VALIENTE 23', '39011', 'SANTANDER', 'ESPAÑA', '942352084', '649786518', 'colegiopaulabustamenterios@gmail.com', NULL, 'IES PEÑACASTILLO', 'BACHILLER', NULL, NULL),
(NULL, NULL, '72262998B', 'ÁNGELA', 'JIMÉNEZ LARRALDE', '2001-05-18', 'SANTANDER', 'CANTABRIA', 'ESPAÑOLA', 'URB LA ROCA 19', '39110', 'SAN CIBRIÁN', 'ESPAÑA', NULL, '667306004', 'ajimenez.l.2001@gmail.com', NULL, 'COLEGIO SAN JOSÉ', 'ESO', NULL, NULL),
(NULL, NULL, '72265589A', 'FRANCISCO JAVIER', 'CARRILES ALBERDI', '1998-06-21', 'SANTANDER', 'CANTABRIA', 'ESPAÑOLA', 'C- CUATRO CAMINOS 1, 3º O', '39130', 'PEDREÑA', 'ESPAÑA', '627231563', '622550736', 'javixqfriki_98@hotmail.com', NULL, 'TORREANAZ', 'BACHILLERATO - HUMANIDADES Y CIENCIAS SOCIALES', NULL, NULL),
(NULL, NULL, '72266265N', 'MARÍA', 'ANTONIO GARCÍA', '2001-07-22', 'SANTANDER', 'CANTABRIA', 'ESPAÑOLA', 'AVDA. DE LA CONSTITUCIÓN, 6, 5ºB', '39600', 'MALIAÑO', 'ESPAÑA', '942250240', '655837053', 'meerigarcia22@gmail.com', NULL, 'SAGRADA FAMILIA', 'ESO', NULL, NULL),
(NULL, NULL, '72266701B', 'JONNATHAN', 'HERRERA MARTINEZ', '2004-03-15', 'RIBAMONTAN AL MAR', 'CANTABRIA', 'ESPAÑOLA', 'C- PADRE RÁBAGO', '39008', 'SANTANDER', 'ESPAÑA', '622051997', NULL, NULL, NULL, 'IES AG LINARES', 'FP BASICA INFORMATICA Y COMUNICACIONES', NULL, NULL),
(NULL, NULL, '72267642D', 'MARÍA FERNANDA', 'CARBALLIDO SIERRA', '1991-11-20', 'BUCARAMANGA', 'BUCARAMANGA', 'COLOMBIANA', 'C- ISAAC PERAL, 26, PORTAL 11 6º I', '39008', 'SANTANDERº', 'COLOMBIA', NULL, '618376339', 'mariafernandacs@hotmail.es', NULL, 'CEINMARK', 'CFGM GESTIÓN ADMINISTRATIVA', NULL, NULL),
(NULL, NULL, '72268370R', 'JAVIER', 'SAN MARTIN GOMEZ', '1996-04-18', 'SANTANDER', 'CANTABRIA', 'ESPAÑOLA', 'C- HERNÁN CORTÉS 55, 2º IZDA, ESC B', '39003', 'SANTANDER', 'ESPAÑA', '942216828', '600006479', 'javisanmarting9@gmail.com', NULL, 'LOS ANGELES CUSTODIOS', 'TECNICO EN FARMACIA Y PARAFARMACIA', NULL, NULL),
(NULL, NULL, '72269663Y', 'RENZO FERNANDO J', 'LAURIA MARTINEZ', '2001-10-16', 'MENDOZA', 'MENDOZA', 'ARGENTINA', 'BJDA. SAN JUAN 22 P03 DR', '39012', 'SANTANDER', 'ARGENTINA', NULL, '665021985', NULL, NULL, 'CENTRO PUENTE', 'ESO', NULL, NULL),
(NULL, NULL, '72270116E', 'KARLA ALEXANDRA', 'RAMÍREZ CUSTALS', '2001-09-26', 'REPÚBLICA DOMINICANA', NULL, 'DOMINICANA', 'C- ALTA, 46 A ESCALERA B 2º A', '39008', 'SANTANDER', 'REPUBLICA DOMINICANA', NULL, '625247397', 'karla__a@hotmail.com', NULL, 'SANTA MARÍA MICAELA', 'ESO', NULL, NULL),
(NULL, NULL, '72270162E', 'PEDRO FRANCISCO', 'GAVELA MARTINEZ', '2001-09-14', 'SANTANDER', 'CANTABRIA', 'ESPAÑOLA', 'C-ALONSO 15, 1º B', '39010', 'SANTANDER', 'ESPAÑA', NULL, '645268680', 'lanadelreyxd27@gmail.com', NULL, 'IES LEORNARDO TORRES QUEVEDO', 'BACHILLERATO (ARTES)', NULL, NULL),
(NULL, NULL, '72270390C', 'ELENA', 'CAMPOS URTIAGA', '1998-02-24', 'NICARAGUA', NULL, 'NICARAGUENSE', 'C- TENIENTE FUENTES PILA, 18, 2º K', '39005', 'SANTANDER', 'NICARAGUA', NULL, '605408200', 'e.caur@hotmail.com', NULL, NULL, 'ESO', NULL, NULL),
(NULL, NULL, '72270745F', 'BRITTANNY', 'ANDRADE GONZÁLEZ', '1999-11-01', 'ECUADOR', NULL, 'ECUATORIANA', 'Bº LA CAGIGA, 10 B, CASA 7', '39478', 'PIÉLAGOS', 'ECUADOR', NULL, '637678368', 'andradegonzalezbrittanny@gmail.com', NULL, 'HERNÁN CORTÉS', 'TÉCNICO EN COMERCIO Y MARKETING', NULL, NULL),
(NULL, NULL, '72272615Z', 'ENRIQUE', 'FLORENCIO GIL', '2001-12-11', 'SANTANDER', 'CANTABRIA', 'ESPAÑOLA', 'BARRIO SUMIGEDO 25', '39197', 'ARGOÑOS', 'ESPAÑA', NULL, '689653121', 'enflogil@gmail.com', NULL, 'IES MARQUES DE MANZANEDO', 'BACHILLER', NULL, NULL),
(NULL, NULL, '72272850L', 'JOSÉ ANTONIO', 'DIEGO VILLANUEVA', '1999-01-08', 'SANTANDER', 'CANTABRIA', 'ESPAÑOLA', 'CALLE GENERAL MOSCARDÓ 5 7D', '39009', 'SANTANDER', 'ESPAÑA', NULL, '623173470', 'jadiegovillanueva@gmail.com', NULL, 'DECROLY', 'CFGM SIST. MICROINFORMATICOS Y REDES', NULL, NULL),
(NULL, NULL, '72275147Q', 'ALEXANDRA', 'CRESPO BRINGAS', '2001-08-14', 'SANTANDER', 'CANTABRIA', 'ESPAÑOLA', 'C- ALTA, 109 A, 3º DRCHA.', '39008', 'SANTANDER', 'ESPAÑA', '942351514', '601423672', 'alexandracrespobringas@gmail.com', NULL, 'IES ALBERTO PICO', '3º ESO', NULL, NULL),
(NULL, NULL, '72275347D', 'ERICKA MARIUXI', 'PALACIOS ALCIVAR', '1988-07-29', 'GUAYAQUIL', 'ECUADOR', 'ECUATORIANA', 'C- LA LUZ', '39008', 'SANTANDER', 'ECUADOR', NULL, '640832157', 'mariuxi29.epa@gmail.com', NULL, NULL, 'TÉCNICA EN CUIDADOS AUXILIARES DE ENFERMERÍA', NULL, NULL),
(NULL, NULL, '72276689V', 'MARIA DEL ROSARI', 'ZELA OYARDO', '1971-11-06', 'MIRAFLORES', 'LIMA (PERU)', 'PERUANA', 'CALLE COLOMBIA 12 4IZ', '39008', 'SANTANDER', 'PERU', NULL, '691156413', 'rosariozela@hotmail.com', NULL, NULL, 'CFGM CUIDADOS AUXILIARES DE ENFERMERIA', NULL, NULL),
(NULL, NULL, '72278181Z', 'NANCY SILVINA', 'VERASTEGUI ISIDRO', '1973-05-23', 'PASCO PERÚ', 'PASCO', 'PERUANA', 'C-LOS INDIANOS 2 4º DCHA', '39010', 'SANTANDER', 'PERU', NULL, '625064175', 'nancynvi1234@gmail.com', NULL, 'IES SANTA CLARA', 'ATENCIÓN A PERSONAS EN SITUACIÓN DE DEPENDENCIA', NULL, NULL),
(NULL, NULL, '72278219Y', 'ERIKA MODESTA', 'COBOS ENCARNACIÓN', '2000-04-06', 'SANTANDER', 'CANTABRIA', 'DOMINICANA', 'MARQUÉS DE LA HERMIDA, 36, 1º, P 13', '39009', 'SANTANDER', 'REPUBLICA DOMINICANA', NULL, '677888665', 'erikacobos35@gmail.com', NULL, 'MIGUEL BRAVO', 'ESO', NULL, NULL),
(NULL, NULL, '72278579K', 'FRANCISCO', 'ZURITA TABORGA', '1998-10-19', 'BOLIVIA', NULL, 'ESPAÑOLA', 'CALLE ALTA, 1, 4º IZ', '39008', 'SANTANDER', 'ESPAÑA', NULL, '637367978', 'fran48zurita84@gmail.com', NULL, 'IES JOSE MARÍA PEREDA', 'BACHILLERATO', NULL, NULL),
(NULL, NULL, '72279229G', 'DESIREE', 'SILVA JIMÉNEZ', '1999-02-18', 'SANTANDER', 'CANTABRIA', 'ESPAÑOLA', 'CUESTA DEL HOSPITAL, Nº 18, 2º', '39008', 'SANTANDER', 'ESPAÑA', NULL, '722511781', NULL, NULL, 'IES ALISAL', '2º ESO', NULL, NULL),
(NULL, NULL, '72279404H', 'MILADY SHANEL', 'VILLEGAS DAVAS', '1999-05-13', 'BAHIA DE CARAQUEZ', 'MANABI', 'ECUATORIANA', 'C- JOSE BARROS Nº1 -4º B', '39600', 'MALIAÑO', 'ECUADOR', '942762169', '601258130', 'lizzdavas@gmail.com', NULL, 'IES MURIEDAS', 'BACHILLER', NULL, NULL),
(NULL, NULL, '72279491J', 'DAVID', 'SANCHEZ CUESTA', '2002-08-24', 'MOMPIA', 'CANTABRIA', 'ESPAÑOLA', 'C SAN MARTÍN DEL PINO 23-P2-BAJO de', '39011', 'SANTANDER', 'ESPAÑA', '696829010', '676240587', 'rogodamar1@gmail.com', NULL, 'SAN ANTONIO', 'ESO', NULL, NULL),
(NULL, NULL, '72280625C', 'CRISTIAN DAVID', 'JIMÉNEZ ARENAS', '1998-04-09', 'CALI', 'VALLE DEL CAUCA', 'COLOMBIANA', 'C- SANTA LUCIA 8', '39003', 'SANTANDER', 'COLOMBIA', NULL, '651099960', 'cjimenezagad@ceinmark.net', NULL, 'CEINMARK', 'CFGM de FM GESTIÓN ADMINISTRATIVA', NULL, NULL),
(NULL, NULL, '72281993P', 'MAYERLY GENITH', 'BARCIA RODRÍGUEZ', '2002-01-10', 'ECUADOR', NULL, 'ECUATORIANA', 'CAMILO ALONSO VEGA, Nº 20, 1º F', '39007', 'SANTANDER', 'ECUADOR', NULL, '722290387', NULL, NULL, 'MERCEDARIAS', 'CURSÓ 4º DE LA ESO', NULL, NULL),
(NULL, NULL, '72289600W', 'JAIRO', 'PEREZ MADARZO', '2004-02-18', 'SANTANDER', 'CANTABRIA', 'ESPAÑOLA', 'C-GENERAL DAVILA 91 (CAIF)', '39006', 'SANTANDER', 'ESPAÑA', '942231463', NULL, 'jairomadrazo5@gmail.com', NULL, 'IES BESAYA', 'FPB C0CINA', NULL, NULL),
(NULL, NULL, '72291462R', 'JORAL DANI', 'CÉSPEDES RAMÍREZ', '1999-10-06', 'AZUA', 'AZUA', 'DOMINICANA', 'GENERAL DÁVILA, 278,  5º IZQ.', '39006', 'SANTANDER', 'REPUBLICA DOMINICANA', NULL, '693559738', 'jarolramirez10@gmail.com', NULL, 'ESCUELA DE ADULTOS', 'ESO', NULL, NULL),
(NULL, NULL, '723050648P', 'Adriana', 'Martínez Guillén', '1995-03-07', 'Santander', 'Cantabria', 'ESPAÑOLA', 'C- Jose María de Cossío 11, 2d', '39011', 'SANTANDER', 'ESPAÑA', NULL, '654010688', 'amguillen17@hotmail.es', NULL, 'IES El Alisal', 'Bachiller', NULL, NULL),
(NULL, NULL, '72305774F', 'IVONNE KATHERINE', 'GUILLÉN SEVERINO', '1999-05-17', 'LIMA', NULL, 'PERUANA', 'C- SAN LUIS Nº10-1º DCHA', '39010', 'SANTANDER', 'PERU', NULL, '685401237', 'luuuciags17@gmail.com', NULL, 'IES ALBERTO PICO', 'ESO', NULL, NULL),
(NULL, NULL, '72306199H', 'ALEX', 'JIMÉNEZ JIMÉNEZ', '2003-08-26', 'SANTANDER', 'CANTABRIA', 'ESPAÑOLA', 'C-CARMEN BRAVO VILLASANTE, 8, 4º A', '39011', 'SANTANDER', 'ESPAÑA', NULL, '662495184', NULL, NULL, 'IES AUGUSTO GONZÁLEZ LINARES', '2º ESO', NULL, NULL),
(NULL, NULL, '72350942A', 'MIGUEL ÁNGEL', 'PRIETO ENRÍQUEZ', '2000-09-28', 'SANTANDER', 'CANTABRIA', 'ESPAÑOLA', 'C- LOS ENCINARES Nº 3 2º D', '39011', 'SANTANDER', 'ESPAÑA', '942054055', '608495623', 'mikelean12@gmail.com', NULL, 'IES AUGUSTO LINARES', 'PRUEBA DE ACCESO A CFGS. OPCIÓN B', NULL, NULL),
(NULL, NULL, '72350951N', 'MARTA', 'ARCE VÍA', '1997-07-09', 'SANTANDER', 'CANTABRIA', 'ESPAÑOLA', 'BARRIO ARENAS Nº17', '39609', 'ESCOBEDO DE CAMARGO', 'ESPAÑA', '942258150', '675941318', 'martaarce9797@gmail.com', NULL, 'IES RIA DEL CARMEN', 'BACHILLER', NULL, NULL),
(NULL, NULL, '72351144K', 'ÁLVARO', 'OREÑA GÓMEZ', '1998-11-17', 'SANTANDER', 'CANTABRIA', 'ESPAÑOLA', 'AVDA. MARQUES DE VALDECILLA 44D', '39110', 'SANTA CRUZ DE BEZANA', 'ESPAÑA', NULL, '689737242', 'alvarore_98@hotmail.com', NULL, 'IES AUGUSTO GONZALEZ DE LINARES', 'PRUEBA DE ACCESO A CFGS', NULL, NULL),
(NULL, NULL, '72351255V', 'PAULA', 'HERRERO OLAVARRI', '1996-09-13', 'SANTANDER', 'CANTABRIA', 'ESPAÑOLA', 'RIA DE SOLÍA, Nº 14, 4º T', '39610', 'EL ASTILLERO', 'ESPAÑA', NULL, '644148046', 'pherrero.olavarri@gmail.com', NULL, 'UNIVERSIDAD DE CANTABRIA', 'GRADO EN ADMINISTRACIÓN Y DIRECCIÓN DE EMPRESAS', NULL, NULL),
(NULL, NULL, '72351271X', 'OLIVER', 'LÓPEZ FERNÁNDEZ', '1999-10-25', 'SANTANDER', 'CANTABRIA', 'ESPAÑOLA', 'C- GERARDO DE ALVEAR, 13 C, 2 D', '39011', 'SANTANDER', 'ESPAÑA', '942034776', '677778887', 'KOMPLOT11@GMAIL.COM', NULL, NULL, NULL, NULL, NULL),
(NULL, NULL, '72351389J', 'RUBÉN', 'GARAÑA RODRIGUEZ', '2000-04-08', 'SANTANDER', 'CANTABRIA', 'ESPAÑOLA', 'CALLE CAMILO ALONSO VEGA 22 1D', '39007', 'SANTANDER', 'ESPAÑA', NULL, '644371163', 'rubengaraña2000@gmail.com', NULL, 'IES JOSE MARIA PEREDA', 'BACHILLERATO', NULL, NULL),
(NULL, NULL, '72351517A', 'SERGIO', 'CEA GOMEZ', '2000-10-12', 'SANTANDER', 'CANTABRIA', 'ESPAÑOLA', 'CALLE LA GLORIA 178B', '39012', 'SANTANDER', 'ESPAÑA', NULL, '692270815', NULL, NULL, 'DECROLY', 'CICLO GRADO MEDIO SIST. MICROINFORMÁTICOS REDES', NULL, NULL),
(NULL, NULL, '72351650K', 'CRISTINA', 'JIMENEZ GARCIA', '1993-06-04', 'SANTANDER', 'CANTABRIA', 'ESPAÑOLA', 'C- CARDENAL HERRERA ORIA 55 1ºD', '39011', 'SANTANDER', 'ESPAÑA', NULL, '643719368', NULL, NULL, NULL, NULL, NULL, NULL),
(NULL, NULL, '72352478K', 'OSCAR', 'CELADOR MADRAZO', '2000-05-20', 'SANTANDER', 'CANTABRIA', 'ESPAÑOLA', 'AVDA. LA LIBERTAD 23B 2 P02 DR', '39600', 'MURIEDAS', 'ESPAÑA', NULL, '601409346', 'oscarceladormadrazo@gmail.com', NULL, 'IES MURIEDAS', 'BACHILLER', NULL, NULL),
(NULL, NULL, '72352700J', 'ANDRÉS', 'PADÍN NORIEGA', '2000-08-03', 'SANTANDER', 'CANTABRIA', 'ESPAÑOLA', 'C-PRONILLO 21 P3B', '39012', 'SANTANDER', 'ESPAÑA', NULL, '601353825', '6andresplay@gmail.com', NULL, NULL, 'ESO', NULL, NULL),
(NULL, NULL, '72353847X', 'ALEXANDRA', 'ÁLVAREZ VALLE', '1997-05-05', 'SANTANDER', 'CANTABRIA', 'ESPAÑOLA', 'AVDA. NUEVA MONTAÑA Nº 18, 1º B', '39011', 'SANTANDER', 'ESPAÑA', NULL, '682378536', 'alexandralvarez@gmail.com', NULL, NULL, 'TÉCNICO EN GRADO MEDIO GESTIÓN ADMINISTRATIVA', NULL, NULL),
(NULL, NULL, '72353880C', 'CRISTINA', 'BORJA JIMÉNEZ', '2001-12-24', 'SANTANDER', 'CANTABRIA', 'ESPAÑOLA', 'AVDA. CARDENAL HERRERA ORIA 61P10C', NULL, 'SANTANDER', 'ESPAÑA', NULL, '675465054', 'criisborjajimenez@gmail.com', NULL, NULL, 'ESO', NULL, NULL),
(NULL, NULL, '72353882E', 'JESICA', 'BORJA JIMÉNEZ', '2001-12-24', 'SANTANDER', 'CANTABRIA', 'ESPAÑOLA', 'AVDA CARDENAL HERRERA ORIA 61P10C', NULL, 'SANTANDER', 'ESPAÑA', NULL, '600611214', NULL, NULL, NULL, 'PRUEBA DE ACCESO A CICLOS FORMATIVOS', NULL, NULL),
(NULL, NULL, '72353883T', 'RAQUEL', 'BORJA JIMÉNEZ', '2001-12-24', 'SANTANDER', 'CANTABRIA', 'ESPAÑOLA', 'AVDA. CARDENAL HERRERA ORIA 61 P10C', '39011', 'SANTANDER', 'ESPAÑA', NULL, '674993352', 'antoniobarrulete@gmail.com', NULL, 'IES CANTABRIA', 'ESO', NULL, NULL),
(NULL, NULL, '72353961D', 'LEIRE', 'TERÁN FLORES', '1994-09-09', 'BILBAO', 'VIZCAYA', 'ESPAÑOLA', 'Bº LA MADRID, Nº 39 B', '39790', 'GAMA', 'ESPAÑA', NULL, '692527990', 'teranflores leyre@gmail.com', NULL, NULL, NULL, NULL, NULL),
(NULL, NULL, '72354043E', 'PABLO', 'ORTA ALONSO', '1999-02-17', 'MOMPÍA', 'CANTABRIA', 'ESPAÑOLA', 'URBANIZACIÓN BEZANA BELLA, Nº 44', '39100', 'BEZANA', 'ESPAÑA', NULL, '601285921', 'info@albergueelportalon.com', NULL, NULL, 'CICLO DE GRADO MEDIO', NULL, NULL),
(NULL, NULL, '72354608N', 'MARTA', 'BARCENA SOTA', '1998-09-02', 'SANTANDER', 'CANTABRIA', 'ESPAÑOLA', 'CALLE LOS CIRUELOS 27 1B', '39011', 'SANTANDER', 'ESPAÑA', NULL, '633743210', 'martabarcenasota@gmail.com', NULL, 'COLEGIO MARIA AUXILIADORA (SANTANDER)', 'BACHILLER', NULL, NULL),
(NULL, NULL, '72355361Y', 'OLGA', 'FERNÁNDEZ ÁLVAREZ', '2001-07-15', 'SANTA CRUZ DE BEZANA', 'CANTABRIA', 'ESPAÑOLA', 'URB EL PARQUE II Nº25', '39100', 'SANTA CRUZ DE BEZANA', 'ESPAÑA', '942585761', '687485493', 'alfylour@yahoo.es', NULL, 'IES CASTROVERDE', '3º ESO', NULL, NULL),
(NULL, NULL, '72356517N', 'ETHAN', 'PÉREZ LEAL', '1998-01-25', 'SANTANDER', 'CANTABRIA', 'ESPAÑOLA', 'ISAAC ALBÉNIZ, 2, 3º A', '39011', 'SANTANDER', 'ESPAÑA', NULL, '651560244', 'ethanperezleal98@gmail.com', NULL, NULL, NULL, NULL, NULL),
(NULL, NULL, '72356799H', 'CRISTIAN ANDERSO', 'CAMPOS RAMOS', '2001-02-07', 'PERÚ', NULL, 'ESPAÑOLA', 'C- CUESTA GARMENDIA, 12, 1º DRCHA.', '39008', 'SANTANDER', 'ESPAÑA', NULL, '685323110', 'cristianj020916@gmail.com', NULL, NULL, NULL, NULL, NULL),
(NULL, NULL, '72357187S', 'ÁNGELA', 'GARCÍA ALONSO', '1998-01-12', 'SANTANDER', 'CANTABRIA', 'ESPAÑOLA', 'Bª LAS ESCUELAS, 71 D, CHALET 11', '39719', 'MARINA DE CUDEYO (SETIÉN)', 'ESPAÑA', NULL, '675731858', 'angelaagarciaalonso@gmail.com', NULL, NULL, 'ESO', NULL, NULL),
(NULL, NULL, '72357302S', 'ADRIAN', 'ITURBE ALVARADO', '1998-08-23', 'SANTANDER', 'CANTABRIA', 'ESPAÑOLA', 'CAMILO ALONSO VEGA 54 5D', '39005', 'SANTANDER', 'ESPAÑA', NULL, '601052886', 'acrozback@gmail.com', NULL, 'CEINMARK', 'GSFP DESARROLLO DE APLICACIONES MULTIPLATAFORMA', NULL, NULL),
(NULL, NULL, '72358863N', 'KEVIN', 'BALAGUER SERRANO', '2000-07-17', 'SANTANDER', 'CANTABRIA', 'ESPAÑOLA', 'BARRIO EL CUADRO 181B Nº12', '39692', 'LIAÑO', 'ESPAÑA', NULL, '606575943', 'kevinbalaguerserrano@gmail.com', NULL, 'IES AUGUSTO GONZÁLEZ LINARES', '2º ESO', NULL, NULL),
(NULL, NULL, '72361466Q', 'SUSANA', 'HERNÁNDEZ BORJA', '2002-07-12', 'SANTANDER', 'CANTABRIA', 'ESPAÑOLA', 'C- CARDENAL HERRERA ORIA', '39011', 'SANTANDER', 'ESPAÑA', NULL, '603040407', 'susanamrzoz@gmail.com', NULL, NULL, NULL, NULL, NULL),
(NULL, NULL, '72364332F', 'LLARIS', 'GONZÁLEZ GRACIA', '2004-12-13', 'SANTANDER', 'CANTABRIA', 'ESPAÑOLA', 'C- LOS MOZOS 28A', '39611', 'GUARNIZO', 'ESPAÑA', '635352416', '662485995', 'anbrella90@gmail.com', NULL, 'LOS REMEDIOS', '2º ESO', NULL, NULL),
(NULL, NULL, '73047470E', 'SUSANA BEATRIZ', 'DELVALLE BELOSO', '1972-12-12', 'ASUNCIÓN', 'ASUNCIÓN', 'PARAGUAYA', 'C- FLORANES, 48 1º C', '39010', 'SANTANDER', 'PARAGUAY', NULL, '642325185', 'susanadelvallebeloso@hotmail.com', NULL, NULL, 'HOMOLOGACIÓN TÍTULO BACHILLER', NULL, NULL),
(NULL, NULL, '76061908B', 'LOIDA', 'GARCÍA ALDAMA', '2000-03-23', 'SANTANDER', 'CANTABRIA', 'ESPAÑA', 'AVDA DE LOS CONDES, 1', '39108', 'SANTA CRUZ DE BEZANA', 'ESPAÑA', NULL, '696362923', 'loigaral00@gmail.com', NULL, 'ACADEMIA DIDÁCTICA', 'GRADO MEDIO ADMINISTRACIÓN Y GESTIÓN', NULL, NULL),
(NULL, NULL, 'AR426022', 'HERNANDO', 'ARRUNATEGUI ARROYAVE', '1995-05-17', 'COLOMBIA', 'COLOMBIA', 'COLOMBIANA', 'FRANCISCO TOMAS Y VALIENTE 23E 4A', '39011', 'SANTANDER', 'COLOMBIA', NULL, '643416547', 'ARRUNATEGUI1995@GMAIL.COM', NULL, 'COLOMBIA', 'BACHILLERATO', NULL, NULL),
(NULL, NULL, 'AV614640', 'DARWIN ESTIVEN', 'RICO NIÑO', '2001-10-15', 'COLOMBIA', NULL, 'COLOMBIANA', 'C-ISLA DE CUBA, 17, 4º CENTRO', '39008', 'SANTANDER', 'COLOMBIA', '648976228', '643002132', 'darwinrico.77@gmail.com', NULL, NULL, 'FORMACIÓN EN COLOMBIA', NULL, NULL),
(NULL, NULL, 'GA061895', 'GUSTAVO', 'PEDRONI DA FONSECA', '1995-11-07', 'BRASIL', NULL, 'BRASILEÑA', 'C-FERNANDO DE LOS RÍOS, 64, 6º A', '39006', 'SANTANDER', 'BRASIL', NULL, '643921699', NULL, NULL, NULL, 'BACHILLERATO HOMOLOGADO (PEDIENTE)', NULL, NULL),
(NULL, NULL, 'L325356', 'ESTEBAN EMILIANO', 'PORTILLO OLMEDO', '1995-07-19', 'ASUNCION', 'CENTRAL', 'PARAGUAYA', 'LEALTAD Nº 8 2 IZQUIERDA', '39002', 'SANTANDER', 'PARAGUAY', NULL, '647310845', 'estebanmax19@gmail.com', NULL, 'PARAGUAY', 'BACHILLER HOMOLOGADO', NULL, NULL),
(NULL, NULL, 'V1617708', 'ANGELINA', 'DURÁN JIMÉNEZ', '1976-10-17', 'CORDOBA', 'VERACRUZ', 'MEXICANA', 'CUESTA ATALAYA 1 P02', '39001', 'SANTANDER', 'MEXICO', NULL, '627719355', 'angelydur@hotmail.com', NULL, NULL, 'ESO', NULL, NULL),
(NULL, NULL, 'X2988619E', 'JUANA MARÍA', 'PRECIADOS RODRÍGUEZ', '0000-00-00', NULL, NULL, 'ECUATORIANA', NULL, NULL, 'SANTANDER', 'ECUADOR', NULL, '642169314', NULL, NULL, NULL, 'PENDIENTE DE HOMOLOGACIÓN TÍTULO BACHILLERATO', NULL, NULL),
(NULL, NULL, 'X5144372P', 'LISSET VICTORIA', 'SUÁREZ MORENO', '1990-05-05', 'HOLGUÍN', 'HOLGUÍN', 'CUBANA', 'C- LA LLAMA Nº9-2ºF', '39300', 'TORRELAVEGA', 'CUBA', NULL, '695029791', 'liss.smj25@gmail.com', NULL, 'MARQUES DE SANTILLANA', 'ESO', NULL, NULL),
(NULL, NULL, 'X5478329M', 'ALIONA', NULL, '1979-09-05', 'MONDAVIA', NULL, 'MOLDAVA', 'C- HERMANOS GÓMEZ PEREDO, 17 A', '39600', 'MURIEDAS (CAMARGO)', 'MOLDAVIA', NULL, '664722204', 'alionaciaica@hotmail.com', NULL, NULL, 'ESO', NULL, NULL),
(NULL, NULL, 'X5786345M', 'PETRONA', 'INSAURRALDE MOREL', '1975-06-29', 'CRUCE BELLAVISTA', 'PARAGUAY', 'PARAGUAYA', 'ISLA DE CUBA', '39008', 'SANTANDER', 'PARAGUAY', NULL, '603434505', NULL, NULL, NULL, NULL, NULL, NULL),
(NULL, NULL, 'X606171S', 'ANETTE DAPHNE', 'CRUZ MONDRAGON', '2001-01-13', 'LIMA', 'PERÚ', 'PERUANA', 'AVDA. CAMILO ALONSO VEGA 20 P4 F', NULL, 'SANTANDER', 'PERU', NULL, '640139150', 'anetdel01@gmail.com', NULL, NULL, 'ESO', NULL, NULL),
(NULL, NULL, 'X6156742X', 'SANDRA', 'CORTÉS LUNA', '1988-05-24', 'COLOMBIA', 'COLOMBIA', 'COLOMBIANA', 'C-LUCIANO MALUMBRES 3C PISO 3B', '39011', 'SANTANDER', 'COLOMBIA', NULL, '622172133', 'sandracortes2405@gmail.com', NULL, 'IES AUGUSTO LINARES', 'TÉCNICO EN CUIDADOS AUXILIARES DE ENFERMERÍA', NULL, NULL),
(NULL, NULL, 'X6215395J', 'ALINA', NULL, '1997-08-26', 'HINCESTI', 'HINCESTI', 'MOLDAVA', 'URBANIZACIÓN PORTOBELO N3 BAJO A', '39110', 'SOTO DE LA MARINA', 'MOLDAVIA', NULL, '611025272', 'alinafloreanu4@gmail.com', NULL, 'HERNAN CORTES', 'ADMINISTRACION Y FINANZAS', NULL, NULL),
(NULL, NULL, 'X7196542A', 'JEAN PIERRE', 'GUILLEN SEVERINO', '1997-11-17', 'PERÚ', 'LIMA', 'PERUANA', 'C- CASTILLA 59-A 1º C', '39009', 'SANTANDER', 'PERU', NULL, '657286399', 'cascatelive282@gmail.com', NULL, NULL, NULL, NULL, NULL),
(NULL, NULL, 'X7428203P', 'ANASS', NULL, '2001-07-03', 'LARACHE', NULL, 'MARROQUÍ', 'JUAN JOSÉ PÉREZ DEL MOLINO', '39006', 'SANTANDER', 'MARRUECOS', NULL, '605767775', 'anassyahyaoui01@gamail.com', NULL, 'IES SANTA CLARA', '3º ESO', NULL, NULL),
(NULL, NULL, 'X7866064H', 'RAINGEL', NULL, '2002-11-17', 'SAN JUAN DE LA MAGUANA', 'SAN JUAN', 'DOMINICANA', 'CALLE CAMPOGIRO 10, 3º', '39011', 'santander', 'REPUBLICA DOMINICANA', '664706717', '651742106', 'ANGELA.DRS79@GMAIL.COM', NULL, 'SANTA MARIA MICAELA', '3º ESO', NULL, NULL),
(NULL, NULL, 'X7876807C', 'AGUSTINA', 'PISANI MORA', '1999-01-15', 'BUENOS AIRES', 'ARGENTINA', 'ARGENTINA', 'C- LA AVENIDA 7, 2º D', '39500', 'CABEZÓN DE LA SAL', 'ARGENTINA', NULL, '622183663', 'aguspm234@gmail.com', NULL, 'IES VALLE DEL SAJA', 'BACHILLERATO (CIENCIAS)', NULL, NULL),
(NULL, NULL, 'X8350363Y', 'PETER ANDREW', 'HERNÁNDEZ CUAMO', '2003-12-28', 'NUEVA ESPARTA', 'NUEVA ESPARTA', 'VENEZOLANA', 'LLOSA CAMPO 31 2ºG', '39470', 'RENEDO DE PIÉLAGOS', 'VENEZUELA', NULL, '603494882', 'elisabethcuamo@hotmail.com', NULL, 'COLEGIO TORREANAZ', '2º ESO', NULL, NULL),
(NULL, NULL, 'X8393838B', 'IONELA', NULL, '1981-01-25', 'RUMANÍA', 'RUMANÍA', 'RUMANA', 'C- RUIZ DE ALDA, 11, 4º K', '39009', 'SANTANDER', 'RUMANIA', NULL, '642898190', 'yo_elapop@hotmail.com', NULL, 'RUMANÍA', 'HOMOLOGACIÓN DE BACHILLER', NULL, NULL),
(NULL, NULL, 'X9160582G', 'RENZO RAÚL', 'CAMAYO VARGAS', '1994-09-29', 'LIMA', 'LIMA', 'PERUANA', 'C- PRONILLO, 2, BLOQ. 4, BAJO C', '39012', 'SANTANDER', 'PERU', '942096827', '658752724', 'renzo_tk_5@hotmail.com', NULL, 'ÁNGELES CUSTODIOS', 'TEC. AUXILIAR DE ENFERMERÍA', NULL, NULL),
(NULL, NULL, 'X9319359N', 'CRISTINA JOSEPH', 'ALOMÍA MEDINA', '1996-11-25', 'MOQUEGUA', 'PERU', 'PERUANA', 'C- FRANCISCO RIVERO GIL 1 P3 C', NULL, 'SANTANDER', 'PERU', NULL, '649857153', 'cealomia@gmail.com', NULL, NULL, 'ESO', NULL, NULL),
(NULL, NULL, 'Y0409366A', 'JORDAN', 'VIEGAS SILVA', '1995-01-07', 'BRASIL', 'BRASIL', 'BRASILEÑA', 'C- ALDAY Nº 17 1º B', '39600', 'MALIAÑO (CAMARGO)', 'BRASIL', NULL, '661175402', 'jordanviegassilva@gmail.com', NULL, 'IES TRINIDAD ARROYO (PALENCIA)', 'ESO', NULL, NULL),
(NULL, NULL, 'Y1192487C', 'OTMAN', NULL, '1981-07-01', 'TETUÁN', 'TETUÁN', 'MARROQUÍ', 'C-JOSÉ MARÍA DE COSSÍO', '39011', 'SANTANDER', 'MARRUECOS', NULL, '674534775', 'ssoulaimaniotman@gmail.com', NULL, NULL, 'BACHILLER', NULL, NULL),
(NULL, NULL, 'Y1424018X', 'CATHERINE LILIAN', 'QUIROZ MENDIVEL', '1993-03-31', 'CHIMBOTE', 'ASCASH', 'PERUANA', 'C- CAJO 1 PORTAL 17 1 DCHA', '39011', 'SANTANDER', 'PERU', NULL, '653792939', 'lunna_36@hotmail.com', NULL, NULL, 'BACHILLER ARTES (HOMOLOGADO)', NULL, NULL),
(NULL, NULL, 'Y1424470W', 'SUSANA ESTEFANÍA', NULL, '1991-06-19', 'SAN PEDRO SULA', NULL, 'HONDUREÑA', 'PROFESOR JIMÉNEZ DÍAZ, 7, 2º IZ.', '39007', 'SANTANDER', 'HONDURAS', NULL, '674222096', 'fanniguichu@gmail.com', NULL, 'LA SALLE', '3º ESO', NULL, NULL),
(NULL, NULL, 'Y1968751B', 'FRANCOIS CLAUDE', 'YETNA TAM', '1982-03-18', 'DUALA', NULL, 'CAMERUNENSE', 'AVDA. MENDENDEZ PELAYO 10 5º E2', '39600', 'MALIAÑO', 'CAMERUN', NULL, '673746116', NULL, NULL, NULL, NULL, NULL, NULL),
(NULL, NULL, 'Y2281731F', 'MARIUZ', NULL, '2002-04-21', 'RUMANIA', NULL, 'RUMANA', 'C- SAN CELEDONIO, 4, 1º IZ. BAJO', '39001', 'SANTANDER', 'RUMANIA', NULL, '642508078', NULL, NULL, 'COLEGIO SAN JOSÉ', '3º ESO', NULL, NULL),
(NULL, NULL, 'Y2339514Z', 'MORONI DAVID', 'COLLAZOS FIESTAS', '1995-09-14', 'PERU', 'PERU', 'PERUANA', 'CALLE LA GLORIA 94 BAJO A', '39012', 'SANTANDER', 'PERU', NULL, '602332354', 'moronicf@gmail.com', NULL, 'PERU', 'BACHILLER', NULL, NULL),
(NULL, NULL, 'Y3353397X', 'CATALIN', NULL, '2001-03-12', 'HINCESTI', 'MOLDAVIA', 'MOLDAVA', 'C- VICENTE ALEIXANDRE, 10, P 4, 8', '39012', 'SANTANDER', 'MOLDAVIA', '942377846', '669985731', NULL, NULL, 'COLEGIO MERCEDARIAS', '3º ESO', NULL, NULL),
(NULL, NULL, 'Y3603020S', 'POUTER', NULL, '1999-02-02', 'CAMERUN', 'CAMERUN', 'CAMERUNENSE', 'C- MASQUES DE LA HERMINDA Nº 2', NULL, 'SANTANDER', 'CAMERUN', NULL, '632558666', NULL, NULL, NULL, NULL, NULL, NULL),
(NULL, NULL, 'Y3648359K', 'ANAMARIA FLORINA', NULL, '1988-12-17', 'BUCAREST', 'BUCAREST', 'RUMANA', 'C-VARGAS 51 7ºD', '39010', 'SANTANDER', 'RUMANIA', NULL, '654886579', 'anamariacafelute2@gmail.com', NULL, NULL, 'HOMOLOGACIÓN DE BACHILLER', NULL, NULL),
(NULL, NULL, 'Y4040881W', 'CHERIFA', NULL, '1986-04-12', 'ARGELIA', 'MOSTAGANEM', 'ARGELINA', 'BARRIO CAJO 15D P01 DR', NULL, 'SANTANDER', 'ARGELIA', NULL, '631154060', 'cherifa.1saddok@gmail.com', NULL, NULL, 'CERTIFICADO EXTRANJERO EUIVALENTE A GRADO O MASTER', NULL, NULL),
(NULL, NULL, 'Y4210253W', 'RUTH MERY', 'AMARO GUTIÉRREZ', '2002-12-04', 'VENEZUELA', NULL, 'VENEZOLANA', 'BARRIO EL FERIAL, 136 A, P1, BAJO A', '39719', 'OREJO', 'VENEZUELA', '942522300', '663221353', 'ruthmerys04@gmail.com', NULL, 'IES LA GRANJA DE HERAS', '2º ESO', NULL, NULL),
(NULL, NULL, 'Y4447731M', 'RICHARD', 'SORIA FLORES', '1995-06-16', 'IQUITOS', 'LORETO', 'PERUANA', 'CAMPOGIRO N 22 PUERTA 16', '39011', 'SANTANDER', 'PERU', NULL, '698815649', 'richuards@gmail.com', NULL, 'CURSADO EN PERÚ', 'BACHILLER', NULL, NULL),
(NULL, NULL, 'Y4454886F', 'FABRIZZIO SANT.', 'BIANCOTTI SOTO', '1999-11-17', 'ASUNCION', 'PARAGUAY', 'PARAGUAYA', 'C-POETA MIGUEL HERNANDEZ, 6, 6B', '39610', 'EL ASTILLERO', 'PARAGUAY', NULL, '671308488', 'fabribianc1117@gmail.com', NULL, 'IES EL ASTILLERO', 'BACHILLERATO', NULL, NULL),
(NULL, NULL, 'Y4548708N', 'FLAVIELE CRISTIN', 'OLIVEIRA DO ROSARIO', '2002-08-02', 'BRASIL', NULL, 'BRASILEÑA', 'AVDA. DE OVIEDO, Nº 9, 2º C', '39710', 'SOLARES', 'BRASIL', NULL, NULL, NULL, NULL, 'TORREANAZ', '2ºESO', NULL, NULL),
(NULL, NULL, 'Y4574924P', 'PAULA ANDREA', 'ÁVILA NOVOA', '1997-04-22', 'BOGOTÁ', 'Cundinamarca', 'COLOMBIANA', 'C-LEONARDO TORRES QUEVEDO 15 3B', '39011', 'SANTANDER', 'COLOMBIA', '625788131', '663640547', 'paula.avila2297@gmail.com', NULL, 'COLOMBIA', 'BACHILLER', NULL, NULL),
(NULL, NULL, 'Y4697772J', 'JENNYFER', 'JARAMILLO SANCHEZ', '1984-05-01', 'MEDELLIN', 'ANTIOQUIA', 'COLOMBIANA', 'C- EDUARDO OBREGON BARREDA 8, 2ºB', '39012', 'SANTANDER', 'COLOMBIA', NULL, '648294334', 'jennyjorsa0679@gmail.com', NULL, NULL, 'SOLICITUD DE HOMOLOGACIÓN', NULL, NULL),
(NULL, NULL, 'Y4917346Y', 'MÓNICA SAYDA', 'SANTISTEBAN DOMINGUEZ', '1985-08-09', 'LIMA', 'LIMA', 'PERUANA', 'C- MONTEJURRA 16 P84', '39010', 'SANTANDER', 'PERU', NULL, '689022015', 'mssantisteban@gmail.com', NULL, NULL, 'ESO HOMOLOGADO', NULL, NULL),
(NULL, NULL, 'Y4984385T', 'ORENCIA GINNETH', 'RODRIGUEZ SOLÓRZANO', '1996-10-28', 'ESMERALDAS', 'ESMERALDAS', 'ECUATORIANA', 'Pº GENERAL DÁVILA 121, 2B', '39007', 'SANTANDER', 'ECUADOR', NULL, '680320745', 'ginethsolorzano@gmail.com', NULL, NULL, 'BACHILLER HOMOLOGADO', NULL, NULL),
(NULL, NULL, 'Y5032904N', 'CHRISTOPHER', 'QUIROZ MENDIVEL', '1989-04-01', 'CHIMBOTE', 'PERU', 'ESPAÑOLA', 'C- CAJO Nº 1 1º DCHA', '39011', 'SANTANDER', 'ESPAÑA', NULL, '692553265', 'cquirozmendivel@gmail.com', NULL, NULL, 'HOMOLOGACIÓN TÍTULO ESO', NULL, NULL),
(NULL, NULL, 'Y5104162Q', 'VERENA', 'MERELES GONZÁLEZ', '1998-09-25', 'ASUNCION', 'ASUNCION', 'PARAGUAYA', 'C- DEL MONTE, 51, 1º DHCHA.', '39006', 'SANTANDER', 'PARAGUAY', NULL, '627361188', 'vg.mereles@gmail.com', NULL, 'IES CANTABRIA', 'TÉCNICO DE LABORATORIO', NULL, NULL),
(NULL, NULL, 'Y5223508S', 'ADAMA', NULL, '1992-05-01', 'BAMAKO', NULL, 'MALIENSE', 'C- LA GLORIA, 50 3º C', '39012', 'SANTANDER', 'MALI', NULL, '674406190', 'foreverdamson01@gmail.com', NULL, 'MALI', 'HOMOLOGACIÓN DE BACHILLER', NULL, NULL),
(NULL, NULL, 'Y5227485J', 'MAMADOU', NULL, '1992-02-23', NULL, 'BAMAKO', 'MALIENSE', 'C- LAREDO Nº12-4ºDCH', '39001', 'SANTANDER', 'MALI', NULL, '631104604', 'traorebaba842@gmail.com', NULL, NULL, 'HOMOLOGACIÓN BACHILLER', NULL, NULL),
(NULL, NULL, 'Y5662488V', 'OLGA', NULL, '1989-07-14', 'REPÚBLICA DE MOLDAVIA', NULL, 'RUMANA', 'Bº LA RAÑADA, Nº 10 F, 1º A', '39716', 'ENTRAMBASAGUAS', 'RUMANIA', NULL, '642852664', 'olgazamosteanu1@gmail.com', NULL, NULL, 'BACHILLERATO PENDIENTE DE HOMOLOGACIÓN', NULL, NULL),
(NULL, NULL, 'Y6626924V', 'JOSÉ LEONEL', 'CÓRDOVA VALDIVIA', '1997-03-14', 'CAJAMARCA (PERÚ)', NULL, 'PERUANA', 'AVDA. VICENTE TRUEBA, Nº 4, 1º C', '39011', 'SANTANDER', 'PERU', NULL, '660534236', 'leonneld10@outlook.es', NULL, NULL, 'BACHILLERATO (PENDIENTE HOMOLOGACIÓN) VOLANTE PROV', NULL, NULL),
(NULL, NULL, 'Y66779538F', 'EZQUIEL DAVID', 'SANCHEZ ALONSO', '1989-12-12', 'MARACAY', 'ARAGUA', 'VENEZOLANA', 'GENERAL DAVILA 208 9C', '39006', 'SANTANDER', 'VENEZUELA', NULL, '633894828', 'esanchezalonso@ceinmark.net', NULL, 'VENEZUELA', 'BACHILLER', NULL, NULL),
(NULL, NULL, 'Y6772672Z', 'ÁLVARO MAURICIO', 'CASTRO BONILLA', '2000-11-21', 'SAN SALVADOR', 'EL SALVADOR', 'SALVADOREÑA', 'BAJADA RUMAYOR, 20 F, PL. BAJA P. D', '39006', 'SANTANDER', 'EL SALVADOR', NULL, '643754640', 'alvarito.castro13@gmail.com', NULL, NULL, 'PENDIENTE DE HOMOLOGACIÓN ESO', NULL, NULL),
(NULL, NULL, 'Y6900032T', 'ANNA', NULL, '2001-03-03', 'PYATIGORSK', 'REGIÓN DE STAVROPOL', 'RUSA', 'C- ALTA 46 A P2 PISO 2 C', '39008', 'SANTANDER', 'RUSIA', NULL, '651437683', 'annpak35@gmail.com', NULL, NULL, 'BACHILLER HOMOLOGADO', NULL, NULL),
(NULL, NULL, 'Y7217939R', 'JESSICA DANDARA', 'SILVA DE LIMA', '2001-11-06', 'BRASIL', NULL, 'BRASILEÑA', 'Bº CAMPORROBLE, 66', '39010', 'SANTIBAÑEZ (VILLACARRIEDO)', 'BRASIL', NULL, NULL, NULL, NULL, NULL, 'ESO HOMOLOGADA', NULL, NULL),
(NULL, NULL, 'Y7598539C', 'HERNANDO', 'ARRUNATEGUI ARROYAVE', '1995-05-17', 'COLOMBIA', 'COLOMBIA', 'COLOMBIANA', 'FRANCISCO TOMAS Y VALIENTE 23E 4A', '39011', 'SANTANDER', 'COLOMBIA', NULL, '643416547', 'ARRUNATEGUI1995@GMAIL.COM', NULL, 'COLOMBIA', 'BACHILLERATO', NULL, NULL);

-- --------------------------------------------------------

--
-- Estructura de tabla para la tabla `ciclos`
--

CREATE TABLE `ciclos` (
  `id` int(11) NOT NULL,
  `referencia` varchar(50) COLLATE utf8_spanish2_ci DEFAULT 'NULL',
  `denominacion` varchar(200) COLLATE utf8_spanish2_ci DEFAULT 'NULL',
  `reflegal1` varchar(200) COLLATE utf8_spanish2_ci DEFAULT 'NULL',
  `reflegal2` varchar(200) COLLATE utf8_spanish2_ci DEFAULT 'NULL'
) ENGINE=InnoDB AVG_ROW_LENGTH=2340 DEFAULT CHARSET=utf8 COLLATE=utf8_spanish2_ci ROW_FORMAT=DYNAMIC;

--
-- Volcado de datos para la tabla `ciclos`
--

INSERT INTO `ciclos` (`id`, `referencia`, `denominacion`, `reflegal1`, `reflegal2`) VALUES
(1, 'AYF', 'Administración y Finanzas', 'Ref_legal_1 R.D. 1584/2011', 'Ref_legal_2 Orden ECD 85/2012'),
(2, 'DAI', 'Desarrollo de Aplicaciones Informáticas', 'R.D. 1661/94', 'R.D. 1676/94'),
(3, 'DAM ', 'Desarrollo de Aplicaciones Multiplataforma', 'R.D. 450/2010', 'Orden EDU/56/2011'),
(4, 'DSA', 'Documentación y Administración Sanitarias', 'R.D.768/2014', 'Orden ECD 75/2015'),
(5, 'FPB', 'Informática y Comunicaciones', 'R.D. 127/2014', 'Orden ECD 71/2014'),
(6, 'GAD', 'Gestión Administrativa', 'R.R. 1126/2010', 'Orden EDU/82/2010'),
(7, 'PCI', 'Programas de Cualificación Profesional Inicial', 'Orden EDU/27/2011', 'R.D 57/2007');

-- --------------------------------------------------------

--
-- Estructura de tabla para la tabla `datosbancarios`
--

CREATE TABLE `datosbancarios` (
  `id` int(11) NOT NULL,
  `iban` varchar(24) COLLATE utf8_spanish2_ci DEFAULT 'NULL',
  `titular` varchar(200) COLLATE utf8_spanish2_ci DEFAULT 'NULL',
  `dni` varchar(10) COLLATE utf8_spanish2_ci DEFAULT '''NULL''',
  `id_matricula` int(11) DEFAULT NULL
) ENGINE=InnoDB DEFAULT CHARSET=utf8 COLLATE=utf8_spanish2_ci ROW_FORMAT=DYNAMIC;

--
-- Volcado de datos para la tabla `datosbancarios`
--

INSERT INTO `datosbancarios` (`id`, `iban`, `titular`, `dni`, `id_matricula`) VALUES
(1, 'ES1212341234121234567890', 'Roberto Hernández Blanco', '20195088F', NULL),
(2, 'ES1212341234120987654321', 'Sara Blanco Perez', '13758984A', NULL);

-- --------------------------------------------------------

--
-- Estructura de tabla para la tabla `discapacidades`
--

CREATE TABLE `discapacidades` (
  `id` int(11) NOT NULL,
  `tipo` varchar(200) COLLATE utf8_spanish2_ci DEFAULT 'NULL'
) ENGINE=InnoDB DEFAULT CHARSET=utf8 COLLATE=utf8_spanish2_ci ROW_FORMAT=DYNAMIC;

--
-- Volcado de datos para la tabla `discapacidades`
--

INSERT INTO `discapacidades` (`id`, `tipo`) VALUES
(1, 'Auditiva'),
(2, 'Motora'),
(3, 'Intelectual'),
(4, 'Visual'),
(5, 'Trastorno Generalizado'),
(6, 'Trastornos Graves de Conducta/Personalidad'),
(7, 'Plurideficiencia'),
(8, 'Altas Capacidades Intelectuales'),
(9, 'Trastornos del Lenguaje y Comunicación'),
(10, 'Trastornos de Aprendizaje');

-- --------------------------------------------------------

--
-- Estructura de tabla para la tabla `matriculas`
--

CREATE TABLE `matriculas` (
  `id` int(11) NOT NULL,
  `dni_alumno` varchar(10) COLLATE utf8_spanish2_ci DEFAULT '''NULL''',
  `id_ciclo` int(11) DEFAULT NULL,
  `id_datos_bancarios` int(11) DEFAULT NULL,
  `fecha` date DEFAULT NULL,
  `tipo` varchar(50) COLLATE utf8_spanish2_ci DEFAULT 'NULL',
  `seguro` tinyint(1) DEFAULT NULL,
  `curso_academico` varchar(5) COLLATE utf8_spanish2_ci DEFAULT 'NULL',
  `f_matricula` tinyint(1) DEFAULT NULL,
  `curso` int(1) DEFAULT NULL
) ENGINE=InnoDB DEFAULT CHARSET=utf8 COLLATE=utf8_spanish2_ci ROW_FORMAT=DYNAMIC;

--
-- Volcado de datos para la tabla `matriculas`
--

INSERT INTO `matriculas` (`id`, `dni_alumno`, `id_ciclo`, `id_datos_bancarios`, `fecha`, `tipo`, `seguro`, `curso_academico`, `f_matricula`, `curso`) VALUES
(23, '20195088F', 4, 1, '2020-04-01', '0', 1, '20-21', 1, 1),
(81, '20195088F', 1, 2, '2020-04-22', '0', 1, '21-22', 1, 1),
(82, '20195088F', 7, NULL, '2020-05-05', '0', 1, '22-23', 1, 1),
(83, '20195088F', 5, NULL, '2020-05-05', '0', 1, '23-24', 1, 1);

-- --------------------------------------------------------

--
-- Estructura de tabla para la tabla `modulos`
--

CREATE TABLE `modulos` (
  `id` int(11) NOT NULL,
  `nombre` varchar(300) COLLATE utf8_spanish2_ci DEFAULT 'NULL'
) ENGINE=InnoDB AVG_ROW_LENGTH=244 DEFAULT CHARSET=utf8 COLLATE=utf8_spanish2_ci ROW_FORMAT=DYNAMIC;

--
-- Volcado de datos para la tabla `modulos`
--

INSERT INTO `modulos` (`id`, `nombre`) VALUES
(1, 'Acceso a datos'),
(2, 'Archivo y documentación sanitarios'),
(3, 'Atención psicosocial al paciente-usuario'),
(4, 'Bases de datos'),
(5, 'Ciencias aplicadas I'),
(6, 'Ciencias aplicadas II'),
(7, 'Codificación sanitaria'),
(8, 'Comunicación empresarial y atención al cliente'),
(9, 'Comunicación y atención cliente'),
(10, 'Comunicación y sociedad I'),
(11, 'Comunicación y sociedad II'),
(12, 'Contabilidad y fiscalidad'),
(13, 'Desarrollo de Interfaces'),
(14, 'Desarrollo web en entorno cliente'),
(15, 'Desarrollo web en entorno servidor'),
(16, 'Diseño de interfaces web'),
(17, 'Empresa e iniciativa emprendedora'),
(18, 'Empresa en el aula'),
(19, 'Empresa y Administración'),
(20, 'Entornos de desarrollo'),
(21, 'Equipos eléctricos y electrónicos'),
(22, 'Extracción de diagnósticos y procedimientos'),
(23, 'Fase de prácticas en centros de trabajo'),
(24, 'Formación en centros de trabajo '),
(25, 'Formación y orientación laboral'),
(26, 'Gestión administrativa sanitaria'),
(27, 'Gestión de la documentación jurídica y empresarial'),
(28, 'Gestión de pacientes'),
(29, 'Gestión de recursos humanos'),
(30, 'Gestión financiera'),
(31, 'Gestión logística y comercial'),
(32, 'Inglés I'),
(33, 'Inglés II'),
(34, 'Inglés'),
(35, 'Instalación y mantenimiento de redes para la transmisión de datos'),
(36, 'Lenguajes de marcas y sistemas de gestión de información'),
(37, 'Montaje y mantenimiento de sistemas y componentes informáticos'),
(38, 'Ofimática y proceso de la información'),
(39, 'Operaciones administrativas de compra-venta'),
(40, 'Operaciones administrativas de recursos humanos'),
(41, 'Operaciones auxiliares de gestión de Tesorería'),
(42, 'Operaciones auxiliares para la configuración y la explotación'),
(43, 'Proceso integral de actividad comercial'),
(44, 'Programación de servicios y procesos'),
(45, 'Programación multimedia y dispositivos móviles'),
(46, 'Programación'),
(47, 'Proyecto de administración y finanzas'),
(48, 'Proyecto de desarrollo de aplicaciones multiplataforma'),
(49, 'Proyecto de desarrollo de aplicaciones web'),
(50, 'Proyecto de documentación y administración sanitarias'),
(51, 'Recursos humanos y responsabilidad social corporativa'),
(52, 'Simulación empresarial'),
(53, 'Sistemas de gestión empresarial'),
(54, 'Sistemas de información y clasificación sanitarios'),
(55, 'Sistemas informáticos'),
(56, 'Técnica contable'),
(57, 'Terminología clínica y patología'),
(58, 'Tratamiento de la documentación contable'),
(59, 'Tratamiento informático de la información'),
(60, 'Validación y explotación de datos'),
(61, 'Sociolingüístico '),
(62, 'Científico'),
(63, 'Desarrollo personal y Orientación socioprofesional'),
(64, 'Actividad física y deporte'),
(65, 'Refuerzo uso Tecnologías de la Información y la Comunicación'),
(66, 'Gestión medioambiental'),
(67, 'Español');

-- --------------------------------------------------------

--
-- Estructura de tabla para la tabla `modulos1`
--

CREATE TABLE `modulos1` (
  `Column1` varchar(255) COLLATE utf8_spanish2_ci DEFAULT 'NULL'
) ENGINE=InnoDB AVG_ROW_LENGTH=273 DEFAULT CHARSET=utf8 COLLATE=utf8_spanish2_ci ROW_FORMAT=DYNAMIC;

--
-- Volcado de datos para la tabla `modulos1`
--

INSERT INTO `modulos1` (`Column1`) VALUES
('Acceso a datos'),
('Archivo y documentación sanitarios'),
('Atención psicosocial al paciente-usuario'),
('Bases de datos'),
('Ciencias aplicadas I'),
('Ciencias aplicadas II'),
('Codificación sanitaria'),
('Comunicación empresarial y atención al cliente'),
('Comunicación y atención cliente'),
('Comunicación y sociedad I'),
('Comunicación y sociedad II'),
('Contabilidad y fiscalidad'),
('Desarrollo de Interfaces'),
('Desarrollo web en entorno cliente'),
('Desarrollo web en entorno servidor'),
('Diseño de interfaces web'),
('Empresa e iniciativa emprendedora'),
('Empresa en el aula'),
('Empresa y Administración'),
('Entornos de desarrollo'),
('Equipos eléctricos y electrónicos'),
('Extracción de diagnósticos y procedimientos'),
('Fase de prácticas en centros de trabajo'),
('Formación en centros de trabajo '),
('Formación y orientación labora'),
('Gestión administrativa sanitaria'),
('Gestión de la documentación jurídica y empresarial'),
('Gestión de pacientes'),
('Gestión de recursos humanos'),
('Gestión financiera'),
('Gestión logística y comercial'),
('Inglés I'),
('Inglés II'),
('Inglés'),
('Instalación y mantenimiento de redes para la transmisión de datos'),
('Lenguajes de marcas y sistemas de gestión de información'),
('Montaje y mantenimiento de sistemas y componentes informáticos'),
('Ofimática y proceso de la información'),
('Operaciones administrativas de compra-venta'),
('Operaciones administrativas de recursos humanos'),
('Operaciones auxiliares de gestión de Tesorería'),
('Operaciones auxiliares para la configuración y la explotación'),
('Proceso integral de actividad comercial'),
('Programación de servicios y procesos'),
('Programación multimedia y dispositivos móviles'),
('Programación'),
('Proyecto de administración y finanzas'),
('Proyecto de desarrollo de aplicaciones multiplataforma'),
('Proyecto de desarrollo de aplicaciones web'),
('Proyecto de documentación y administración sanitarias'),
('Recursos humanos y responsabilidad social corporativa'),
('Simulación empresarial'),
('Sistemas de gestión empresarial'),
('Sistemas de información y clasificación sanitarios'),
('Sistemas informáticos'),
('Técnica contable'),
('Terminología clínica y patología'),
('Tratamiento de la documentación contable'),
('Tratamiento informático de la información'),
('Validación y explotación de datos'),
('Sociolingüístico '),
('Científico'),
('Desarrollo personal y Orientación socioprofesional'),
('Actividad física y deporte'),
('Refuerzo uso Tecnologías de la Información y la Comunicación'),
('Gestión medioambiental'),
('Español');

-- --------------------------------------------------------

--
-- Estructura de tabla para la tabla `modulosciclo`
--

CREATE TABLE `modulosciclo` (
  `id` int(11) NOT NULL,
  `id_ciclo` int(11) DEFAULT NULL,
  `id_modulo` int(11) DEFAULT NULL,
  `curso` int(2) DEFAULT NULL
) ENGINE=InnoDB AVG_ROW_LENGTH=230 DEFAULT CHARSET=utf8 COLLATE=utf8_spanish2_ci ROW_FORMAT=DYNAMIC;

--
-- Volcado de datos para la tabla `modulosciclo`
--

INSERT INTO `modulosciclo` (`id`, `id_ciclo`, `id_modulo`, `curso`) VALUES
(1, 1, 27, 1),
(2, 1, 51, 1),
(3, 1, 38, 1),
(4, 1, 43, 1),
(5, 1, 9, 1),
(6, 1, 34, 1),
(7, 1, 25, 1),
(8, 1, 29, 2),
(9, 1, 30, 2),
(10, 1, 12, 2),
(11, 1, 31, 2),
(12, 1, 52, 2),
(13, 1, 24, 2),
(14, 1, 47, 2),
(15, 3, 55, 1),
(16, 3, 4, 1),
(17, 3, 46, 1),
(18, 3, 20, 1),
(19, 3, 36, 1),
(20, 3, 25, 1),
(21, 3, 45, 2),
(22, 3, 44, 2),
(23, 3, 53, 2),
(24, 3, 1, 2),
(25, 3, 13, 2),
(26, 3, 17, 2),
(27, 3, 24, 2),
(28, 3, 48, 2),
(29, 4, 28, 1),
(30, 4, 57, 1),
(31, 4, 22, 1),
(32, 4, 54, 1),
(33, 4, 38, 1),
(34, 4, 60, 1),
(35, 4, 25, 1),
(36, 4, 2, 2),
(37, 4, 7, 2),
(38, 4, 3, 2),
(39, 4, 26, 2),
(40, 4, 17, 2),
(41, 4, 24, 2),
(42, 4, 50, 2),
(43, 5, 37, 1),
(44, 5, 42, 1),
(45, 5, 5, 1),
(46, 5, 10, 1),
(47, 5, 35, 2),
(48, 5, 21, 2),
(49, 5, 6, 2),
(50, 5, 11, 2),
(51, 5, 23, 2),
(52, 6, 8, 1),
(53, 6, 39, 1),
(54, 6, 59, 1),
(55, 6, 56, 1),
(56, 6, 32, 1),
(57, 6, 25, 1),
(58, 6, 19, 2),
(59, 6, 40, 2),
(60, 6, 58, 2),
(61, 6, 18, 2),
(62, 6, 41, 2),
(63, 6, 33, 2),
(64, 6, 24, 2),
(65, 7, 61, 1),
(66, 7, 62, 1),
(67, 7, 63, 1),
(68, 7, 64, 1),
(69, 7, 65, 1),
(70, 7, 66, 1),
(71, 7, 67, 1);

-- --------------------------------------------------------

--
-- Estructura de tabla para la tabla `modulosciclo1`
--

CREATE TABLE `modulosciclo1` (
  `ciclo` double(10,3) DEFAULT NULL,
  `modulo` double(10,3) DEFAULT NULL,
  `curso` double(10,3) DEFAULT NULL
) ENGINE=InnoDB AVG_ROW_LENGTH=230 DEFAULT CHARSET=utf8 COLLATE=utf8_spanish2_ci ROW_FORMAT=DYNAMIC;

--
-- Volcado de datos para la tabla `modulosciclo1`
--

INSERT INTO `modulosciclo1` (`ciclo`, `modulo`, `curso`) VALUES
(1.000, 27.000, 1.000),
(1.000, 51.000, 1.000),
(1.000, 38.000, 1.000),
(1.000, 43.000, 1.000),
(1.000, 9.000, 1.000),
(1.000, 34.000, 1.000),
(1.000, 25.000, 1.000),
(1.000, 29.000, 2.000),
(1.000, 30.000, 2.000),
(1.000, 12.000, 2.000),
(1.000, 31.000, 2.000),
(1.000, 52.000, 2.000),
(1.000, 24.000, 2.000),
(1.000, 47.000, 2.000),
(3.000, 55.000, 1.000),
(3.000, 4.000, 1.000),
(3.000, 46.000, 1.000),
(3.000, 20.000, 1.000),
(3.000, 36.000, 1.000),
(3.000, 25.000, 1.000),
(3.000, 45.000, 2.000),
(3.000, 44.000, 2.000),
(3.000, 53.000, 2.000),
(3.000, 1.000, 2.000),
(3.000, 13.000, 2.000),
(3.000, 17.000, 2.000),
(3.000, 24.000, 2.000),
(3.000, 48.000, 2.000),
(4.000, 28.000, 1.000),
(4.000, 57.000, 1.000),
(4.000, 22.000, 1.000),
(4.000, 54.000, 1.000),
(4.000, 38.000, 1.000),
(4.000, 60.000, 1.000),
(4.000, 25.000, 1.000),
(4.000, 2.000, 2.000),
(4.000, 7.000, 2.000),
(4.000, 3.000, 2.000),
(4.000, 26.000, 2.000),
(4.000, 17.000, 2.000),
(4.000, 24.000, 2.000),
(4.000, 50.000, 2.000),
(5.000, 37.000, 1.000),
(5.000, 42.000, 1.000),
(5.000, 5.000, 1.000),
(5.000, 10.000, 1.000),
(5.000, 35.000, 2.000),
(5.000, 21.000, 2.000),
(5.000, 6.000, 2.000),
(5.000, 11.000, 2.000),
(5.000, 23.000, 2.000),
(6.000, 8.000, 1.000),
(6.000, 39.000, 1.000),
(6.000, 59.000, 1.000),
(6.000, 56.000, 1.000),
(6.000, 32.000, 1.000),
(6.000, 25.000, 1.000),
(6.000, 19.000, 2.000),
(6.000, 40.000, 2.000),
(6.000, 58.000, 2.000),
(6.000, 18.000, 2.000),
(6.000, 41.000, 2.000),
(6.000, 33.000, 2.000),
(6.000, 24.000, 2.000),
(7.000, 61.000, 1.000),
(7.000, 62.000, 1.000),
(7.000, 63.000, 1.000),
(7.000, 64.000, 1.000),
(7.000, 65.000, 1.000),
(7.000, 66.000, 1.000),
(7.000, 67.000, 1.000);

-- --------------------------------------------------------

--
-- Estructura de tabla para la tabla `modulosmatricula`
--

CREATE TABLE `modulosmatricula` (
  `id` int(11) NOT NULL,
  `id_matricula` int(11) DEFAULT NULL,
  `id_modulo` int(11) DEFAULT NULL,
  `estado` varchar(2) COLLATE utf8_spanish2_ci DEFAULT NULL
) ENGINE=InnoDB DEFAULT CHARSET=utf8 COLLATE=utf8_spanish2_ci ROW_FORMAT=DYNAMIC;

--
-- Volcado de datos para la tabla `modulosmatricula`
--

INSERT INTO `modulosmatricula` (`id`, `id_matricula`, `id_modulo`, `estado`) VALUES
(48, 23, 25, 'A'),
(49, 23, 54, 'NA'),
(50, 23, 7, 'NA'),
(81, 81, 27, 'A'),
(82, 81, 51, 'NA'),
(83, 81, 38, 'NA'),
(84, 81, 43, 'NA'),
(85, 81, 9, 'NA'),
(86, 81, 34, 'NA'),
(87, 81, 25, 'A'),
(88, 23, 17, 'NA'),
(89, 82, 61, 'NA'),
(90, 82, 62, 'NA'),
(91, 82, 63, 'NA'),
(92, 82, 64, 'NA'),
(93, 82, 65, 'NA'),
(94, 82, 66, 'NA'),
(95, 82, 67, 'NA'),
(96, 83, 37, 'NA'),
(97, 83, 42, 'NA'),
(98, 83, 5, 'NA'),
(99, 83, 10, 'NA');

-- --------------------------------------------------------

--
-- Estructura de tabla para la tabla `responsables`
--

CREATE TABLE `responsables` (
  `id` int(11) NOT NULL,
  `id_tutor` int(11) DEFAULT NULL,
  `dni_alumno` varchar(10) COLLATE utf8_spanish2_ci DEFAULT '''NULL'''
) ENGINE=InnoDB DEFAULT CHARSET=utf8 COLLATE=utf8_spanish2_ci ROW_FORMAT=DYNAMIC;

--
-- Volcado de datos para la tabla `responsables`
--

INSERT INTO `responsables` (`id`, `id_tutor`, `dni_alumno`) VALUES
(7, 1, '72089654H'),
(8, 2, '72089654H'),
(9, 3, '116624383P'),
(10, 4, '116624383P'),
(11, 5, '12782657Q'),
(12, 6, '12782657Q'),
(13, 7, '13775963K'),
(14, 8, '13794392G'),
(15, 9, '20193571P'),
(16, 10, '20193571P'),
(17, 11, '20196563X'),
(18, 12, '20196563X'),
(19, 13, '20219017Q'),
(20, 14, '20219017Q'),
(21, 15, '42259097R'),
(22, 16, '42259097R'),
(23, 17, '49115061X'),
(24, 18, '49129221W'),
(25, 19, '53703047W'),
(26, 20, '54482150A'),
(27, 21, '72061364H'),
(28, 22, '72064914A'),
(29, 23, '72064914A'),
(30, 24, '72065411V'),
(31, 25, '72065411V'),
(32, 26, '72068137Y'),
(33, 27, '72068137Y'),
(34, 28, '72072084C'),
(35, 29, '72072084C'),
(36, 30, '72075440H'),
(37, 31, '72075440H'),
(38, 32, '72080402N'),
(39, 33, '72080402N'),
(40, 34, '72081548P'),
(41, 35, '72081548P'),
(42, 36, '72083861K'),
(43, 37, '72083861K'),
(44, 38, '72087772E'),
(45, 39, '72105194X'),
(46, 40, '72105194X'),
(47, 41, '72106001N'),
(48, 42, '72106001N'),
(49, 43, '72132106N'),
(50, 44, '72132106N'),
(51, 45, '72134275L'),
(52, 46, '72134275L'),
(53, 47, '72134844J'),
(54, 48, '72134844J'),
(55, 49, '72137112G'),
(56, 50, '72137112G'),
(57, 51, '72137467Z'),
(58, 52, '72137467Z'),
(59, 53, '72139679H'),
(60, 54, '72139679H'),
(61, 55, '72139849G'),
(62, 56, '72139849G'),
(63, 57, '72140306R'),
(64, 58, '72140306R'),
(65, 59, '72145125J'),
(66, 60, '72145125J'),
(67, 61, '72145599G'),
(68, 62, '72145599G'),
(69, 63, '72154943X'),
(70, 64, '72154943X'),
(71, 65, '72171832V'),
(72, 66, '72172088C'),
(73, 67, '72172088C'),
(74, 68, '72173989N'),
(75, 69, '72173989N'),
(76, 70, '72174061S'),
(77, 71, '72174061S'),
(78, 72, '72174580M'),
(79, 73, '72174580M'),
(80, 74, '72174722D'),
(81, 75, '72174722D'),
(82, 76, '72175150T'),
(83, 77, '72175323N'),
(84, 78, '72177684G'),
(85, 79, '72179193H'),
(86, 80, '72179485B'),
(87, 81, '72180118T'),
(88, 82, '72180118T'),
(89, 83, '72180933X'),
(90, 84, '72180933X'),
(91, 85, '72182783C'),
(92, 86, '72186001H'),
(93, 87, '72186001H'),
(94, 88, '72186392H'),
(95, 89, '72186392H'),
(96, 90, '72186736V'),
(97, 91, '72186736V'),
(98, 92, '72186887F'),
(99, 93, '72186887F'),
(100, 94, '72186964S'),
(101, 95, '72186964S'),
(102, 96, '72187079S'),
(103, 97, '72188219M'),
(104, 98, '72188219M'),
(105, 99, '72188392V'),
(106, 100, '72188392V'),
(107, 101, '72190197M'),
(108, 102, '72191563Z'),
(109, 103, '72193117G'),
(110, 104, '72193117G'),
(111, 105, '72193281F'),
(112, 106, '72193658Q'),
(113, 107, '72193658Q'),
(114, 108, '72197229E'),
(115, 109, '72197952D'),
(116, 110, '72198371Z'),
(117, 111, '72198928L'),
(118, 112, '72198928L'),
(119, 113, '72201404B'),
(120, 114, '72201404B'),
(121, 115, '72206659E'),
(122, 116, '72207772P'),
(123, 117, '72207772P'),
(124, 118, '72207868N'),
(125, 119, '72209456J'),
(126, 120, '72209456J'),
(127, 121, '72222690E'),
(128, 122, '72222690E'),
(129, 123, '72224601R'),
(130, 124, '72226636N'),
(131, 125, '72226636N'),
(132, 126, '72229452E'),
(133, 127, '72229452E'),
(134, 128, '72230344V'),
(135, 129, '72231142X'),
(136, 130, '72231142X'),
(137, 131, '72231544K'),
(138, 132, '72231578D'),
(139, 133, '72232297S'),
(140, 134, '72233907S'),
(141, 135, '72258069G'),
(142, 136, '72258069G'),
(143, 137, '72258331J'),
(144, 138, '72258331J'),
(145, 139, '72258524E'),
(146, 140, '72258524E'),
(147, 141, '72260748S'),
(148, 142, '72260932S'),
(149, 143, '72260932S'),
(150, 144, '72261287W'),
(151, 145, '72261287W'),
(152, 146, '72261318X'),
(153, 147, '72261653T'),
(154, 148, '72261653T'),
(155, 149, '72262979S'),
(156, 150, '72262979S'),
(157, 151, '72262998B'),
(158, 152, '72262998B'),
(159, 153, '72265589A'),
(160, 154, '72265589A'),
(161, 155, '72266265N'),
(162, 156, '72266265N'),
(163, 157, '72266701B'),
(164, 158, '72268370R'),
(165, 159, '72268370R'),
(166, 160, '72269663Y'),
(167, 161, '72269663Y'),
(168, 162, '72270116E'),
(169, 163, '72270390C'),
(170, 164, '72270745F'),
(171, 165, '72270745F'),
(172, 166, '72275147Q'),
(173, 167, '72275147Q'),
(174, 168, '72278219Y'),
(175, 169, '72278219Y'),
(176, 170, '72278579K'),
(177, 171, '72278579K'),
(178, 172, '72279229G'),
(179, 173, '72279404H'),
(180, 174, '72279404H'),
(181, 175, '72279491J'),
(182, 176, '72279491J'),
(183, 177, '72281993P'),
(184, 178, '72281993P'),
(185, 179, '72289600W'),
(186, 180, '72291462R'),
(187, 181, '72305774F'),
(188, 182, '72305774F'),
(189, 183, '72306199H'),
(190, 184, '72306199H'),
(191, 185, '72350951N'),
(192, 186, '72350951N'),
(193, 187, '72351271X'),
(194, 188, '72352700J'),
(195, 189, '72352700J'),
(196, 190, '72353880C'),
(197, 191, '72353880C'),
(198, 192, '72353880C'),
(199, 193, '72353880C'),
(200, 194, '72353880C'),
(201, 195, '72353880C'),
(202, 196, '72354043E'),
(203, 197, '72354043E'),
(204, 198, '72355361Y'),
(205, 199, '72356799H'),
(206, 200, '72356799H'),
(207, 201, '72357187S'),
(208, 202, '72357187S'),
(209, 203, '72357302S'),
(210, 204, '72357302S'),
(211, 205, '72358863N'),
(212, 206, '72361466Q'),
(213, 207, '72364332F'),
(214, 208, '72364332F'),
(215, 209, 'AR426022'),
(216, 210, 'AR426022'),
(217, 211, 'AV614640'),
(218, 212, 'L325356'),
(219, 213, 'L325356'),
(220, 214, 'X5144372P'),
(221, 215, 'X5144372P'),
(222, 216, 'X7428203P'),
(223, 217, 'X7428203P'),
(224, 218, 'X7866064H'),
(225, 219, 'X8350363Y'),
(226, 220, 'Y1424470W'),
(227, 221, 'Y2281731F'),
(228, 222, 'Y2339514Z'),
(229, 223, 'Y2339514Z'),
(230, 224, 'Y3353397X'),
(231, 225, 'Y3353397X'),
(232, 226, 'Y3648359K'),
(233, 227, 'Y3648359K'),
(234, 228, 'Y4210253W'),
(235, 229, 'Y4210253W'),
(236, 230, 'Y4447731M'),
(237, 231, 'Y4447731M'),
(238, 232, 'Y4454886F'),
(239, 233, 'Y4548708N'),
(240, 234, 'Y4548708N'),
(241, 235, 'Y4574924P'),
(242, 236, 'Y4574924P'),
(243, 237, 'Y5104162Q'),
(244, 238, 'Y5104162Q'),
(245, 239, 'Y5223508S'),
(246, 240, 'Y5223508S'),
(247, 241, 'Y5227485J'),
(248, 242, 'Y5227485J'),
(249, 243, 'Y6772672Z'),
(250, 244, 'Y6772672Z'),
(251, 245, 'Y7217939R'),
(252, 246, 'AR426022'),
(253, 247, 'AR426022'),
(254, 251, '20195088F'),
(255, 252, '20195088F');

-- --------------------------------------------------------

--
-- Estructura de tabla para la tabla `tutores`
--

CREATE TABLE `tutores` (
  `id` int(11) NOT NULL,
  `nombre` varchar(100) COLLATE utf8_spanish2_ci DEFAULT 'NULL',
  `apellidos` varchar(200) COLLATE utf8_spanish2_ci DEFAULT 'NULL',
  `dni` varchar(10) COLLATE utf8_spanish2_ci DEFAULT '''NULL''',
  `telefono` int(9) DEFAULT NULL,
  `observaciones` text COLLATE utf8_spanish2_ci DEFAULT NULL
) ENGINE=InnoDB DEFAULT CHARSET=utf8 COLLATE=utf8_spanish2_ci ROW_FORMAT=DYNAMIC;

--
-- Volcado de datos para la tabla `tutores`
--

INSERT INTO `tutores` (`id`, `nombre`, `apellidos`, `dni`, `telefono`, `observaciones`) VALUES
(1, 'FEDERICO', 'FERNANDEZ FERNANDEZ', '', 658506067, NULL),
(2, 'MARIA CONCEPCION', 'ALGORRI MIER', '', 679913426, NULL),
(3, 'OCTAVIO FCO.', 'PALMA MEDINA', '125454444g', 0, ''),
(4, 'ANA CARLA PAOLA', 'CARO PALACIOS', '', 600655096, ''),
(5, 'ALVARO', 'CARULLA SARABIA', '13755532Z', 0, NULL),
(6, 'ANA ISABEL', 'RÚIZ CALDERON', '12752361B', 697603363, NULL),
(7, 'JOSEFA', 'BLANCO', '', 0, NULL),
(8, 'MATILDE', 'SANCHEZ FERNANDEZ', '', 0, NULL),
(9, 'ROBERTO', 'GARCIA', '', 0, NULL),
(10, 'FIDELA', 'GARCIA', '', NULL, NULL),
(11, 'SECUNDINO', 'LAVIN', '', 0, NULL),
(12, 'MARIA DOLORES', 'FERNANDEZ', '', NULL, NULL),
(13, 'JOSE Mª', 'MENDIGUREN MARQUEZ', '', 0, NULL),
(14, 'Mª DEL CARMEN', 'PELAYO GARCÍA', '', NULL, NULL),
(15, 'JUAN', 'FAJARDO VALIENTE', '', 658880260, NULL),
(16, 'MARIA DEL CARMEN', 'ALONSO GONZALEZ', '13926186P', 608679227, NULL),
(17, 'JOSÉ ANGEL', 'JURADO FRANCÉS', '29051661Q', 620624611, NULL),
(18, 'ISABEL CRISTINA', 'GALLEGO LOAIZA', '', 693829891, NULL),
(19, 'FERNANDO', 'TEJA ÁLVAREZ', '', 628168413, NULL),
(20, 'YORLENY', 'MUÑOZ VASQUEZ', '53924329R', 626441281, NULL),
(21, 'MONTSERRAT', 'ARENYS FERNANDEZ', '', 605332337, NULL),
(22, 'LUIS CONSTANTINO', 'MATEO SANTIAGO', '', 0, NULL),
(23, 'RAQUEL', 'BUSTARA VELEZ', '', NULL, NULL),
(24, 'MANUEL', 'GOMEZ', '', 0, NULL),
(25, 'MARIA ISABEL', 'SUAREZ', '', NULL, NULL),
(26, 'JESUS', 'LOZANO', '50396522A', 0, NULL),
(27, 'FUENSANTA', 'MAYOR', '', NULL, NULL),
(28, 'CESAR MANUEL', 'GONZÁLEZ DÍAZ BUSTAMAN', '13769208M', 711705896, NULL),
(29, 'MONICA', 'BLANCO CUADRADO', '13789637X', 655850927, NULL),
(30, 'JOSE RAMÓN', 'SIERRA ARTABE', '', 0, NULL),
(31, 'BLANCA', 'VELEZ HIGUERA', '', 678527309, NULL),
(32, 'JAVIER', 'SECADAS FRIAS', '', 0, NULL),
(33, 'SORAYA', 'DIAZ RUIZ', '', NULL, NULL),
(34, 'JOSE ANTONIO', 'GUTIERREZ ALESON', '', 0, NULL),
(35, 'AMELIA', 'ARTECHE CABALLERO', '', NULL, NULL),
(36, 'RICHARD', 'ISBELL', '', 618158834, NULL),
(37, 'SOLANGE', 'RODRÍGUEZ ONTAVILLA', '', 659789342, NULL),
(38, 'MARÍA DE LAS MERCEDES', 'MORÍN TORTOSA', '', 619911673, NULL),
(39, 'CESAR', 'SALCEDA GOMEZ', '13751748W', 609177766, NULL),
(40, 'ANA MARIA DEL CUETO', 'COSTAS', '20198199J', 669154193, NULL),
(41, 'DIEGO', 'GARCIA CUADRIELLO', '', 0, NULL),
(42, 'GEMA', 'MARTINEZ VITIENES', '20194290Z', NULL, NULL),
(43, 'ANTONIO', 'DIAZ-TERAN', '', 0, NULL),
(44, 'MARIA', 'VEGA GONZALEZ', '', NULL, NULL),
(45, 'JOSE MARIA', 'GRUBER', '', 0, NULL),
(46, 'ANGELES', 'PEREZ', '', NULL, NULL),
(47, 'PEDRO', 'PALOMERA', '', 0, NULL),
(48, 'MARIA JESUS', 'PEREZ', '', NULL, NULL),
(49, 'JOSE', 'GIL GALVAN', '', 0, NULL),
(50, 'MARIA DEL PILAR', 'ARBEIZA', '', NULL, NULL),
(51, 'ALFREDO', 'GALLO', '', 0, NULL),
(52, 'ANA MARIA', 'ERQUICIA', '', NULL, NULL),
(53, 'MANUEL', 'ACEBAL', '', 0, NULL),
(54, 'MARIA PILAR', 'ARGUMOSA', '', NULL, NULL),
(55, 'ANTONIO', 'GONZALEZ', '', 0, NULL),
(56, 'DOMINGA', 'GONZALEZ', '', NULL, NULL),
(57, 'JOSE EUGENIO', 'URTIAGA', '', 0, NULL),
(58, 'MARIA DEL CARMEN', 'AMÉZQUETE', '', NULL, NULL),
(59, 'JESUS', 'RUIZ', '', 0, NULL),
(60, 'MARIA LUISA', 'GALINDO', '', NULL, NULL),
(61, 'JOSE JAVIER', 'FERNANDEZ', '', 0, NULL),
(62, 'MARIA ISABEL', 'SANCHEZ', '', NULL, NULL),
(63, 'JOSÉ FÉLIX', 'SIMÓN TERÁN', '', 656819366, NULL),
(64, 'MARÍA PURIFICACIÓN', 'RUIZ SERNA', '', 656819365, NULL),
(65, 'MERCEDES', 'GARCIA CAJIGAL', '13766144T', 0, NULL),
(66, 'ANTONIO', 'LLATA SAIZ', '13668911B', 620056186, NULL),
(67, 'MARIA TERESA', 'MARTIN', '', 722114736, NULL),
(68, 'HARRY BRYAN', 'GALLARDO CARREÑO', '', 617874478, NULL),
(69, 'CARMEN CECILIA', 'MORENO NARCISO', '', 617874478, NULL),
(70, 'CARLOS', 'SAINZ CARRILLO', '', 603417221, NULL),
(71, 'IVANA', 'BEZANILLA NIETO', '', 631586690, NULL),
(72, 'JOSÉ ENRIQUE', 'SÁNCHEZ VILLAEXCUSA', '13776288-R', 600055551, NULL),
(73, 'GEMA', 'GÜEMES FERRERO', '13795206J', 654504945, NULL),
(74, 'PATRICIO DE LA TORRE', 'MONTALBO', '', 631143076, NULL),
(75, 'MARÍA MARISOL', 'SARASIG CAMUENDO', '', NULL, NULL),
(76, 'BIENVENIDA', 'COBO PEREZ', '72024689M', 638732503, NULL),
(77, 'ANA MARIA', 'DIAZ CABALLERO', '13746678S', 622077576, NULL),
(78, 'FERNANDO', 'VILLEGAS FERNANDEZ', '', 0, NULL),
(79, 'ANA ISABEL', 'OLEA SALINAS', '13786430T', 625175676, NULL),
(80, 'MARIA ÁNGELES', 'PÉREZ ZAMORANO', '13760414C', 657528569, NULL),
(81, 'RAFAEL', 'ABASCAL CARLDERÓN', '13767526W', 0, NULL),
(82, 'Mª CRISTINA', 'CEBALLOS FERNÁNDEZ', '13772804J', 661490693, NULL),
(83, 'ENRIQUE', 'BADIOLA DIEGO', '', 639210223, NULL),
(84, 'INÉS', 'BENGOECHEA', '', 639715161, NULL),
(85, 'MARIA JESUS', 'ARCE DIAZ', '13755366D', 611489180, NULL),
(86, 'JOSE ANDRES', 'RIVAS BARCENA', '', 0, NULL),
(87, 'INMACULADA', 'RUIZ GOMEZ', '', 697338878, NULL),
(88, 'ANTONIO', 'PACHECO', '', 0, NULL),
(89, 'PATRICIA', 'BARQUÍN', '', 689315838, NULL),
(90, 'LUIS ALBERTO', 'SALAS GUTIERREZ', '13740157A', 666047514, NULL),
(91, 'MARGARITA', 'GOMEZ MIGUEL', '13751596B', 615853947, NULL),
(92, 'GONZALO', 'GÓMEZ-HOYAL GONZÁLEZ', '', 651856001, NULL),
(93, 'BEATRIZ', 'CAVIA ÁLVAREZ', '', 625651103, NULL),
(94, 'MANUEL', 'TAINO', '', 0, NULL),
(95, 'CARMEN', 'DOALTO', '', 677580752, NULL),
(96, 'MARIA DEL CARMEN', 'MARTINEZ TAPIA', '13754240X', 618937895, NULL),
(97, 'JESÚS', 'GÁNDARA CORTÉS', '', 657814745, NULL),
(98, 'CARMEN', 'GARCÍA GÓMEZ', '', 675801060, NULL),
(99, 'SERAFÍN', 'ACHUTEGUI COS', '13909797H', 652059753, NULL),
(100, 'MERCEDES', 'GONZÁLEZ FRECHOSO', '13771137W', 652059753, NULL),
(101, 'REMEDIOS', 'BRAVO SUERO', '13747834K', 617502934, NULL),
(102, 'BLANCA', 'GUTIERREZ BALZATEGUI', '20188810P', 649968444, NULL),
(103, 'JAIME', 'LAMARCA FERNANDEZ', '13912811L', 649446178, NULL),
(104, 'JOSEFA', 'GONZALEZ FERNANDEZ', '13921319V', 669407135, NULL),
(105, 'MILAGROS', 'GONZÁLEZ RODRÍGUEZ', '13937680W', 628361009, NULL),
(106, 'JOAQUÍN', 'POZUETA ÁLVAREZ', '', 609553623, NULL),
(107, 'ASCENSIÓN', 'CASTILLO GARCÍA', '', 629065557, NULL),
(108, 'EVA', 'MARIA BUENO', '13941967B', 665383743, NULL),
(109, 'JOSÉ EDUARDO', 'MARTÍNEZ VITIENES', '13783134Q', 685294574, NULL),
(110, 'TOMAS', 'PALAZUELOS GOMEZ', '', 633544429, NULL),
(111, 'FERNANDO', 'BARREDO BARRIUSO', '13928723S', 664595557, NULL),
(112, 'MONTSERRAT', 'DÍAZ RAHONA', '13933620J', 601750795, NULL),
(113, 'JAVIER', 'ARECHAGA IGLESIAS', '', 0, NULL),
(114, 'RAQUEL', 'LORENZO SAEZ', '', 649151284, NULL),
(115, 'RICARDO', 'VALDOR CAMENO', '13667062W', 608757990, 'ABUELO'),
(116, 'JOSE RAMON', 'CRUZ', '', 0, NULL),
(117, 'EVA MARIA', 'AGUDO', '13769324Y', NULL, NULL),
(118, 'TERESA', 'GOMEZ LEON', '43023979H', 618396490, NULL),
(119, 'MIGUEL', 'FUENTES SAN JUAN', '', 646004882, NULL),
(120, 'Mª BELÉN', 'FERNÁNDEZ GUTIÉRREZ', '', 676811567, NULL),
(121, 'REYMIL', 'TOYO', '', 0, NULL),
(122, 'MATIAS', 'ESPINOSA', '', 612439278, NULL),
(123, 'MARIA DEL CARMEN', 'CORDERO BUENDIA', '13917733L', 601255050, NULL),
(124, 'JESÚS', 'GARCÍA PÉREZ', '13770729P', 606589848, NULL),
(125, 'MARÍA PILAR', 'SALINAS FERNÁNDEZ', '13780493C', 660759062, NULL),
(126, 'VICTORIANO MANUEL', 'QUIJANO MARTINEZ', '', 0, NULL),
(127, 'MANUELA', 'POLO MORETA', '', 661424412, NULL),
(128, 'MARGARITA', 'GERRÚ BAQUERO', '72033841A', 669324436, NULL),
(129, 'PEDRO ANTONIO', 'GONZÁLEZ', '', 0, NULL),
(130, 'IRENE', 'BAÑUELOS HOYOS', '13760132D', 610941910, NULL),
(131, 'MARIA PILAR', 'MAZORRA DE QUERO', '14938489N', 638819536, NULL),
(132, 'CARMEN', 'HORNERO GARCIA', '13764832E', 639140590, NULL),
(133, 'ANA MARÍA', 'CEBALLOS GONZÁLEZ', '', 640857156, NULL),
(134, 'SANTOS MIGUEL', 'MIRONES DÍEZ', '13721055Z', 686453044, NULL),
(135, 'OSCAR', 'ARROYO BOLADO', '', 0, NULL),
(136, 'Mª SANDRA', 'GUTIERREZ VARELA', '', 649040071, NULL),
(137, 'JOSÉ RAMÓN', 'ROBLES', '', 666806831, NULL),
(138, 'MARÍA DEL CORO', 'JIMÉNEZ', '', 615432399, NULL),
(139, 'CIRILO', 'SALAZAR TALAVERANO', '', 0, NULL),
(140, 'NORMA', 'GARCÍA PRADO', '', NULL, NULL),
(141, 'ATANASIO', 'RIAÑO PARDO', '13913301A', 650896069, NULL),
(142, 'JOSE ANTONIO', 'MACHO GUTIERREZ', '20212052C', 0, NULL),
(143, 'AMALIA', 'FERNANDEZ ALONSO', '20206327E', NULL, NULL),
(144, 'JESÚS ANTONIO', 'CANAL VAZ', '20188579F', 660424040, NULL),
(145, 'Mª DEL PILAR', 'ARROYO MIGUEL', '13789739C', 616732364, NULL),
(146, 'CONCEPCION', 'CARBONELL', '', 626820094, NULL),
(147, 'ENRIQUE', 'FERNANDEZ', '', 679933474, NULL),
(148, 'MARIA', 'LOPEZ', '', NULL, NULL),
(149, 'IGNACIO', 'BUSTAMANTE', '13757189S', 670353410, NULL),
(150, 'PILAR', 'RIOS', '13768525N', 676317661, NULL),
(151, 'PEDRO MIGUEL', 'JIMÉNEZ LÓPEZ', '72054653T', 652669898, NULL),
(152, 'ANGELITA', 'LARRALDE GARCÍA', '78884839Z', 628650100, NULL),
(153, 'FCO. JAVIER', 'CARRILES OCEJO', '', 0, NULL),
(154, 'MARIA', 'ALBERDI DE DIEGO', '', NULL, NULL),
(155, 'ADRIAN FCO. ANTONIO', 'PETIT', '11416239M', 627828641, NULL),
(156, 'Mª DEL PILAR', 'GARCÍA AGUILAR', '13781179Q', 619492131, NULL),
(157, 'LIDIA', 'MARTÍNEZ GUTIERREZ', '72098301V', 622051997, NULL),
(158, 'SANTIAGO', 'SAN MARTÍN GUTIERREZ', '13758675Y', 0, NULL),
(159, 'JOSEFINA', 'GÓMEZ TOCA', '13774244G', NULL, NULL),
(160, 'FERNANDO NICOLAS', 'LAURIA CASANOVA', '72258677Z', 609744077, NULL),
(161, 'VERONICA', 'CARINA MARTINEZ', '72258676J', 665021985, NULL),
(162, 'INGRID ZORAIDA', 'CUSTALS PEÑA', '', 654095083, NULL),
(163, 'ENRIQUE', 'CAMPOS ECHEVARRÍA', '', 607604290, NULL),
(164, 'WILLIAN', 'ANDRADE', '', 0, NULL),
(165, 'REBECA', 'GOZÁLEZ', '', 637853567, NULL),
(166, 'JOSÉ RAMÓN', 'CRESPO FERNÁNDEZ', '', 610648557, NULL),
(167, 'Mª MACARENA', 'BRINGAS PEREDA', '', 630205250, NULL),
(168, 'FELICIANO', 'COBOS BEAR', '', 617960647, NULL),
(169, 'MÓNICA', 'ENCARNACIÓN ECHEVARRÍA', '', 655709732, NULL),
(170, 'EDGAR', 'ZURITA LÓPEZ', '', 687223107, NULL),
(171, 'GISELA', 'TABORGA QUEVEDO', '', 660009005, NULL),
(172, 'ELIZABETH', 'JIMÉNEZ PÉREZ', '', 722511781, NULL),
(173, 'RAUL', 'FERNANDEZ SAN MIGUEL', '', 0, NULL),
(174, 'OFELIA JANETT', 'DAVAS SUAREZ', '', 616997372, NULL),
(175, 'GREGORIO', 'SANCHEZ GARCÍA', '72125491K', 696829010, NULL),
(176, 'MARIA ROCIO', 'CUESTA BRIZ', '72042778Q', 676240587, NULL),
(177, 'JOHNY', 'BARCIA ANGULO', '', 652379673, NULL),
(178, 'VANESSA', 'RODRÍGUEZ GIRÓN', '72280043J', 699512046, NULL),
(179, 'YARA', 'MIRANDA LOPEZ', '72081347Z', 0, NULL),
(180, 'REYTA', 'RAMIREZ', '', 696646115, NULL),
(181, 'MANUEL', 'GUILLEN NICHO', '', 0, NULL),
(182, 'MERLY', 'SEVERINO RUIZ', '', 634081692, NULL),
(183, 'FÉLIX', 'JIMÉNEZ JIMÉNEZ', '13782441J', 603716598, NULL),
(184, 'ALBERTA', 'JIMÉNEZ JIMÉNEZ', '20200748D', 662495184, NULL),
(185, 'JOSE LUIS', 'ARCE CONCHA', '', 0, NULL),
(186, 'MARIA DE LOS ANGELES', 'VÍA CANO', '', 666808436, NULL),
(187, 'CANDELA', 'LÓPEZ PASCUAL', '', 637856328, NULL),
(188, 'ANDRES', 'PADIN PERROTE', '', 0, NULL),
(189, 'EVA MARIA', 'NORIEGA BENITEZ', '', NULL, NULL),
(190, 'ANTONIO', 'BORJA BARRUL', '20192227K', 642149126, NULL),
(191, 'CATALINA', 'JIMÉNEZ GABARRE', '20196338S', 608184808, NULL),
(196, 'CARLOS', 'ORTA TRAVERSO', '', 629480845, NULL),
(197, 'ROSA', 'ALONSO BEDOYA', '', 686934160, NULL),
(198, 'ALFONSO', 'FERNÁNDEZ VEGA', '13915225H', 687485493, NULL),
(199, 'GODOFREDO LUCIO', 'CAMPOS CRISTIAN', '', 0, NULL),
(200, 'YULY MARISOL', 'RAMOS CELESTINO', '', NULL, NULL),
(201, 'MIGUEL', 'GARCÍA GONZÁLEZ', '', 0, NULL),
(202, 'BLANCA', 'ALONSO PÉREZ', '', 669846814, NULL),
(203, 'LUIS MARIA', 'ITURBE', '', 0, NULL),
(204, 'MARIA CONCEPCION', 'ALVARADO', '', 616892465, NULL),
(205, 'ÁNGEL', 'BALAGUER REVILLA', '13734594Y', 606575943, NULL),
(206, 'ROSA', 'BORJA BARRUL', '72059155V', 603040407, NULL),
(207, 'JUAN CARLOS', 'GONZÁLEZ GÓMEZ', '13771934V', 635352416, NULL),
(208, 'CONCEPCIÓN', 'GRACIA ARENAL', '20202913N', 662485995, NULL),
(209, 'ALVARO', 'ARRUNATEGUI NIETO', '', 0, NULL),
(210, 'LUZ MIRIAN', 'ARROYAVE RAMIREZ', '', NULL, NULL),
(211, 'ALEJANDRO', 'RICO FERNÁNDEZ', '72342369D', 648976228, NULL),
(212, 'JORGE', 'PORTILLO PORTILLO', '', 663425351, NULL),
(213, 'MAXIMA', 'OLMEDO', '', 662239484, NULL),
(214, 'MIGUEL', 'CELADA QUINTANA', '', 625910447, NULL),
(215, 'MIGDALIA', 'MORENO FERRIOL', '', 693619879, NULL),
(216, 'AHMED', 'YAHYAOUI', '', 605149501, NULL),
(217, 'ZAKIA', 'BOUDIAB', '', 633628658, NULL),
(218, 'ANGELA MARIA', 'DE LA ROSA', '72339930P', 664706717, NULL),
(219, 'LISBETH', 'CUAMO CALVO', '', 603494882, NULL),
(220, 'NOEMÍ', 'AIDE RAMOS', '', 0, NULL),
(221, 'GICA', 'CONSTANTIN', '', 643649144, NULL),
(222, 'JULIO JESUS', 'COLLAZOS RUIZ', '', 631756141, NULL),
(223, 'GLORIA LEONOR', 'FIESTAS CRUZ', '', 683244468, NULL),
(224, 'VALERU', 'STRUNGARU', '', 622553143, NULL),
(225, 'LUCIA', 'STRUNGARU', '', 622052922, NULL),
(226, 'CEZAR', 'CAFELUTE', '', 0, NULL),
(227, 'VIORICA', 'CAFELUTE', '', NULL, NULL),
(228, 'JOSÉ LUIS', 'LAVÍN PRIETO', '20216252B', 619520169, NULL),
(229, 'ESTHER', 'GUTIÉRREZ YANÉS', '', 602470909, NULL),
(230, 'RICARDO', 'SORIA AREVALO', '', 0, NULL),
(231, 'LUZ ANGELICA', 'FLORES RAMIREZ', '', NULL, NULL),
(232, 'RAMON FELIPE', 'GOMEZ AGÜERO', '13742993X', 646673998, NULL),
(233, 'JUAN ANTONIO', 'MARTÍNEZ VITIENES', '20216440S', 640170689, NULL),
(234, 'VIVIAN', 'OLIVEIRA CARVALHO', '', 611162528, NULL),
(235, 'HENRY', 'AVILA', '', 0, NULL),
(236, 'MARIA EUGENIA', 'NOVOA', '', NULL, NULL),
(237, 'ANGEL', 'LANZA VILLAR', '', 0, NULL),
(238, 'MARIA DE JESUS', 'GONZALEZ DE LANZA', '', 672379861, NULL),
(239, 'DIELIMAKAN', 'DIABATE', '', 0, NULL),
(240, 'OROKIATOU', 'KOUYATE', '', NULL, NULL),
(241, 'MUUSSA', 'TRAORE', '', 0, NULL),
(242, 'FATUMATA', 'MBAYE', '', NULL, NULL),
(243, 'ÁLVARO MAURICIO', 'CASTRO', '', 643763600, NULL),
(244, 'Mª DE LOS ÁNGELES', 'BONILLA DE CASTRO', '', 643763590, NULL),
(245, 'MARA IZA', 'BORGES DA SILVA', '', 0, NULL),
(251, 'Sara', 'Blanco Perez', '13254875A', 942371228, 'madre.'),
(252, 'JAVIER', 'HERNANDEZ OBESO', '121212121F', 666666666, '');

-- --------------------------------------------------------

--
-- Estructura de tabla para la tabla `tutores1`
--

CREATE TABLE `tutores1` (
  `DNI` varchar(50) COLLATE utf8_spanish2_ci DEFAULT NULL,
  `Nombre` varchar(50) COLLATE utf8_spanish2_ci DEFAULT NULL,
  `Apellidos` varchar(50) COLLATE utf8_spanish2_ci DEFAULT NULL,
  `DNI_TUTOR` varchar(50) COLLATE utf8_spanish2_ci DEFAULT NULL,
  `Telefono` varchar(50) COLLATE utf8_spanish2_ci DEFAULT NULL,
  `Observaciones` varchar(50) COLLATE utf8_spanish2_ci DEFAULT NULL
) ENGINE=InnoDB DEFAULT CHARSET=utf8 COLLATE=utf8_spanish2_ci;

--
-- Volcado de datos para la tabla `tutores1`
--

INSERT INTO `tutores1` (`DNI`, `Nombre`, `Apellidos`, `DNI_TUTOR`, `Telefono`, `Observaciones`) VALUES
('72089654H', 'FEDERICO', 'FERNANDEZ FERNANDEZ', '', '658506067', NULL),
('72089654H', 'MARIA CONCEPCION', 'ALGORRI MIER', '', '679913426', NULL),
('1166243836', 'OCTAVIO FCO.', 'PALMA MEDINA', '', '', NULL),
('1166243836', 'ANA CARLA PAOLA', 'CARO PALACIOS', '', '600655096', NULL),
('12782657Q', 'ALVARO', 'CARULLA SARABIA', '13755532Z', '', NULL),
('12782657Q', 'ANA ISABEL', 'RÚIZ CALDERON', '12752361B', '697603363', NULL),
('13775963K', 'JOSEFA', 'BLANCO', '', '', NULL),
('13794392G', 'MATILDE', 'SANCHEZ FERNANDEZ', '', '', NULL),
('20193571P', 'ROBERTO', 'GARCIA', '', '', NULL),
('20193571P', 'FIDELA', 'GARCIA', NULL, NULL, NULL),
('20196563X', 'SECUNDINO', 'LAVIN', '', '', NULL),
('20196563X', 'MARIA DOLORES', 'FERNANDEZ', NULL, NULL, NULL),
('20219017Q', 'JOSE Mª', 'MENDIGUREN MARQUEZ', '', '', NULL),
('20219017Q', 'Mª DEL CARMEN', 'PELAYO GARCÍA', NULL, NULL, NULL),
('42259097R', 'JUAN', 'FAJARDO VALIENTE', '', '658880260', NULL),
('42259097R', 'MARIA DEL CARMEN', 'ALONSO GONZALEZ', '13926186P', '608679227', NULL),
('49115061X', 'JOSÉ ANGEL', 'JURADO FRANCÉS', '29051661Q', '620624611', NULL),
('49129221W', 'ISABEL CRISTINA', 'GALLEGO LOAIZA', '', '693829891', NULL),
('53703047W', 'FERNANDO', 'TEJA ÁLVAREZ', '', '628168413', NULL),
('54482150A', 'YORLENY', 'MUÑOZ VASQUEZ', '53924329R', '626441281', NULL),
('72061364H', 'MONTSERRAT', 'ARENYS FERNANDEZ', '', '605332337', NULL),
('72064914A', 'LUIS CONSTANTINO', 'MATEO SANTIAGO', '', '', NULL),
('72064914A', 'RAQUEL', 'BUSTARA VELEZ', NULL, NULL, NULL),
('72065411V', 'MANUEL', 'GOMEZ', '', '', NULL),
('72065411V', 'MARIA ISABEL', 'SUAREZ', NULL, NULL, NULL),
('72068137Y', 'JESUS', 'LOZANO', '50396522A', '', NULL),
('72068137Y', 'FUENSANTA', 'MAYOR', NULL, NULL, NULL),
('72072084C', 'CESAR MANUEL', 'GONZÁLEZ DÍAZ BUSTAMAN', '13769208M', '711705896', NULL),
('72072084C', 'MONICA', 'BLANCO CUADRADO', '13789637X', '655850927', NULL),
('72075440H', 'JOSE RAMÓN', 'SIERRA ARTABE', '', '', NULL),
('72075440H', 'BLANCA', 'VELEZ HIGUERA', '', '678527309', NULL),
('72080402N', 'JAVIER', 'SECADAS FRIAS', '', '', NULL),
('72080402N', 'SORAYA', 'DIAZ RUIZ', NULL, NULL, NULL),
('72081548P', 'JOSE ANTONIO', 'GUTIERREZ ALESON', '', '', NULL),
('72081548P', 'AMELIA', 'ARTECHE CABALLERO', NULL, NULL, NULL),
('72083861K', 'RICHARD', 'ISBELL', '', '618158834', NULL),
('72083861K', 'SOLANGE', 'RODRÍGUEZ ONTAVILLA', '', '659789342', NULL),
('72087772E', 'MARÍA DE LAS MERCEDES', 'MORÍN TORTOSA', '', '619911673', NULL),
('72105194X', 'CESAR', 'SALCEDA GOMEZ', '13751748W', '609177766', NULL),
('72105194X', 'ANA MARIA DEL CUETO', 'COSTAS', '20198199J', '669154193', NULL),
('72106001N', 'DIEGO', 'GARCIA CUADRIELLO', '', '', NULL),
('72106001N', 'GEMA', 'MARTINEZ VITIENES', '20194290Z', NULL, NULL),
('72132106N', 'ANTONIO', 'DIAZ-TERAN', '', '', NULL),
('72132106N', 'MARIA', 'VEGA GONZALEZ', NULL, NULL, NULL),
('72134275L', 'JOSE MARIA', 'GRUBER', '', '', NULL),
('72134275L', 'ANGELES', 'PEREZ', NULL, NULL, NULL),
('72134844J', 'PEDRO', 'PALOMERA', '', '', NULL),
('72134844J', 'MARIA JESUS', 'PEREZ', NULL, NULL, NULL),
('72137112G', 'JOSE', 'GIL GALVAN', '', '', NULL),
('72137112G', 'MARIA DEL PILAR', 'ARBEIZA', NULL, NULL, NULL),
('72137467Z', 'ALFREDO', 'GALLO', '', '', NULL),
('72137467Z', 'ANA MARIA', 'ERQUICIA', NULL, NULL, NULL),
('72139679H', 'MANUEL', 'ACEBAL', '', '', NULL),
('72139679H', 'MARIA PILAR', 'ARGUMOSA', NULL, NULL, NULL),
('72139849G', 'ANTONIO', 'GONZALEZ', '', '', NULL),
('72139849G', 'DOMINGA', 'GONZALEZ', NULL, NULL, NULL),
('72140306R', 'JOSE EUGENIO', 'URTIAGA', '', '', NULL),
('72140306R', 'MARIA DEL CARMEN', 'AMÉZQUETE', NULL, NULL, NULL),
('72145125J', 'JESUS', 'RUIZ', '', '', NULL),
('72145125J', 'MARIA LUISA', 'GALINDO', NULL, NULL, NULL),
('72145599G', 'JOSE JAVIER', 'FERNANDEZ', '', '', NULL),
('72145599G', 'MARIA ISABEL', 'SANCHEZ', NULL, NULL, NULL),
('72154943X', 'JOSÉ FÉLIX', 'SIMÓN TERÁN', '', '656819366', NULL),
('72154943X', 'MARÍA PURIFICACIÓN', 'RUIZ SERNA', '', '656819365', NULL),
('72171832V', 'MERCEDES', 'GARCIA CAJIGAL', '13766144T', '', NULL),
('72172088C', 'ANTONIO', 'LLATA SAIZ', '13668911B', '620056186', NULL),
('72172088C', 'MARIA TERESA', 'MARTIN', '', '722114736', NULL),
('72173989N', 'HARRY BRYAN', 'GALLARDO CARREÑO', '', '617874478', NULL),
('72173989N', 'CARMEN CECILIA', 'MORENO NARCISO', '', '617874478', NULL),
('72174061S', 'CARLOS', 'SAINZ CARRILLO', '', '603417221', NULL),
('72174061S', 'IVANA', 'BEZANILLA NIETO', '', '631586690', NULL),
('72174580M', 'JOSÉ ENRIQUE', 'SÁNCHEZ VILLAEXCUSA', '13776288-R', '600055551', NULL),
('72174580M', 'GEMA', 'GÜEMES FERRERO', '13795206J', '654504945', NULL),
('72174722D', 'PATRICIO DE LA TORRE', 'MONTALBO', '', '631143076', NULL),
('72174722D', 'MARÍA MARISOL', 'SARASIG CAMUENDO', NULL, NULL, NULL),
('72175150T', 'BIENVENIDA', 'COBO PEREZ', '72024689M', '638732503', NULL),
('72175323N', 'ANA MARIA', 'DIAZ CABALLERO', '13746678S', '622077576', NULL),
('72177684G', 'FERNANDO', 'VILLEGAS FERNANDEZ', '', '', NULL),
('72179193H', 'ANA ISABEL', 'OLEA SALINAS', '13786430T', '625175676', NULL),
('72179485B', 'MARIA ÁNGELES', 'PÉREZ ZAMORANO', '13760414C', '657528569', NULL),
('72180118T', 'RAFAEL', 'ABASCAL CARLDERÓN', '13767526W', '', NULL),
('72180118T', 'Mª CRISTINA', 'CEBALLOS FERNÁNDEZ', '13772804J', '661490693', NULL),
('72180933X', 'ENRIQUE', 'BADIOLA DIEGO', '', '639210223', NULL),
('72180933X', 'INÉS', 'BENGOECHEA', '', '639715161', NULL),
('72182783C', 'MARIA JESUS', 'ARCE DIAZ', '13755366D', '611489180', NULL),
('72186001H', 'JOSE ANDRES', 'RIVAS BARCENA', '', '', NULL),
('72186001H', 'INMACULADA', 'RUIZ GOMEZ', '', '697338878', NULL),
('72186392H', 'ANTONIO', 'PACHECO', '', '', NULL),
('72186392H', 'PATRICIA', 'BARQUÍN', '', '689315838', NULL),
('72186736V', 'LUIS ALBERTO', 'SALAS GUTIERREZ', '13740157A', '666047514', NULL),
('72186736V', 'MARGARITA', 'GOMEZ MIGUEL', '13751596B', '615853947', NULL),
('72186887F', 'GONZALO', 'GÓMEZ-HOYAL GONZÁLEZ', '', '651856001', NULL),
('72186887F', 'BEATRIZ', 'CAVIA ÁLVAREZ', '', '625651103', NULL),
('72186964S', 'MANUEL', 'TAINO', '', '', NULL),
('72186964S', 'CARMEN', 'DOALTO', '', '677580752', NULL),
('72187079S', 'MARIA DEL CARMEN', 'MARTINEZ TAPIA', '13754240X', '618937895', NULL),
('72188219M', 'JESÚS', 'GÁNDARA CORTÉS', '', '657814745', NULL),
('72188219M', 'CARMEN', 'GARCÍA GÓMEZ', '', '675801060', NULL),
('72188392V', 'SERAFÍN', 'ACHUTEGUI COS', '13909797H', '652059753', NULL),
('72188392V', 'MERCEDES', 'GONZÁLEZ FRECHOSO', '13771137W', '652059753', NULL),
('72190197M', 'REMEDIOS', 'BRAVO SUERO', '13747834K', '617502934', NULL),
('72191563Z', 'BLANCA', 'GUTIERREZ BALZATEGUI', '20188810P', '649968444', NULL),
('72193117G', 'JAIME', 'LAMARCA FERNANDEZ', '13912811L', '649446178', NULL),
('72193117G', 'JOSEFA', 'GONZALEZ FERNANDEZ', '13921319V', '669407135', NULL),
('72193281F', 'MILAGROS', 'GONZÁLEZ RODRÍGUEZ', '13937680W', '628361009', NULL),
('72193658Q', 'JOAQUÍN', 'POZUETA ÁLVAREZ', '', '609553623', NULL),
('72193658Q', 'ASCENSIÓN', 'CASTILLO GARCÍA', '', '629065557', NULL),
('72197229E', 'EVA', 'MARIA BUENO', '13941967B', '665383743', NULL),
('72197952D', 'JOSÉ EDUARDO', 'MARTÍNEZ VITIENES', '13783134Q', '685294574', NULL),
('72198371Z', 'TOMAS', 'PALAZUELOS GOMEZ', '', '633544429', NULL),
('72198928L', 'FERNANDO', 'BARREDO BARRIUSO', '13928723S', '664595557', NULL),
('72198928L', 'MONTSERRAT', 'DÍAZ RAHONA', '13933620J', '601750795', NULL),
('72201404B', 'JAVIER', 'ARECHAGA IGLESIAS', '', '', NULL),
('72201404B', 'RAQUEL', 'LORENZO SAEZ', '', '649151284', NULL),
('72206659E', 'RICARDO', 'VALDOR CAMENO', '13667062W', '608757990', 'ABUELO'),
('72207772P', 'JOSE RAMON', 'CRUZ', '', '', NULL),
('72207772P', 'EVA MARIA', 'AGUDO', '13769324Y', NULL, NULL),
('72207868N', 'TERESA', 'GOMEZ LEON', '43023979H', '618396490', NULL),
('72209456J', 'MIGUEL', 'FUENTES SAN JUAN', '', '646004882', NULL),
('72209456J', 'Mª BELÉN', 'FERNÁNDEZ GUTIÉRREZ', '', '676811567', NULL),
('72222690E', 'REYMIL', 'TOYO', '', '', NULL),
('72222690E', 'MATIAS', 'ESPINOSA', '', '612439278', NULL),
('72224601R', 'MARIA DEL CARMEN', 'CORDERO BUENDIA', '13917733L', '601255050', NULL),
('72226636N', 'JESÚS', 'GARCÍA PÉREZ', '13770729P', '606589848', NULL),
('72226636N', 'MARÍA PILAR', 'SALINAS FERNÁNDEZ', '13780493C', '660759062', NULL),
('72229452E', 'VICTORIANO MANUEL', 'QUIJANO MARTINEZ', '', '', NULL),
('72229452E', 'MANUELA', 'POLO MORETA', '', '661424412', NULL),
('72230344V', 'MARGARITA', 'GERRÚ BAQUERO', '72033841A', '669324436', NULL),
('72231142X', 'PEDRO ANTONIO', 'GONZÁLEZ', '', '', NULL),
('72231142X', 'IRENE', 'BAÑUELOS HOYOS', '13760132D', '610941910', NULL),
('72231544K', 'MARIA PILAR', 'MAZORRA DE QUERO', '14938489N', '638819536', NULL),
('72231578D', 'CARMEN', 'HORNERO GARCIA', '13764832E', '639140590', NULL),
('72232297S', 'ANA MARÍA', 'CEBALLOS GONZÁLEZ', '', '640857156', NULL),
('72233907S', 'SANTOS MIGUEL', 'MIRONES DÍEZ', '13721055Z', '686453044', NULL),
('72258069G', 'OSCAR', 'ARROYO BOLADO', '', '', NULL),
('72258069G', 'Mª SANDRA', 'GUTIERREZ VARELA', '', '649040071', NULL),
('72258331J', 'JOSÉ RAMÓN', 'ROBLES', '', '666806831', NULL),
('72258331J', 'MARÍA DEL CORO', 'JIMÉNEZ', '', '615432399', NULL),
('72258524E', 'CIRILO', 'SALAZAR TALAVERANO', '', '', NULL),
('72258524E', 'NORMA', 'GARCÍA PRADO', NULL, NULL, NULL),
('72260748S', 'ATANASIO', 'RIAÑO PARDO', '13913301A', '650896069', NULL),
('72260932', 'JOSE ANTONIO', 'MACHO GUTIERREZ', '20212052C', '', NULL),
('72260932', 'AMALIA', 'FERNANDEZ ALONSO', '20206327E', NULL, NULL),
('72261287W', 'JESÚS ANTONIO', 'CANAL VAZ', '20188579F', '660424040', NULL),
('72261287W', 'Mª DEL PILAR', 'ARROYO MIGUEL', '13789739C', '616732364', NULL),
('72261318X', 'CONCEPCION', 'CARBONELL', '', '626820094', NULL),
('72261653T', 'ENRIQUE', 'FERNANDEZ', '', '679933474', NULL),
('72261653T', 'MARIA', 'LOPEZ', NULL, NULL, NULL),
('72262979S', 'IGNACIO', 'BUSTAMANTE', '13757189S', '670353410', NULL),
('72262979S', 'PILAR', 'RIOS', '13768525N', '676317661', NULL),
('72262998B', 'PEDRO MIGUEL', 'JIMÉNEZ LÓPEZ', '72054653T', '652669898', NULL),
('72262998B', 'ANGELITA', 'LARRALDE GARCÍA', '78884839Z', '628650100', NULL),
('72265589A', 'FCO. JAVIER', 'CARRILES OCEJO', '', '', NULL),
('72265589A', 'MARIA', 'ALBERDI DE DIEGO', NULL, NULL, NULL),
('72266265N', 'ADRIAN FCO. ANTONIO', 'PETIT', '11416239M', '627828641', NULL),
('72266265N', 'Mª DEL PILAR', 'GARCÍA AGUILAR', '13781179Q', '619492131', NULL),
('72266701B', 'LIDIA', 'MARTÍNEZ GUTIERREZ', '72098301V', '622051997', NULL),
('72268370R', 'SANTIAGO', 'SAN MARTÍN GUTIERREZ', '13758675Y', '', NULL),
('72268370R', 'JOSEFINA', 'GÓMEZ TOCA', '13774244G', NULL, NULL),
('72269663Y', 'FERNANDO NICOLAS', 'LAURIA CASANOVA', '72258677Z', '609744077', NULL),
('72269663Y', 'VERONICA', 'CARINA MARTINEZ', '72258676J', '665021985', NULL),
('72270116E', 'INGRID ZORAIDA', 'CUSTALS PEÑA', '', '654095083', NULL),
('72270390C', 'ENRIQUE', 'CAMPOS ECHEVARRÍA', '', '607604290', NULL),
('72270745F', 'WILLIAN', 'ANDRADE', '', '', NULL),
('72270745F', 'REBECA', 'GOZÁLEZ', '', '637853567', NULL),
('72275147Q', 'JOSÉ RAMÓN', 'CRESPO FERNÁNDEZ', '', '610648557', NULL),
('72275147Q', 'Mª MACARENA', 'BRINGAS PEREDA', '', '630205250', NULL),
('72278219Y', 'FELICIANO', 'COBOS BEAR', '', '617960647', NULL),
('72278219Y', 'MÓNICA', 'ENCARNACIÓN ECHEVARRÍA', '', '655709732', NULL),
('72278579K', 'EDGAR', 'ZURITA LÓPEZ', '', '687223107', NULL),
('72278579K', 'GISELA', 'TABORGA QUEVEDO', '', '660009005', NULL),
('72279229G', 'ELIZABETH', 'JIMÉNEZ PÉREZ', '', '722511781', NULL),
('72279404H', 'RAUL', 'FERNANDEZ SAN MIGUEL', '', '', NULL),
('72279404H', 'OFELIA JANETT', 'DAVAS SUAREZ', '', '616997372', NULL),
('72279491J', 'GREGORIO', 'SANCHEZ GARCÍA', '72125491K', '696829010', NULL),
('72279491J', 'MARIA ROCIO', 'CUESTA BRIZ', '72042778Q', '676240587', NULL),
('72281993P', 'JOHNY', 'BARCIA ANGULO', '', '652379673', NULL),
('72281993P', 'VANESSA', 'RODRÍGUEZ GIRÓN', '72280043J', '699512046', NULL),
('72289600W', 'YARA', 'MIRANDA LOPEZ', '72081347Z', '', NULL),
('72291462R', 'REYTA', 'RAMIREZ', '', '696646115', NULL),
('72305774F', 'MANUEL', 'GUILLEN NICHO', '', '', NULL),
('72305774F', 'MERLY', 'SEVERINO RUIZ', '', '634081692', NULL),
('72306199H', 'FÉLIX', 'JIMÉNEZ JIMÉNEZ', '13782441J', '603716598', NULL),
('72306199H', 'ALBERTA', 'JIMÉNEZ JIMÉNEZ', '20200748D', '662495184', NULL),
('72350951N', 'JOSE LUIS', 'ARCE CONCHA', '', '', NULL),
('72350951N', 'MARIA DE LOS ANGELES', 'VÍA CANO', '', '666808436', NULL),
('72351271X', 'CANDELA', 'LÓPEZ PASCUAL', '', '637856328', NULL),
('72352700J', 'ANDRES', 'PADIN PERROTE', '', '', NULL),
('72352700J', 'EVA MARIA', 'NORIEGA BENITEZ', NULL, NULL, NULL),
('72353880C', 'ANTONIO', 'BORJA BARRUL', '20192227K', '642149126', NULL),
('72353880C', 'CATALINA', 'JIMÉNEZ GABARRE', '20196338S', '608184808', NULL),
('72353882E', 'ANTONIO', 'BORJA BARRUL', '20192227K', '642149126', NULL),
('72353882E', 'CATALINA', 'JIMÉNEZ GABARRE', '20196338S', '608184808', NULL),
('72353883T', 'ANTONIO', 'BORJA BARRUL', '20192227K', '', NULL),
('72353883T', 'CATALINA', 'JIMÉNEZ GABARRE', '20196338S', '608184808', NULL),
('72354043E', 'CARLOS', 'ORTA TRAVERSO', '', '629480845', NULL),
('72354043E', 'ROSA', 'ALONSO BEDOYA', '', '686934160', NULL),
('72355361Y', 'ALFONSO', 'FERNÁNDEZ VEGA', '13915225H', '687485493', NULL),
('72356799H', 'GODOFREDO LUCIO', 'CAMPOS CRISTIAN', '', '', NULL),
('72356799H', 'YULY MARISOL', 'RAMOS CELESTINO', NULL, NULL, NULL),
('72357187S', 'MIGUEL', 'GARCÍA GONZÁLEZ', '', '', NULL),
('72357187S', 'BLANCA', 'ALONSO PÉREZ', '', '669846814', NULL),
('72357302S', 'LUIS MARIA', 'ITURBE', '', '', NULL),
('72357302S', 'MARIA CONCEPCION', 'ALVARADO', '', '616892465', NULL),
('72358863N', 'ÁNGEL', 'BALAGUER REVILLA', '13734594Y', '606575943', NULL),
('72361466Q', 'ROSA', 'BORJA BARRUL', '72059155V', '603040407', NULL),
('72364332F', 'JUAN CARLOS', 'GONZÁLEZ GÓMEZ', '13771934V', '635352416', NULL),
('72364332F', 'CONCEPCIÓN', 'GRACIA ARENAL', '20202913N', '662485995', NULL),
('AR426022', 'ALVARO', 'ARRUNATEGUI NIETO', '', '', NULL),
('AR426022', 'LUZ MIRIAN', 'ARROYAVE RAMIREZ', NULL, NULL, NULL),
('AV614640', 'ALEJANDRO', 'RICO FERNÁNDEZ', '72342369D', '648976228', NULL),
('L325356', 'JORGE', 'PORTILLO PORTILLO', '', '663425351', NULL),
('L325356', 'MAXIMA', 'OLMEDO', '', '662239484', NULL),
('X5144372P', 'MIGUEL', 'CELADA QUINTANA', '', '625910447', NULL),
('X5144372P', 'MIGDALIA', 'MORENO FERRIOL', '', '693619879', NULL),
('X7428203P', 'AHMED', 'YAHYAOUI', '', '605149501', NULL),
('X7428203P', 'ZAKIA', 'BOUDIAB', '', '633628658', NULL),
('X7866064H', 'ANGELA MARIA', 'DE LA ROSA', '72339930P', '664706717', NULL),
('X8350363Y', 'LISBETH', 'CUAMO CALVO', '', '603494882', NULL),
('Y1424470W', 'NOEMÍ', 'AIDE RAMOS', '', '', NULL),
('Y2281731F', 'GICA', 'CONSTANTIN', '', '643649144', NULL),
('Y2339514Z', 'JULIO JESUS', 'COLLAZOS RUIZ', '', '631756141', NULL),
('Y2339514Z', 'GLORIA LEONOR', 'FIESTAS CRUZ', '', '683244468', NULL),
('Y3353397X', 'VALERU', 'STRUNGARU', '', '622553143', NULL),
('Y3353397X', 'LUCIA', 'STRUNGARU', '', '622052922', NULL),
('Y3648359K', 'CEZAR', 'CAFELUTE', '', '', NULL),
('Y3648359K', 'VIORICA', 'CAFELUTE', NULL, NULL, NULL),
('Y4210253W', 'JOSÉ LUIS', 'LAVÍN PRIETO', '20216252B', '619520169', NULL),
('Y4210253W', 'ESTHER', 'GUTIÉRREZ YANÉS', '', '602470909', NULL),
('Y4447731M', 'RICARDO', 'SORIA AREVALO', '', '', NULL),
('Y4447731M', 'LUZ ANGELICA', 'FLORES RAMIREZ', NULL, NULL, NULL),
('Y4454886F', 'RAMON FELIPE', 'GOMEZ AGÜERO', '13742993X', '646673998', NULL),
('Y4548708N', 'JUAN ANTONIO', 'MARTÍNEZ VITIENES', '20216440S', '640170689', NULL),
('Y4548708N', 'VIVIAN', 'OLIVEIRA CARVALHO', '', '611162528', NULL),
('Y4574924P', 'HENRY', 'AVILA', '', '', NULL),
('Y4574924P', 'MARIA EUGENIA', 'NOVOA', NULL, NULL, NULL),
('Y5104162Q', 'ANGEL', 'LANZA VILLAR', '', '', NULL),
('Y5104162Q', 'MARIA DE JESUS', 'GONZALEZ DE LANZA', '', '672379861', NULL),
('Y5223508S', 'DIELIMAKAN', 'DIABATE', '', '', NULL),
('Y5223508S', 'OROKIATOU', 'KOUYATE', NULL, NULL, NULL),
('Y5227485J', 'MUUSSA', 'TRAORE', '', '', NULL),
('Y5227485J', 'FATUMATA', 'MBAYE', NULL, NULL, NULL),
('Y6772672Z', 'ÁLVARO MAURICIO', 'CASTRO', '', '643763600', NULL),
('Y6772672Z', 'Mª DE LOS ÁNGELES', 'BONILLA DE CASTRO', '', '643763590', NULL),
('Y7217939R', 'MARA IZA', 'BORGES DA SILVA', '', '', NULL),
('Y7598539C', 'ALVARO', 'ARRUNATEGUI NIETO', '', '', NULL),
('Y7598539C', 'LUZ MIRIAN', 'ARROYAVE RAMIREZ', NULL, NULL, NULL);

-- --------------------------------------------------------

--
-- Estructura de tabla para la tabla `tutores_copia`
--

CREATE TABLE `tutores_copia` (
  `id` int(11) NOT NULL,
  `nombre` varchar(100) COLLATE utf8_spanish2_ci DEFAULT 'NULL',
  `apellidos` varchar(200) COLLATE utf8_spanish2_ci DEFAULT 'NULL',
  `dni` varchar(10) COLLATE utf8_spanish2_ci DEFAULT '''NULL''',
  `telefono` int(9) DEFAULT NULL,
  `observaciones` text COLLATE utf8_spanish2_ci DEFAULT NULL
) ENGINE=InnoDB DEFAULT CHARSET=utf8 COLLATE=utf8_spanish2_ci ROW_FORMAT=DYNAMIC;

--
-- Volcado de datos para la tabla `tutores_copia`
--

INSERT INTO `tutores_copia` (`id`, `nombre`, `apellidos`, `dni`, `telefono`, `observaciones`) VALUES
(1, 'FEDERICO', 'FERNANDEZ FERNANDEZ', '', 658506067, NULL),
(2, 'MARIA CONCEPCION', 'ALGORRI MIER', '', 679913426, NULL),
(3, 'OCTAVIO FCO.', 'PALMA MEDINA', '125454444g', 0, ''),
(4, 'ANA CARLA PAOLA', 'CARO PALACIOS', '', 600655096, ''),
(5, 'ALVARO', 'CARULLA SARABIA', '13755532Z', 0, NULL),
(6, 'ANA ISABEL', 'RÚIZ CALDERON', '12752361B', 697603363, NULL),
(7, 'JOSEFA', 'BLANCO', '', 0, NULL),
(8, 'MATILDE', 'SANCHEZ FERNANDEZ', '', 0, NULL),
(9, 'ROBERTO', 'GARCIA', '', 0, NULL),
(10, 'FIDELA', 'GARCIA', '', NULL, NULL),
(11, 'SECUNDINO', 'LAVIN', '', 0, NULL),
(12, 'MARIA DOLORES', 'FERNANDEZ', '', NULL, NULL),
(13, 'JOSE Mª', 'MENDIGUREN MARQUEZ', '', 0, NULL),
(14, 'Mª DEL CARMEN', 'PELAYO GARCÍA', '', NULL, NULL),
(15, 'JUAN', 'FAJARDO VALIENTE', '', 658880260, NULL),
(16, 'MARIA DEL CARMEN', 'ALONSO GONZALEZ', '13926186P', 608679227, NULL),
(17, 'JOSÉ ANGEL', 'JURADO FRANCÉS', '29051661Q', 620624611, NULL),
(18, 'ISABEL CRISTINA', 'GALLEGO LOAIZA', '', 693829891, NULL),
(19, 'FERNANDO', 'TEJA ÁLVAREZ', '', 628168413, NULL),
(20, 'YORLENY', 'MUÑOZ VASQUEZ', '53924329R', 626441281, NULL),
(21, 'MONTSERRAT', 'ARENYS FERNANDEZ', '', 605332337, NULL),
(22, 'LUIS CONSTANTINO', 'MATEO SANTIAGO', '', 0, NULL),
(23, 'RAQUEL', 'BUSTARA VELEZ', '', NULL, NULL),
(24, 'MANUEL', 'GOMEZ', '', 0, NULL),
(25, 'MARIA ISABEL', 'SUAREZ', '', NULL, NULL),
(26, 'JESUS', 'LOZANO', '50396522A', 0, NULL),
(27, 'FUENSANTA', 'MAYOR', '', NULL, NULL),
(28, 'CESAR MANUEL', 'GONZÁLEZ DÍAZ BUSTAMAN', '13769208M', 711705896, NULL),
(29, 'MONICA', 'BLANCO CUADRADO', '13789637X', 655850927, NULL),
(30, 'JOSE RAMÓN', 'SIERRA ARTABE', '', 0, NULL),
(31, 'BLANCA', 'VELEZ HIGUERA', '', 678527309, NULL),
(32, 'JAVIER', 'SECADAS FRIAS', '', 0, NULL),
(33, 'SORAYA', 'DIAZ RUIZ', '', NULL, NULL),
(34, 'JOSE ANTONIO', 'GUTIERREZ ALESON', '', 0, NULL),
(35, 'AMELIA', 'ARTECHE CABALLERO', '', NULL, NULL),
(36, 'RICHARD', 'ISBELL', '', 618158834, NULL),
(37, 'SOLANGE', 'RODRÍGUEZ ONTAVILLA', '', 659789342, NULL),
(38, 'MARÍA DE LAS MERCEDES', 'MORÍN TORTOSA', '', 619911673, NULL),
(39, 'CESAR', 'SALCEDA GOMEZ', '13751748W', 609177766, NULL),
(40, 'ANA MARIA DEL CUETO', 'COSTAS', '20198199J', 669154193, NULL),
(41, 'DIEGO', 'GARCIA CUADRIELLO', '', 0, NULL),
(42, 'GEMA', 'MARTINEZ VITIENES', '20194290Z', NULL, NULL),
(43, 'ANTONIO', 'DIAZ-TERAN', '', 0, NULL),
(44, 'MARIA', 'VEGA GONZALEZ', '', NULL, NULL),
(45, 'JOSE MARIA', 'GRUBER', '', 0, NULL),
(46, 'ANGELES', 'PEREZ', '', NULL, NULL),
(47, 'PEDRO', 'PALOMERA', '', 0, NULL),
(48, 'MARIA JESUS', 'PEREZ', '', NULL, NULL),
(49, 'JOSE', 'GIL GALVAN', '', 0, NULL),
(50, 'MARIA DEL PILAR', 'ARBEIZA', '', NULL, NULL),
(51, 'ALFREDO', 'GALLO', '', 0, NULL),
(52, 'ANA MARIA', 'ERQUICIA', '', NULL, NULL),
(53, 'MANUEL', 'ACEBAL', '', 0, NULL),
(54, 'MARIA PILAR', 'ARGUMOSA', '', NULL, NULL),
(55, 'ANTONIO', 'GONZALEZ', '', 0, NULL),
(56, 'DOMINGA', 'GONZALEZ', '', NULL, NULL),
(57, 'JOSE EUGENIO', 'URTIAGA', '', 0, NULL),
(58, 'MARIA DEL CARMEN', 'AMÉZQUETE', '', NULL, NULL),
(59, 'JESUS', 'RUIZ', '', 0, NULL),
(60, 'MARIA LUISA', 'GALINDO', '', NULL, NULL),
(61, 'JOSE JAVIER', 'FERNANDEZ', '', 0, NULL),
(62, 'MARIA ISABEL', 'SANCHEZ', '', NULL, NULL),
(63, 'JOSÉ FÉLIX', 'SIMÓN TERÁN', '', 656819366, NULL),
(64, 'MARÍA PURIFICACIÓN', 'RUIZ SERNA', '', 656819365, NULL),
(65, 'MERCEDES', 'GARCIA CAJIGAL', '13766144T', 0, NULL),
(66, 'ANTONIO', 'LLATA SAIZ', '13668911B', 620056186, NULL),
(67, 'MARIA TERESA', 'MARTIN', '', 722114736, NULL),
(68, 'HARRY BRYAN', 'GALLARDO CARREÑO', '', 617874478, NULL),
(69, 'CARMEN CECILIA', 'MORENO NARCISO', '', 617874478, NULL),
(70, 'CARLOS', 'SAINZ CARRILLO', '', 603417221, NULL),
(71, 'IVANA', 'BEZANILLA NIETO', '', 631586690, NULL),
(72, 'JOSÉ ENRIQUE', 'SÁNCHEZ VILLAEXCUSA', '13776288-R', 600055551, NULL),
(73, 'GEMA', 'GÜEMES FERRERO', '13795206J', 654504945, NULL),
(74, 'PATRICIO DE LA TORRE', 'MONTALBO', '', 631143076, NULL),
(75, 'MARÍA MARISOL', 'SARASIG CAMUENDO', '', NULL, NULL),
(76, 'BIENVENIDA', 'COBO PEREZ', '72024689M', 638732503, NULL),
(77, 'ANA MARIA', 'DIAZ CABALLERO', '13746678S', 622077576, NULL),
(78, 'FERNANDO', 'VILLEGAS FERNANDEZ', '', 0, NULL),
(79, 'ANA ISABEL', 'OLEA SALINAS', '13786430T', 625175676, NULL),
(80, 'MARIA ÁNGELES', 'PÉREZ ZAMORANO', '13760414C', 657528569, NULL),
(81, 'RAFAEL', 'ABASCAL CARLDERÓN', '13767526W', 0, NULL),
(82, 'Mª CRISTINA', 'CEBALLOS FERNÁNDEZ', '13772804J', 661490693, NULL),
(83, 'ENRIQUE', 'BADIOLA DIEGO', '', 639210223, NULL),
(84, 'INÉS', 'BENGOECHEA', '', 639715161, NULL),
(85, 'MARIA JESUS', 'ARCE DIAZ', '13755366D', 611489180, NULL),
(86, 'JOSE ANDRES', 'RIVAS BARCENA', '', 0, NULL),
(87, 'INMACULADA', 'RUIZ GOMEZ', '', 697338878, NULL),
(88, 'ANTONIO', 'PACHECO', '', 0, NULL),
(89, 'PATRICIA', 'BARQUÍN', '', 689315838, NULL),
(90, 'LUIS ALBERTO', 'SALAS GUTIERREZ', '13740157A', 666047514, NULL),
(91, 'MARGARITA', 'GOMEZ MIGUEL', '13751596B', 615853947, NULL),
(92, 'GONZALO', 'GÓMEZ-HOYAL GONZÁLEZ', '', 651856001, NULL),
(93, 'BEATRIZ', 'CAVIA ÁLVAREZ', '', 625651103, NULL),
(94, 'MANUEL', 'TAINO', '', 0, NULL),
(95, 'CARMEN', 'DOALTO', '', 677580752, NULL),
(96, 'MARIA DEL CARMEN', 'MARTINEZ TAPIA', '13754240X', 618937895, NULL),
(97, 'JESÚS', 'GÁNDARA CORTÉS', '', 657814745, NULL),
(98, 'CARMEN', 'GARCÍA GÓMEZ', '', 675801060, NULL),
(99, 'SERAFÍN', 'ACHUTEGUI COS', '13909797H', 652059753, NULL),
(100, 'MERCEDES', 'GONZÁLEZ FRECHOSO', '13771137W', 652059753, NULL),
(101, 'REMEDIOS', 'BRAVO SUERO', '13747834K', 617502934, NULL),
(102, 'BLANCA', 'GUTIERREZ BALZATEGUI', '20188810P', 649968444, NULL),
(103, 'JAIME', 'LAMARCA FERNANDEZ', '13912811L', 649446178, NULL),
(104, 'JOSEFA', 'GONZALEZ FERNANDEZ', '13921319V', 669407135, NULL),
(105, 'MILAGROS', 'GONZÁLEZ RODRÍGUEZ', '13937680W', 628361009, NULL),
(106, 'JOAQUÍN', 'POZUETA ÁLVAREZ', '', 609553623, NULL),
(107, 'ASCENSIÓN', 'CASTILLO GARCÍA', '', 629065557, NULL),
(108, 'EVA', 'MARIA BUENO', '13941967B', 665383743, NULL),
(109, 'JOSÉ EDUARDO', 'MARTÍNEZ VITIENES', '13783134Q', 685294574, NULL),
(110, 'TOMAS', 'PALAZUELOS GOMEZ', '', 633544429, NULL),
(111, 'FERNANDO', 'BARREDO BARRIUSO', '13928723S', 664595557, NULL),
(112, 'MONTSERRAT', 'DÍAZ RAHONA', '13933620J', 601750795, NULL),
(113, 'JAVIER', 'ARECHAGA IGLESIAS', '', 0, NULL),
(114, 'RAQUEL', 'LORENZO SAEZ', '', 649151284, NULL),
(115, 'RICARDO', 'VALDOR CAMENO', '13667062W', 608757990, 'ABUELO'),
(116, 'JOSE RAMON', 'CRUZ', '', 0, NULL),
(117, 'EVA MARIA', 'AGUDO', '13769324Y', NULL, NULL),
(118, 'TERESA', 'GOMEZ LEON', '43023979H', 618396490, NULL),
(119, 'MIGUEL', 'FUENTES SAN JUAN', '', 646004882, NULL),
(120, 'Mª BELÉN', 'FERNÁNDEZ GUTIÉRREZ', '', 676811567, NULL),
(121, 'REYMIL', 'TOYO', '', 0, NULL),
(122, 'MATIAS', 'ESPINOSA', '', 612439278, NULL),
(123, 'MARIA DEL CARMEN', 'CORDERO BUENDIA', '13917733L', 601255050, NULL),
(124, 'JESÚS', 'GARCÍA PÉREZ', '13770729P', 606589848, NULL),
(125, 'MARÍA PILAR', 'SALINAS FERNÁNDEZ', '13780493C', 660759062, NULL),
(126, 'VICTORIANO MANUEL', 'QUIJANO MARTINEZ', '', 0, NULL),
(127, 'MANUELA', 'POLO MORETA', '', 661424412, NULL),
(128, 'MARGARITA', 'GERRÚ BAQUERO', '72033841A', 669324436, NULL),
(129, 'PEDRO ANTONIO', 'GONZÁLEZ', '', 0, NULL),
(130, 'IRENE', 'BAÑUELOS HOYOS', '13760132D', 610941910, NULL),
(131, 'MARIA PILAR', 'MAZORRA DE QUERO', '14938489N', 638819536, NULL),
(132, 'CARMEN', 'HORNERO GARCIA', '13764832E', 639140590, NULL),
(133, 'ANA MARÍA', 'CEBALLOS GONZÁLEZ', '', 640857156, NULL),
(134, 'SANTOS MIGUEL', 'MIRONES DÍEZ', '13721055Z', 686453044, NULL),
(135, 'OSCAR', 'ARROYO BOLADO', '', 0, NULL),
(136, 'Mª SANDRA', 'GUTIERREZ VARELA', '', 649040071, NULL),
(137, 'JOSÉ RAMÓN', 'ROBLES', '', 666806831, NULL),
(138, 'MARÍA DEL CORO', 'JIMÉNEZ', '', 615432399, NULL),
(139, 'CIRILO', 'SALAZAR TALAVERANO', '', 0, NULL),
(140, 'NORMA', 'GARCÍA PRADO', '', NULL, NULL),
(141, 'ATANASIO', 'RIAÑO PARDO', '13913301A', 650896069, NULL),
(142, 'JOSE ANTONIO', 'MACHO GUTIERREZ', '20212052C', 0, NULL),
(143, 'AMALIA', 'FERNANDEZ ALONSO', '20206327E', NULL, NULL),
(144, 'JESÚS ANTONIO', 'CANAL VAZ', '20188579F', 660424040, NULL),
(145, 'Mª DEL PILAR', 'ARROYO MIGUEL', '13789739C', 616732364, NULL),
(146, 'CONCEPCION', 'CARBONELL', '', 626820094, NULL),
(147, 'ENRIQUE', 'FERNANDEZ', '', 679933474, NULL),
(148, 'MARIA', 'LOPEZ', '', NULL, NULL),
(149, 'IGNACIO', 'BUSTAMANTE', '13757189S', 670353410, NULL),
(150, 'PILAR', 'RIOS', '13768525N', 676317661, NULL),
(151, 'PEDRO MIGUEL', 'JIMÉNEZ LÓPEZ', '72054653T', 652669898, NULL),
(152, 'ANGELITA', 'LARRALDE GARCÍA', '78884839Z', 628650100, NULL),
(153, 'FCO. JAVIER', 'CARRILES OCEJO', '', 0, NULL),
(154, 'MARIA', 'ALBERDI DE DIEGO', '', NULL, NULL),
(155, 'ADRIAN FCO. ANTONIO', 'PETIT', '11416239M', 627828641, NULL),
(156, 'Mª DEL PILAR', 'GARCÍA AGUILAR', '13781179Q', 619492131, NULL),
(157, 'LIDIA', 'MARTÍNEZ GUTIERREZ', '72098301V', 622051997, NULL),
(158, 'SANTIAGO', 'SAN MARTÍN GUTIERREZ', '13758675Y', 0, NULL),
(159, 'JOSEFINA', 'GÓMEZ TOCA', '13774244G', NULL, NULL),
(160, 'FERNANDO NICOLAS', 'LAURIA CASANOVA', '72258677Z', 609744077, NULL),
(161, 'VERONICA', 'CARINA MARTINEZ', '72258676J', 665021985, NULL),
(162, 'INGRID ZORAIDA', 'CUSTALS PEÑA', '', 654095083, NULL),
(163, 'ENRIQUE', 'CAMPOS ECHEVARRÍA', '', 607604290, NULL),
(164, 'WILLIAN', 'ANDRADE', '', 0, NULL),
(165, 'REBECA', 'GOZÁLEZ', '', 637853567, NULL),
(166, 'JOSÉ RAMÓN', 'CRESPO FERNÁNDEZ', '', 610648557, NULL),
(167, 'Mª MACARENA', 'BRINGAS PEREDA', '', 630205250, NULL),
(168, 'FELICIANO', 'COBOS BEAR', '', 617960647, NULL),
(169, 'MÓNICA', 'ENCARNACIÓN ECHEVARRÍA', '', 655709732, NULL),
(170, 'EDGAR', 'ZURITA LÓPEZ', '', 687223107, NULL),
(171, 'GISELA', 'TABORGA QUEVEDO', '', 660009005, NULL),
(172, 'ELIZABETH', 'JIMÉNEZ PÉREZ', '', 722511781, NULL),
(173, 'RAUL', 'FERNANDEZ SAN MIGUEL', '', 0, NULL),
(174, 'OFELIA JANETT', 'DAVAS SUAREZ', '', 616997372, NULL),
(175, 'GREGORIO', 'SANCHEZ GARCÍA', '72125491K', 696829010, NULL),
(176, 'MARIA ROCIO', 'CUESTA BRIZ', '72042778Q', 676240587, NULL),
(177, 'JOHNY', 'BARCIA ANGULO', '', 652379673, NULL),
(178, 'VANESSA', 'RODRÍGUEZ GIRÓN', '72280043J', 699512046, NULL),
(179, 'YARA', 'MIRANDA LOPEZ', '72081347Z', 0, NULL),
(180, 'REYTA', 'RAMIREZ', '', 696646115, NULL),
(181, 'MANUEL', 'GUILLEN NICHO', '', 0, NULL),
(182, 'MERLY', 'SEVERINO RUIZ', '', 634081692, NULL),
(183, 'FÉLIX', 'JIMÉNEZ JIMÉNEZ', '13782441J', 603716598, NULL),
(184, 'ALBERTA', 'JIMÉNEZ JIMÉNEZ', '20200748D', 662495184, NULL),
(185, 'JOSE LUIS', 'ARCE CONCHA', '', 0, NULL),
(186, 'MARIA DE LOS ANGELES', 'VÍA CANO', '', 666808436, NULL),
(187, 'CANDELA', 'LÓPEZ PASCUAL', '', 637856328, NULL),
(188, 'ANDRES', 'PADIN PERROTE', '', 0, NULL),
(189, 'EVA MARIA', 'NORIEGA BENITEZ', '', NULL, NULL),
(190, 'ANTONIO', 'BORJA BARRUL', '20192227K', 642149126, NULL),
(191, 'CATALINA', 'JIMÉNEZ GABARRE', '20196338S', 608184808, NULL),
(192, 'ANTONIO', 'BORJA BARRUL', '20192227K', 642149126, NULL),
(193, 'CATALINA', 'JIMÉNEZ GABARRE', '20196338S', 608184808, NULL),
(194, 'ANTONIO', 'BORJA BARRUL', '20192227K', 0, NULL),
(195, 'CATALINA', 'JIMÉNEZ GABARRE', '20196338S', 608184808, NULL),
(196, 'CARLOS', 'ORTA TRAVERSO', '', 629480845, NULL),
(197, 'ROSA', 'ALONSO BEDOYA', '', 686934160, NULL),
(198, 'ALFONSO', 'FERNÁNDEZ VEGA', '13915225H', 687485493, NULL),
(199, 'GODOFREDO LUCIO', 'CAMPOS CRISTIAN', '', 0, NULL),
(200, 'YULY MARISOL', 'RAMOS CELESTINO', '', NULL, NULL),
(201, 'MIGUEL', 'GARCÍA GONZÁLEZ', '', 0, NULL),
(202, 'BLANCA', 'ALONSO PÉREZ', '', 669846814, NULL),
(203, 'LUIS MARIA', 'ITURBE', '', 0, NULL),
(204, 'MARIA CONCEPCION', 'ALVARADO', '', 616892465, NULL),
(205, 'ÁNGEL', 'BALAGUER REVILLA', '13734594Y', 606575943, NULL),
(206, 'ROSA', 'BORJA BARRUL', '72059155V', 603040407, NULL),
(207, 'JUAN CARLOS', 'GONZÁLEZ GÓMEZ', '13771934V', 635352416, NULL),
(208, 'CONCEPCIÓN', 'GRACIA ARENAL', '20202913N', 662485995, NULL),
(209, 'ALVARO', 'ARRUNATEGUI NIETO', '', 0, NULL),
(210, 'LUZ MIRIAN', 'ARROYAVE RAMIREZ', '', NULL, NULL),
(211, 'ALEJANDRO', 'RICO FERNÁNDEZ', '72342369D', 648976228, NULL),
(212, 'JORGE', 'PORTILLO PORTILLO', '', 663425351, NULL),
(213, 'MAXIMA', 'OLMEDO', '', 662239484, NULL),
(214, 'MIGUEL', 'CELADA QUINTANA', '', 625910447, NULL),
(215, 'MIGDALIA', 'MORENO FERRIOL', '', 693619879, NULL),
(216, 'AHMED', 'YAHYAOUI', '', 605149501, NULL),
(217, 'ZAKIA', 'BOUDIAB', '', 633628658, NULL),
(218, 'ANGELA MARIA', 'DE LA ROSA', '72339930P', 664706717, NULL),
(219, 'LISBETH', 'CUAMO CALVO', '', 603494882, NULL),
(220, 'NOEMÍ', 'AIDE RAMOS', '', 0, NULL),
(221, 'GICA', 'CONSTANTIN', '', 643649144, NULL),
(222, 'JULIO JESUS', 'COLLAZOS RUIZ', '', 631756141, NULL),
(223, 'GLORIA LEONOR', 'FIESTAS CRUZ', '', 683244468, NULL),
(224, 'VALERU', 'STRUNGARU', '', 622553143, NULL),
(225, 'LUCIA', 'STRUNGARU', '', 622052922, NULL),
(226, 'CEZAR', 'CAFELUTE', '', 0, NULL),
(227, 'VIORICA', 'CAFELUTE', '', NULL, NULL),
(228, 'JOSÉ LUIS', 'LAVÍN PRIETO', '20216252B', 619520169, NULL),
(229, 'ESTHER', 'GUTIÉRREZ YANÉS', '', 602470909, NULL),
(230, 'RICARDO', 'SORIA AREVALO', '', 0, NULL),
(231, 'LUZ ANGELICA', 'FLORES RAMIREZ', '', NULL, NULL),
(232, 'RAMON FELIPE', 'GOMEZ AGÜERO', '13742993X', 646673998, NULL),
(233, 'JUAN ANTONIO', 'MARTÍNEZ VITIENES', '20216440S', 640170689, NULL),
(234, 'VIVIAN', 'OLIVEIRA CARVALHO', '', 611162528, NULL),
(235, 'HENRY', 'AVILA', '', 0, NULL),
(236, 'MARIA EUGENIA', 'NOVOA', '', NULL, NULL),
(237, 'ANGEL', 'LANZA VILLAR', '', 0, NULL),
(238, 'MARIA DE JESUS', 'GONZALEZ DE LANZA', '', 672379861, NULL),
(239, 'DIELIMAKAN', 'DIABATE', '', 0, NULL),
(240, 'OROKIATOU', 'KOUYATE', '', NULL, NULL),
(241, 'MUUSSA', 'TRAORE', '', 0, NULL),
(242, 'FATUMATA', 'MBAYE', '', NULL, NULL),
(243, 'ÁLVARO MAURICIO', 'CASTRO', '', 643763600, NULL),
(244, 'Mª DE LOS ÁNGELES', 'BONILLA DE CASTRO', '', 643763590, NULL),
(245, 'MARA IZA', 'BORGES DA SILVA', '', 0, NULL),
(246, 'ALVARO', 'ARRUNATEGUI NIETO', '', 0, NULL),
(247, 'LUZ MIRIAN', 'ARROYAVE RAMIREZ', '', NULL, NULL),
(251, 'Sara', 'Blanco Perez', '13254875A', 942371228, 'madre.'),
(271, 'NULL', 'NULL', '\'NULL\'', NULL, NULL),
(274, 'Sara', 'Blanco Perez', '13254875A', 667743229, '');

--
-- Índices para tablas volcadas
--

--
-- Indices de la tabla `alumnos`
--
ALTER TABLE `alumnos`
  ADD PRIMARY KEY (`dni`),
  ADD KEY `fk_alumnosDiscapa` (`discapacidad`);

--
-- Indices de la tabla `ciclos`
--
ALTER TABLE `ciclos`
  ADD PRIMARY KEY (`id`),
  ADD UNIQUE KEY `referencia` (`referencia`);

--
-- Indices de la tabla `datosbancarios`
--
ALTER TABLE `datosbancarios`
  ADD PRIMARY KEY (`id`);

--
-- Indices de la tabla `discapacidades`
--
ALTER TABLE `discapacidades`
  ADD PRIMARY KEY (`id`);

--
-- Indices de la tabla `matriculas`
--
ALTER TABLE `matriculas`
  ADD PRIMARY KEY (`id`),
  ADD KEY `fk_matriculasAlumno` (`dni_alumno`),
  ADD KEY `fk_matriculasCiclo` (`id_ciclo`),
  ADD KEY `fk_matriculasDatosBancarios` (`id_datos_bancarios`);

--
-- Indices de la tabla `modulos`
--
ALTER TABLE `modulos`
  ADD PRIMARY KEY (`id`);

--
-- Indices de la tabla `modulosciclo`
--
ALTER TABLE `modulosciclo`
  ADD PRIMARY KEY (`id`),
  ADD KEY `fk_modulocicloCiclo` (`id_ciclo`),
  ADD KEY `fk_modulocicloModulo` (`id_modulo`);

--
-- Indices de la tabla `modulosmatricula`
--
ALTER TABLE `modulosmatricula`
  ADD PRIMARY KEY (`id`),
  ADD KEY `fk_modulosmatriculaMatriculas` (`id_matricula`),
  ADD KEY `fk_modulosmatriculaModulos` (`id_modulo`);

--
-- Indices de la tabla `responsables`
--
ALTER TABLE `responsables`
  ADD PRIMARY KEY (`id`),
  ADD KEY `fk_responablesAlumno` (`dni_alumno`),
  ADD KEY `UK_responsables_id_tutor` (`id_tutor`) USING BTREE;

--
-- Indices de la tabla `tutores`
--
ALTER TABLE `tutores`
  ADD PRIMARY KEY (`id`),
  ADD UNIQUE KEY `UQ_Nombre_Apellidos` (`nombre`,`apellidos`);

--
-- Indices de la tabla `tutores_copia`
--
ALTER TABLE `tutores_copia`
  ADD PRIMARY KEY (`id`);

--
-- AUTO_INCREMENT de las tablas volcadas
--

--
-- AUTO_INCREMENT de la tabla `ciclos`
--
ALTER TABLE `ciclos`
  MODIFY `id` int(11) NOT NULL AUTO_INCREMENT, AUTO_INCREMENT=8;

--
-- AUTO_INCREMENT de la tabla `datosbancarios`
--
ALTER TABLE `datosbancarios`
  MODIFY `id` int(11) NOT NULL AUTO_INCREMENT, AUTO_INCREMENT=3;

--
-- AUTO_INCREMENT de la tabla `discapacidades`
--
ALTER TABLE `discapacidades`
  MODIFY `id` int(11) NOT NULL AUTO_INCREMENT, AUTO_INCREMENT=11;

--
-- AUTO_INCREMENT de la tabla `matriculas`
--
ALTER TABLE `matriculas`
  MODIFY `id` int(11) NOT NULL AUTO_INCREMENT, AUTO_INCREMENT=84;

--
-- AUTO_INCREMENT de la tabla `modulos`
--
ALTER TABLE `modulos`
  MODIFY `id` int(11) NOT NULL AUTO_INCREMENT, AUTO_INCREMENT=68;

--
-- AUTO_INCREMENT de la tabla `modulosciclo`
--
ALTER TABLE `modulosciclo`
  MODIFY `id` int(11) NOT NULL AUTO_INCREMENT, AUTO_INCREMENT=72;

--
-- AUTO_INCREMENT de la tabla `modulosmatricula`
--
ALTER TABLE `modulosmatricula`
  MODIFY `id` int(11) NOT NULL AUTO_INCREMENT, AUTO_INCREMENT=100;

--
-- AUTO_INCREMENT de la tabla `responsables`
--
ALTER TABLE `responsables`
  MODIFY `id` int(11) NOT NULL AUTO_INCREMENT, AUTO_INCREMENT=256;

--
-- AUTO_INCREMENT de la tabla `tutores`
--
ALTER TABLE `tutores`
  MODIFY `id` int(11) NOT NULL AUTO_INCREMENT, AUTO_INCREMENT=253;

--
-- AUTO_INCREMENT de la tabla `tutores_copia`
--
ALTER TABLE `tutores_copia`
  MODIFY `id` int(11) NOT NULL AUTO_INCREMENT, AUTO_INCREMENT=275;

--
-- Restricciones para tablas volcadas
--

--
-- Filtros para la tabla `alumnos`
--
ALTER TABLE `alumnos`
  ADD CONSTRAINT `fk_alumnosDiscapa` FOREIGN KEY (`discapacidad`) REFERENCES `discapacidades` (`id`);

--
-- Filtros para la tabla `matriculas`
--
ALTER TABLE `matriculas`
  ADD CONSTRAINT `fk_matriculasAlumno` FOREIGN KEY (`dni_alumno`) REFERENCES `alumnos` (`dni`),
  ADD CONSTRAINT `fk_matriculasCiclo` FOREIGN KEY (`id_ciclo`) REFERENCES `ciclos` (`id`),
  ADD CONSTRAINT `fk_matriculasDatosBancarios` FOREIGN KEY (`id_datos_bancarios`) REFERENCES `datosbancarios` (`id`);

--
-- Filtros para la tabla `modulosciclo`
--
ALTER TABLE `modulosciclo`
  ADD CONSTRAINT `fk_modulocicloCiclo` FOREIGN KEY (`id_ciclo`) REFERENCES `ciclos` (`id`),
  ADD CONSTRAINT `fk_modulocicloModulo` FOREIGN KEY (`id_modulo`) REFERENCES `modulos` (`id`);

--
-- Filtros para la tabla `modulosmatricula`
--
ALTER TABLE `modulosmatricula`
  ADD CONSTRAINT `fk_modulosmatriculaMatriculas` FOREIGN KEY (`id_matricula`) REFERENCES `matriculas` (`id`),
  ADD CONSTRAINT `fk_modulosmatriculaModulos` FOREIGN KEY (`id_modulo`) REFERENCES `modulosciclo` (`id`);

--
-- Filtros para la tabla `responsables`
--
ALTER TABLE `responsables`
  ADD CONSTRAINT `fk_responablesAlumno` FOREIGN KEY (`dni_alumno`) REFERENCES `alumnos` (`dni`);
COMMIT;

/*!40101 SET CHARACTER_SET_CLIENT=@OLD_CHARACTER_SET_CLIENT */;
/*!40101 SET CHARACTER_SET_RESULTS=@OLD_CHARACTER_SET_RESULTS */;
/*!40101 SET COLLATION_CONNECTION=@OLD_COLLATION_CONNECTION */;
